id,section,also_in,track_name,artist,release_year,spotify_url,gazetteer_place,gazetteer_type,gazetteer_conf
1,playlists,,,,0000,https://open.spotify.com/track/5zsYi7UV1om6QstJ330ru7,,,
2,playlists,,Ain't Shit Nigga,$ilkMoney,2018,https://open.spotify.com/track/1PhhmrsJ4cXnEn6tJcoQCF,,,
3,playlists,,B.a.F,$ilkMoney,2018,https://open.spotify.com/track/14X3MgpUp5KLlU0RGs6wy7,,,
4,playlists,,Casket,$ilkMoney,2018,https://open.spotify.com/track/166PuWA24Iy9Mx2yEFzCr5,,,
5,playlists,,Kitt-Katt,$ilkMoney,2018,https://open.spotify.com/track/7uTNrj5hlcRrctakrHtDgh,,,
6,playlists,,Lorraine Motel,$ilkMoney,2018,https://open.spotify.com/track/0uic9TLbas0JHILjmHR4GY,,,
7,playlists,,My Forte,$ilkMoney,2018,https://open.spotify.com/track/4NkJaaiCGDR5NzqPZXUkn5,,,
8,playlists,,Naga,$ilkMoney,2018,https://open.spotify.com/track/0p9grHe7l8mBtKKNtMkqBi,Naga,city,high
9,playlists,,Pussy so Good,$ilkMoney,2018,https://open.spotify.com/track/1hbv1eZW2OiW4xskMGhG4h,,,
10,playlists,,Why Lie (10 Million Ways to Die),$ilkMoney,2018,https://open.spotify.com/track/5AbN1cPC2ueppALGKsQSs7,,,
11,playlists,,Doja,"$NOT, A$AP Rocky",2022,https://open.spotify.com/track/3zpGLSQ8QbbUnNjweWPLMD,,,
12,playlists,,"10,000 Degrees",$uicideboy$,2018,https://open.spotify.com/track/4nutwPQrK56fFmrAMgyPhz,,,
13,playlists,,122 Days,$uicideboy$,2018,https://open.spotify.com/track/1ZKueMWFwl6qPxczBLqJII,,,
14,playlists,,Bring Out Your Dead,$uicideboy$,2018,https://open.spotify.com/track/7v2azTfke2BR57lh2HxPQo,,,
15,playlists,,Carrollton,$uicideboy$,2018,https://open.spotify.com/track/7wPHEEGn0rWMZEDrDcOaDa,Carrollton,city,high
16,playlists,,Coma,$uicideboy$,2018,https://open.spotify.com/track/5SJUjbpVLHbiRTXZ5oLsa6,,,
17,playlists,,FUCK the Industry,$uicideboy$,2018,https://open.spotify.com/track/1kplm95KV4UuZ2JTbfzKiO,,,
18,playlists,,I No Longer Fear The Razor Guarding My Heel (IV),$uicideboy$,2018,https://open.spotify.com/track/6qqVvmMtIeEKR0ZWX5B6rW,,,
19,playlists,,Kill Yourself (Part III),$uicideboy$,2015,https://open.spotify.com/track/5XAPpyIoYF3QXP34Hv8Pvx,,,
20,playlists,,King Tulip,$uicideboy$,2018,https://open.spotify.com/track/0fyBYsrmpihh1mfalssDlB,,,
21,playlists,,Krewe du Vieux (Comedy & Tragedy),$uicideboy$,2018,https://open.spotify.com/track/6xK3445FiGsdE9tdnRWkRD,,,
22,playlists,,Long Gone (Save Me From This Hell),$uicideboy$,2018,https://open.spotify.com/track/1cZfcbIJLHaJ0cXdsqAufP,,,
23,playlists,,Meet Mr. NICEGUY,$uicideboy$,2018,https://open.spotify.com/track/6VFKlX5qzxwmIiezqeqNYG,,,
24,playlists,,Nicotine Patches,$uicideboy$,2018,https://open.spotify.com/track/53AiGAa0Qi2VbX7eUpur1U,,,
25,playlists,,Phantom Menace,$uicideboy$,2018,https://open.spotify.com/track/6oyeeA0sHwHM1pPpZaIsrD,,,
26,playlists,,WAR TIME ALL THE TIME,$uicideboy$,2018,https://open.spotify.com/track/0muyqlnerINIqPQ3rTMAaI,,,
27,playlists,,Aliens Are Ghosts ($UICIDEBOY$ X TRAVIS BARKER),"$uicideboy$, Travis Barker",2019,https://open.spotify.com/track/6cuB7tqSIF9lblpAbULfid,,,
28,playlists,,nothingleftnothingleft ($UICIDEBOY$ X TRAVIS BARKER),"$uicideboy$, Travis Barker",2019,https://open.spotify.com/track/1rxjQ2gb0kt8a50xRruVKK,,,
29,playlists,,Sour Grapes ($UICIDEBOY$ X TRAVIS BARKER),"$uicideboy$, Travis Barker",2019,https://open.spotify.com/track/6VCiop8l5OWssezYim0cp7,,,
30,playlists,,DON'T TRUST ANYONE! ($UICIDEBOY$ X TRAVIS BARKER),"$uicideboy$, Travis Barker, MUNKY",2019,https://open.spotify.com/track/0hQKr3CzjSchSyriQbBAJf,,,
31,playlists,,Individuality Was So Last Year ($UICIDEBOY$ X TRAVIS BARKER),"$uicideboy$, Travis Barker, MUNKY",2019,https://open.spotify.com/track/5LW6zWlfiNZebRlg1pgZ5a,,,
32,playlists,,Killing 2 Birds With 22 Stones ($UICIDEBOY$ X TRAVIS BARKER),"$uicideboy$, Travis Barker, MUNKY",2019,https://open.spotify.com/track/5rxrXQ6V5CXu9doBCd67qD,,,
33,playlists,,Black Dress,070 Shake,2023,https://open.spotify.com/track/4pchG0mOBAJoXXu1vmwyTY,,,
34,playlists,,Flight319,070 Shake,2020,https://open.spotify.com/track/0Yjk3HrIV428JI3E54dfQV,,,
35,playlists,,Guilty Conscience,070 Shake,2020,https://open.spotify.com/track/50aTwBKhPD3D3BW04UtjmA,,,
36,playlists,,Morrow,070 Shake,2019,https://open.spotify.com/track/6C7BEl8GiJVZbqbsRktedx,,,
37,playlists,,Nice To Have,070 Shake,2019,https://open.spotify.com/track/6ZXqxWmrcUBSnBbnVq5Gl0,,,
38,playlists,,Skin and Bones,070 Shake,2022,https://open.spotify.com/track/6slWOE0SO6HjBH0fNd13YB,,,
39,playlists,,Under The Moon,070 Shake,2019,https://open.spotify.com/track/3RDgzyHD6uMNdCVnQIkD32,,,
40,playlists,,Rewind,"070 Shake, Lil Yachty",2016,https://open.spotify.com/track/4xxidAHoXSKLNWPd5dEGrd,,,
41,playlists,,Lose My Cool (feat. NLE Choppa),"070 Shake, NLE Choppa",2021,https://open.spotify.com/track/31UJNSt6tUbROThjfaAZfT,,,
42,playlists,,Sunday Night,"070 Shake, Phi",2016,https://open.spotify.com/track/1R69FDYYnNvNOdigumPi7N,,,
43,playlists,,Honey,"070 Shake, Ralphy River, Hack & Tree",2016,https://open.spotify.com/track/0PoMoPqIJxe6H0rDMnpGP8,,,
44,playlists,,"ringtone (Remix) [feat. Charli XCX, Rico Nasty, Kero Kero Bonito]","100 gecs, Charli xcx, Rico Nasty, Kero Kero Bonito",2020,https://open.spotify.com/track/2T93MtJuKMzcGRTR8fdizV,,,
45,playlists,,hand crushed by a mallet,"100 gecs, Laura Les, Dylan Brady",2019,https://open.spotify.com/track/7CUkeiG7QtB7tPU9f8SANS,,,
46,playlists,,money machine,"100 gecs, Laura Les, Dylan Brady",2019,https://open.spotify.com/track/61bwFjzXGG1x2aZsANdLyl,,,
47,playlists,,Drugs (I Feel Like Dying),12AM,2020,https://open.spotify.com/track/4UPOoI0QZWjLKnpndogWVC,,,
48,playlists,,LONG in the tOOth (feat. Pos of De La Soul & The Budos Band),"1999 WRITE THE FUTURE, De La Soul, Warren Hue, Pos of De La Soul, The Budos Band",2024,https://open.spotify.com/track/3uuHziBAae2rrMO5BwKpu8,,,
49,playlists,,SLOPES,"1999 WRITE THE FUTURE, Offset, Warren Hue",2024,https://open.spotify.com/track/6d9toX1QCK6w2eIagLm8fa,,,
50,playlists,,No Fucks (feat. Sueco The Child and AzChike),"1takejay, Sueco, AZ Chike",2019,https://open.spotify.com/track/1xEcsGNqeAeeB5Yx2gmFRJ,,,
51,playlists,,Limosina,"1tbsp, Cherry Chola",2024,https://open.spotify.com/track/3uE2CHkhqSk2UZdKNb4dUl,,,
52,playlists,,Ghetto,2 Chainz,2016,https://open.spotify.com/track/5BpsumWhHuLTeR11R0cZVK,,,
53,playlists,,Hot Wings,2 Chainz,2018,https://open.spotify.com/track/728wpR0sdHsE8rrAngOKMS,,,
54,playlists,,I Said Me,2 Chainz,2019,https://open.spotify.com/track/0Ek0FqiDPgg1kZlF3lwlEA,,,
55,playlists,,Money In The Way,2 Chainz,2019,https://open.spotify.com/track/1Du1gIiBziiR6SUx3gnSvr,,,
56,playlists,,NCAA,2 Chainz,2019,https://open.spotify.com/track/2jXpiTuwwWbCSvpkKwCfwc,,,
57,playlists,,NO TV,2 Chainz,2020,https://open.spotify.com/track/78KiqdSnQIGiJzOJRQMs8G,,,
58,playlists,,Ounces Back,2 Chainz,2016,https://open.spotify.com/track/0217WdjB21k6DaSoBuirFv,,,
59,playlists,,Sam,2 Chainz,2019,https://open.spotify.com/track/2yD7qoervWPBLatUmjO5F7,,,
60,playlists,,Statute Of Limitations,2 Chainz,2019,https://open.spotify.com/track/7xyiNzgTaaohnXHjKO4TXp,,,
61,playlists,,Threat 2 Society,2 Chainz,2019,https://open.spotify.com/track/00BNT97AtJ5aB8SSsE5xGH,,,
62,playlists,,Million Dollars Worth of Game (feat. 42 Dugg),"2 Chainz, 42 Dugg",2022,https://open.spotify.com/track/3IZWCcD1FYpyeY3ki2VUmL,,,
63,playlists,,Rule The World (feat. Ariana Grande),"2 Chainz, Ariana Grande",2019,https://open.spotify.com/track/1R6VwZ8TuHRzxZUxe88n4I,,,
64,playlists,,Wreck (feat. Big Sean),"2 Chainz, Big Sean",2021,https://open.spotify.com/track/6fSRCnfSfTBCbgoa6Nwhim,,,
65,playlists,,"I'm Not Crazy, Life Is (feat. Chance The Rapper, Kodak Black)","2 Chainz, Chance the Rapper, Kodak Black",2019,https://open.spotify.com/track/3hYKgk38xGR6pGjgTkFN99,,,
66,playlists,,Big Amount,"2 Chainz, Drake",2016,https://open.spotify.com/track/2YukSs43GglmjdcFbEF8l2,,,
67,playlists,,Bigger Than You (feat. Drake & Quavo),"2 Chainz, Drake, Quavo",2018,https://open.spotify.com/track/5S1IUPueD0xE0vj4zU3nSf,Thān,city,medium
68,playlists,,Dead Man Walking (feat. Future),"2 Chainz, Future",2020,https://open.spotify.com/track/35Ycb1cMPK6tyNMsTepijg,,,
69,playlists,,Feel A Way (feat. Kanye West & Brent Faiyaz),"2 Chainz, Kanye West, Brent Faiyaz",2020,https://open.spotify.com/track/1GxoFQZxD7tFhQFUD9F0dD,,,
70,playlists,,Momma I Hit A Lick (feat. Kendrick Lamar),"2 Chainz, Kendrick Lamar",2019,https://open.spotify.com/track/7jKUnzzOGhAlPjr7LkIUlE,,,
71,playlists,,Long Story Short (with Lil Wayne),"2 Chainz, Lil Wayne",2023,https://open.spotify.com/track/2jmdxJ60YfV3fVemuLz7pD,,,
72,playlists,,Money Maker (feat. Lil Wayne),"2 Chainz, Lil Wayne",2020,https://open.spotify.com/track/066sCXoiZWG6xMsoLj1eSi,,,
73,playlists,,"2 Dollar Bill (feat. Lil Wayne, E-40)","2 Chainz, Lil Wayne, E-40",2019,https://open.spotify.com/track/5TTLIG6IKMMcLR3iLYHHYb,,,
74,playlists,,Forgiven (feat. Marsha Ambrosius),"2 Chainz, Marsha Ambrosius",2019,https://open.spotify.com/track/6f6xUMBUrXYK3JrlXXCm3R,,,
75,playlists,,Devil Just Trying to Be Seen,"2 Chainz, Skooly",2020,https://open.spotify.com/track/0nw55ORlniqVxPQ0pLcmOQ,,,
76,playlists,,4 AM,"2 Chainz, Travis Scott",2017,https://open.spotify.com/track/4r4PJQBHAE0bIKCjunhTgd,,,
77,playlists,,Whip (feat. Travis Scott),"2 Chainz, Travis Scott",2019,https://open.spotify.com/track/6Z4rmc0uujCpl8yXe3yjgI,,,
78,playlists,,Girl's Best Friend (feat. Ty Dolla $ign),"2 Chainz, Ty Dolla $ign",2018,https://open.spotify.com/track/6oQ9ydbf6sGTI3JFj8XePl,,,
79,playlists,,Can't Go For That (feat. Lil Duval),"2 Chainz, Ty Dolla $ign, Lil Duval",2020,https://open.spotify.com/track/1W1pokpC4XLVjVMXUCWi5l,,,
80,playlists,,It's A Vibe,"2 Chainz, Ty Dolla $ign, Trey Songz, Jhené Aiko",2017,https://open.spotify.com/track/6H0AwSQ20mo62jGlPGB8S6,,,
81,playlists,,Sofa (feat. Wiz Khalifa),"2 Chainz, Wiz Khalifa",2021,https://open.spotify.com/track/4oDk50aod7bLP5ITdshUr5,,,
82,playlists,,You In Luv Wit Her,"2 Chainz, YFN Lucci",2016,https://open.spotify.com/track/1IToQdEGaCtKFBAgDIxLSN,,,
83,playlists,,PROUD,"2 Chainz, YG, Offset",2018,https://open.spotify.com/track/365wwIjijQdlRJEjUWTidq,,,
84,playlists,,High Top Versace (feat. Young Thug),"2 Chainz, Young Thug",2019,https://open.spotify.com/track/40wyhIkaVvuZUAbAiTOkHI,,,
85,playlists,,Hoochie Mama,2 LIVE CREW,1997,https://open.spotify.com/track/0ioFIQXbTUaliQpsJyX4zN,,,
86,playlists,,1.5,21 Savage,2018,https://open.spotify.com/track/2wOXxtHZgRkkrkEbKLzzqs,,,
87,playlists,,4L,21 Savage,2018,https://open.spotify.com/track/1uULQtJ8rbsX5TwjPpPc9Q,,,
88,playlists,,a lot,21 Savage,2018,https://open.spotify.com/track/2t8yVaLvJ0RenpXUIAC52d,,,
89,playlists,,a&t,21 Savage,2018,https://open.spotify.com/track/6ho88pvz4c8WCSFbdVXNia,,,
90,playlists,,all my friends,21 Savage,2018,https://open.spotify.com/track/4paAidoE8VAemwU4jgCc6l,,,
91,playlists,,asmr,21 Savage,2018,https://open.spotify.com/track/2QgfDF0fQ4sskDthP8MG5w,,,
92,playlists,,ball w/o you,21 Savage,2018,https://open.spotify.com/track/50a8bKqlwDEqeiEknrzkTO,,,
93,playlists,,break da law,21 Savage,2018,https://open.spotify.com/track/5ZSIExfQuVv69tw5Qw3yDl,,,
94,playlists,,can't leave without it,21 Savage,2018,https://open.spotify.com/track/0hPLZrnDgtKxrym1BHjDhd,,,
95,playlists,,good day,21 Savage,2018,https://open.spotify.com/track/2LqoYvMudv9xoTqNLFKILj,,,
96,playlists,,gun smoke,21 Savage,2018,https://open.spotify.com/track/4f1XXGjZZ9EkFkrbPJek6X,,,
97,playlists,,Immortal,21 Savage,2019,https://open.spotify.com/track/4IO8X9W69dIQe0EC5ALXhq,,,
98,playlists,,letter 2 my momma,21 Savage,2018,https://open.spotify.com/track/55xNjVrGJxgqcEFqCyejTM,,,
99,playlists,,monster,21 Savage,2018,https://open.spotify.com/track/2FUNBaa5DwItJtYEBgAblU,,,
100,playlists,,out for the night,21 Savage,2018,https://open.spotify.com/track/0ZKKJTv21zJpNrKiL0LYyV,,,
101,playlists,,pad lock,21 Savage,2018,https://open.spotify.com/track/5stbfxsPi8gcOH2LCuA4Le,,,
102,playlists,,redrum,21 Savage,2024,https://open.spotify.com/track/52eIcoLUM25zbQupAZYoFh,,,
103,playlists,,Spiral,21 Savage,2021,https://open.spotify.com/track/2YMCSqTmBTtcYA8dyUCvbT,,,
104,playlists,,Bad Guy,"21 Savage, Metro Boomin",2016,https://open.spotify.com/track/5TvdhNXoHbeGeWtjCYhFuy,,,
105,playlists,,Feel It,"21 Savage, Metro Boomin",2016,https://open.spotify.com/track/4ujX9kC3UUp26MG0tPhUCz,,,
106,playlists,,Glock In My Lap,"21 Savage, Metro Boomin",2020,https://open.spotify.com/track/6pcywuOeGGWeOQzdUyti6k,,,
107,playlists,,Mad High,"21 Savage, Metro Boomin",2016,https://open.spotify.com/track/6hEHxpZpvZwt1v4NoGwjKr,,,
108,playlists,,No Advance,"21 Savage, Metro Boomin",2016,https://open.spotify.com/track/2kE82JhBcoS7mimFO1SqqX,,,
109,playlists,,No Heart,"21 Savage, Metro Boomin",2016,https://open.spotify.com/track/4gmmRb6bZJffOOiww1JGTO,,,
110,playlists,,Ocean Drive,"21 Savage, Metro Boomin",2016,https://open.spotify.com/track/1UyLFPOIG7E1OfamPQLOfD,Ocean Drive,street,high
111,playlists,,Real Nigga,"21 Savage, Metro Boomin",2016,https://open.spotify.com/track/5V57eUQoTrMCZqonhzi8B9,,,
112,playlists,,Runnin,"21 Savage, Metro Boomin",2020,https://open.spotify.com/track/5SWnsxjhdcEDc7LJjq9UHk,,,
113,playlists,,Savage Mode,"21 Savage, Metro Boomin",2016,https://open.spotify.com/track/52hRcWmjRNFuVJv3Qi7EeF,,,
114,playlists,,Slidin,"21 Savage, Metro Boomin",2020,https://open.spotify.com/track/7fxSLnklnayJNBIKntXedZ,,,
115,playlists,,Steppin On Niggas,"21 Savage, Metro Boomin",2020,https://open.spotify.com/track/7FtZFla3ZH6PqsAJ9MvVCM,,,
116,playlists,,Mr. Right Now (feat. Drake),"21 Savage, Metro Boomin, Drake",2020,https://open.spotify.com/track/4Q34FP1AT7GEl9oLgNtiWj,,,
117,playlists,,X (feat. Future),"21 Savage, Metro Boomin, Future",2016,https://open.spotify.com/track/6fwdbPMwP1zVStm8FybmkO,,,
118,playlists,,Rap Saved Me (feat. Quavo),"21 Savage, Offset, Metro Boomin, Quavo",2017,https://open.spotify.com/track/0tdCy39PgWN8LFWu34ORn3,,,
119,playlists,,Lazy Susan (with Rich Brian feat. Warren Hue & Masiwei,"21 Savage, Rich Brian, Warren Hue, Masiwei",2021,https://open.spotify.com/track/6teBCH8XT3igUdKHWuWuPY,,,
120,playlists,,Secret (feat. Summer Walker),"21 Savage, Summer Walker",2020,https://open.spotify.com/track/67lKDoCZbRCJDa4RT68eme,,,
121,playlists,,red sky,"21 Savage, Tommy Newport, Mikky Ekko",2024,https://open.spotify.com/track/4yLyVdEqV790aIXyGif85v,,,
122,playlists,,née-nah,"21 Savage, Travis Scott, Metro Boomin",2024,https://open.spotify.com/track/2yUzr8Sr6ldG8vmHhZwTnz,,,
123,playlists,,In My Bag,"24hrs, MadeinTYO",2019,https://open.spotify.com/track/4kYT9hYlLZSG4TWEcp2axm,,,
124,playlists,,A LOT TO LOSE,24kGoldn,2019,https://open.spotify.com/track/4l1pEoIJvTP4eJzvuoHI4U,,,
125,playlists,,Coco (feat. DaBaby),"24kGoldn, DaBaby",2020,https://open.spotify.com/track/2V6pjeOCuPBVlatcWTXUtP,,,
126,playlists,,Mood (feat. iann dior),"24kGoldn, iann dior",2020,https://open.spotify.com/track/3tjFYV6RSFtuktYl3ZtYcq,,,
127,playlists,,say it again,2hollis,2024,https://open.spotify.com/track/3KRsMB7fhDHi9RAlBKhVaH,,,
128,playlists,,Like This,"2KBABY, Marshmello",2021,https://open.spotify.com/track/2M2Pug4zwMialHSwACPlU1,,,
129,playlists,,Life Goes On,2Pac,1996,https://open.spotify.com/track/2bUojZta7GJTjGAqo064jo,,,
130,playlists,,How Do U Want It,"2Pac, K-Ci & JoJo",1998,https://open.spotify.com/track/1ZB2zIoc8AjSuyqKRcJgbO,,,
131,playlists,,California Love - Original Version,"2Pac, Roger, Dr. Dre",1998,https://open.spotify.com/track/2eU63GLRBeMOszGRTCEE9E,California,us_state,high
132,playlists,,DONTTRUSTME,3OH!3,2008,https://open.spotify.com/track/5jzX4dWVQeBTtfBaXnMRt5,,,
133,playlists,,My First Kiss (feat. Ke$ha),"3OH!3, Kesha",2010,https://open.spotify.com/track/17tDv8WA8IhqE8qzuQn707,,,
134,playlists,,Maybach (feat. Future),"42 Dugg, Future",2021,https://open.spotify.com/track/2Qt8qG9SWPdtRiaWcPNJRm,,,
135,playlists,,4 Da Gang (with Roddy Ricch),"42 Dugg, Roddy Ricch",2021,https://open.spotify.com/track/09QVXSwGUMJeymOzobFL3u,,,
136,playlists,,Don't You Like It?,49th & Main,2020,https://open.spotify.com/track/6u0TL1wqLwuPDAjZeB95R4,,,
137,playlists,,act ii: date @ 8,4batz,2023,https://open.spotify.com/track/4HMop4Re0iucehmF7mgV27,,,
138,playlists,,act iii: on god? (she like),4batz,2024,https://open.spotify.com/track/30uO152on2tYWoE99VaEL5,,,
139,playlists,,Best Friend,50 Cent,2005,https://open.spotify.com/track/7jdzEA44GdSp4laVCF3Ztw,,,
140,playlists,,In Da Club,50 Cent,2003,https://open.spotify.com/track/4RY96Asd9IefaL3X4LOLZ8,,,
141,playlists,,No Romeo No Juliet,"50 Cent, Chris Brown",2016,https://open.spotify.com/track/316YI8bde4RlWrLODlEiSn,,,
142,playlists,,21 Questions,"50 Cent, Nate Dogg",2003,https://open.spotify.com/track/70FCugJxa7XW04Np6iYJdI,,,
143,playlists,,Candy Shop,"50 Cent, Olivia",2005,https://open.spotify.com/track/2mpFm3f7QmdsVtSAIICEB7,,,
144,playlists,,4 Da Trap,645AR,2020,https://open.spotify.com/track/5sF13EvLGv5qHFiMuGnMTF,,,
145,playlists,,Yoga,645AR,2020,https://open.spotify.com/track/2DiybJZJGXyV1UYmngo3eq,Yōga,city,medium
146,playlists,,GUMMO,6ix9ine,2017,https://open.spotify.com/track/2vjmyyAnDUzilFYxOlTdO1,,,
147,playlists,,KOODA,6ix9ine,2017,https://open.spotify.com/track/5NT0aZqWImC9fTzkW4z48o,,,
148,playlists,,WONDO,6ix9ine,2018,https://open.spotify.com/track/3jHsYztlhj1GunIF6yIePH,,,
149,playlists,,WAKA,"6ix9ine, A Boogie Wit da Hoodie",2018,https://open.spotify.com/track/6o79O9qBP3OAkWOXajAQIS,Waka,city,medium
150,playlists,,BEBE,"6ix9ine, Anuel AA",2018,https://open.spotify.com/track/4KkUjFkcQvGvWekl8RATDn,,,
151,playlists,,MALA,"6ix9ine, Anuel AA",2018,https://open.spotify.com/track/0LQ1J0BCzA2qnAgp9MkkNE,Mala,city,medium
152,playlists,,STOOPID,"6ix9ine, Bobby Shmurda",2018,https://open.spotify.com/track/6k2iq1yULhXILe0i8xQqPF,,,
153,playlists,,TATI,"6ix9ine, DJ SpinKing",2018,https://open.spotify.com/track/6wJrqTE6c4NtfDqAcSRcBf,,,
154,playlists,,FEEFA,"6ix9ine, Gunna",2018,https://open.spotify.com/track/26jYPsHHSOxCTz4cLt6SbQ,,,
155,playlists,,KANGA,"6ix9ine, Kanye West",2018,https://open.spotify.com/track/0EwS8XJQspgrj1zSUXhFkl,,,
156,playlists,,TIC TOC,"6ix9ine, Lil Baby",2018,https://open.spotify.com/track/4m5Cd9kAbIxg6t9sMrQWtk,,,
157,playlists,,MAMA,"6ix9ine, Nicki Minaj, Kanye West",2018,https://open.spotify.com/track/1oJ8EDr2pv94IvSd6ZmDgo,,,
158,playlists,,FEFE,"6ix9ine, Nicki Minaj, Murda Beatz",2018,https://open.spotify.com/track/4QIyEq7TcTdAcxjI2AFlAK,,,
159,playlists,,KIKA,"6ix9ine, Tory Lanez",2018,https://open.spotify.com/track/6Gy7rXB6Ku5vIWC7WGWsl3,,,
160,playlists,,DUMMY,"6ix9ine, TrifeDrew",2018,https://open.spotify.com/track/3uPuEFKEzGTn628CCQZUCF,,,
161,playlists,,Alone / EA6,6LACK,2016,https://open.spotify.com/track/30pQcmgQdggbR2Bj7xb11k,,,
162,playlists,,ATL Freestyle,6LACK,2020,https://open.spotify.com/track/6tfEKQWSonINLZgXEQ9aRK,,,
163,playlists,,Bless Me,6LACK,2016,https://open.spotify.com/track/2QUkDpFgjXHcilqVkjixEe,,,
164,playlists,,Disconnect,6LACK,2018,https://open.spotify.com/track/5dgkSJAuFXZnwz7OAFUnIk,,,
165,playlists,,Ex Calling,6LACK,2016,https://open.spotify.com/track/2RwmsAOxtiRezQPmvyejb8,,,
166,playlists,,Float,6LACK,2020,https://open.spotify.com/track/7JIBZYOZ4iXnEIoYlhy5nT,,,
167,playlists,,Free,6LACK,2016,https://open.spotify.com/track/4gFLcketBkdCcULMwZ1yHt,,,
168,playlists,,Gettin' Old,6LACK,2016,https://open.spotify.com/track/1msKHRZdGfWab5Po1vZvyY,,,
169,playlists,,Learn Ya,6LACK,2016,https://open.spotify.com/track/6zi8ozR3RVkNNvPM9b0dNd,,,
170,playlists,,Let Her Go,6LACK,2018,https://open.spotify.com/track/0CIGZEXjZ8L52lOrqUljJt,,,
171,playlists,,Loaded Gun,6LACK,2018,https://open.spotify.com/track/1wb7Mqon4o1ViLjaLV9f8U,,,
172,playlists,,Luving U,6LACK,2016,https://open.spotify.com/track/2X1EWoKi6oqSMfi0CxorOY,,,
173,playlists,,Mean It,6LACK,2023,https://open.spotify.com/track/7B4XVwdxXFJ3yzz2BtJPmf,,,
174,playlists,,MTFU,6LACK,2016,https://open.spotify.com/track/6R6d2iN6rHbtmEBKmf67wa,,,
175,playlists,,Never Know,6LACK,2016,https://open.spotify.com/track/5rU5F2RRAjypdeFRMi8l4E,,,
176,playlists,,Nonchalant,6LACK,2018,https://open.spotify.com/track/7c3K8ifIoaVZ2MSUuGo0Co,,,
177,playlists,,PRBLMS,6LACK,2016,https://open.spotify.com/track/2wf9bp4MkChojtljddWpbO,,,
178,playlists,,Rent Free,6LACK,2021,https://open.spotify.com/track/1NKilzEyipTC34AHEMnKAl,,,
179,playlists,,Rules,6LACK,2016,https://open.spotify.com/track/5PjvRvebhvBCaEIlZdg2un,,,
180,playlists,,Scripture,6LACK,2018,https://open.spotify.com/track/6kUZRNGYywoULRpI2QpI6t,,,
181,playlists,,Since I Have A Lover,6LACK,2023,https://open.spotify.com/track/1qtwebmDBKPQEggSKGoSfy,,,
182,playlists,,Sorry,6LACK,2018,https://open.spotify.com/track/2xRyZfWe9bnRfH1ZfhYO98,,,
183,playlists,,Stan,6LACK,2018,https://open.spotify.com/track/1mggAh6xgnKUT6ukw3AU9A,,,
184,playlists,,Switch,6LACK,2018,https://open.spotify.com/track/29ZZAShKhwRUuKULSNtxX6,,,
185,playlists,,Thugger’s Interlude,6LACK,2018,https://open.spotify.com/track/7FpP1wsVrrdrmZ5JTZQgDA,,,
186,playlists,,Unfair,6LACK,2018,https://open.spotify.com/track/3Q33RhbyoFul9LdKKjticI,,,
187,playlists,,Worst Luck,6LACK,2016,https://open.spotify.com/track/4G9rNDqN6vS6AddA8yDHLb,,,
188,playlists,,East Atlanta Love Letter (feat. Future),"6LACK, Future",2018,https://open.spotify.com/track/6rJmWa5DvQ3Nby3tdcX2L0,Atlanta,city,high
189,playlists,,Pretty Little Fears (feat. J. Cole),"6LACK, J. Cole",2018,https://open.spotify.com/track/4at3d5QWnlibMVN75ECDrp,,,
190,playlists,,Homicide (with Jessie Reyez),"6LACK, Jessie Reyez",2023,https://open.spotify.com/track/2vVUevSgxbWBub5zW7rQPO,,,
191,playlists,,Seasons (feat. Khalid),"6LACK, Khalid",2018,https://open.spotify.com/track/1AROE0XcC4ySCxXF65mutZ,,,
192,playlists,,Balenciaga Challenge (feat. Offset),"6LACK, Offset",2018,https://open.spotify.com/track/6Zisja44KqMZj4GM4UY6Yv,,,
193,playlists,,G.I.R.L.,"8485, Danny Brown",2025,https://open.spotify.com/track/5vpC87nKOdqAXHEzM4X4BL,,,
194,playlists,,Stay Up! (Viagra),"88-Keys, Kanye West",2008,https://open.spotify.com/track/53ku8y52Z5HYhJANXvC7WN,,,
195,playlists,,That's Life (feat. Mac Miller & Sia),"88-Keys, Mac Miller, Sia",2019,https://open.spotify.com/track/5h0Jgt873QtgL6nJRBGfT6,,,
196,playlists,,Big Ship,88GLAM,2018,https://open.spotify.com/track/4gisR7ioGxHZJ9jEJnNybI,,,
197,playlists,,Blue Faces,88GLAM,2018,https://open.spotify.com/track/0gug4OpbNYLVXrFvtDWnxv,,,
198,playlists,,Drop Top,88GLAM,2018,https://open.spotify.com/track/4n2zeP8KUWNgJr1bZnbslz,,,
199,playlists,,ENDZ,88GLAM,2018,https://open.spotify.com/track/0mlkKsmwaWPeMIBlaYJXYA,,,
200,playlists,,GPS,88GLAM,2018,https://open.spotify.com/track/0RgeiH9PjWmyZtJCxevLoo,,,
201,playlists,,Kawasaki,88GLAM,2018,https://open.spotify.com/track/4qJKFz5AH7O1HBfVIDSMD8,Kawasaki,city,high
202,playlists,,Kitchen Witch,88GLAM,2018,https://open.spotify.com/track/1GCUwcKc1JumCbg4jv7KtA,,,
203,playlists,,Lil Boat,88GLAM,2018,https://open.spotify.com/track/3Zcv9IeYgCvEhxFTfsduaQ,,,
204,playlists,,Purple Baguettes,88GLAM,2018,https://open.spotify.com/track/6Vzs6iGlyb4JTnVX5NAoFk,,,
205,playlists,,Snow Globe,88GLAM,2018,https://open.spotify.com/track/2Rkhxx8afqkb93AwIAMbJN,,,
206,playlists,,Talk Nice,88GLAM,2018,https://open.spotify.com/track/16hJhVQWkrbnwYxrtTxK9K,,,
207,playlists,,Wet Dreams,88GLAM,2018,https://open.spotify.com/track/5nnT83XEfOrY85BjoldwVx,,,
208,playlists,,Racks (feat. Gunna),"88GLAM, Gunna",2018,https://open.spotify.com/track/3uy6aRVhLuKy85EJoffsUM,,,
209,playlists,,It's A Flex (feat. NAV),"88GLAM, NAV",2018,https://open.spotify.com/track/1gR8SPZg0pDh2F0Ridi3e1,,,
210,playlists,,I Want In,"88rising, AUGUST 08, NIKI",2018,https://open.spotify.com/track/5ZaaHM8HRizjncGBAIfK0C,,,
211,playlists,,Poolside Manor,"88rising, AUGUST 08, NIKI",2018,https://open.spotify.com/track/6XexzlVsjQOuNQ5pcfWOdq,,,
212,playlists,,Japan 88,"88rising, Famous Dex, Keith Ape, Verbal",2018,https://open.spotify.com/track/2AJlEaACYHQMYxXlRMdLM6,Japan,country,high
213,playlists,,Swimming Pool,"88rising, Higher Brothers, 03 Greedo",2018,https://open.spotify.com/track/4xUnvfs5lN7hcgWwyXZA11,,,
214,playlists,,Let It Go,"88rising, Higher Brothers, BlocBoy JB",2018,https://open.spotify.com/track/1uGooqNfg2PDfVZ0POkzuU,,,
215,playlists,,Nothing Wrong (feat. Goldlink),"88rising, Higher Brothers, Harikiri, GoldLink",2018,https://open.spotify.com/track/55tfKBrYphNr4sjTeHqtc8,,,
216,playlists,,Head In The Clouds,"88rising, Joji",2018,https://open.spotify.com/track/3kYARoLSAvt86VFZ55BQcq,,,
217,playlists,,Peach Jam,"88rising, Joji, BlocBoy JB",2018,https://open.spotify.com/track/6dktyiCWz2JYGmcPQ5D5dY,,,
218,playlists,,La Cienega,"88rising, Joji, NIKI",2018,https://open.spotify.com/track/3iGz75NJkqHubYUMRELLyP,,,
219,playlists,,Midsummer Madness,"88rising, Joji, Rich Brian",2018,https://open.spotify.com/track/6TodWdTSDfzwgYynTZSvJn,,,
220,playlists,,Warpaint,"88rising, NIKI",2018,https://open.spotify.com/track/3j1fOrxmfuym91Cf9v397b,,,
221,playlists,,Plans (feat. Vory),"88rising, NIKI, Vory",2018,https://open.spotify.com/track/2W8d6AkRCP2qD89z1zK5MJ,,,
222,playlists,,Lover Boy 88,"88rising, Phum Viphurit, Higher Brothers",2018,https://open.spotify.com/track/2vRDFgdJiILUdDOLL8hLH3,,,
223,playlists,,History,"88rising, Rich Brian",2018,https://open.spotify.com/track/4TwVtW8hS5LyLoDtJGpUOg,,,
224,playlists,,Disrespectin,"88rising, Rich Brian, Higher Brothers, AUGUST 08",2018,https://open.spotify.com/track/0uuH3Htpahzscc1YSG833Z,,,
225,playlists,,California (feat. Warren Hue),"88rising, Rich Brian, NIKI, Warren Hue",2021,https://open.spotify.com/track/3Qj2f7BrpJNGj3dbxKpOlp,California,us_state,high
226,playlists,,Beam (feat. Playboi Carti),"88rising, Rich Brian, Playboi Carti",2018,https://open.spotify.com/track/5qZIrB9CjgKdMspTFkUbNt,,,
227,playlists,,Red Rubies,"88rising, Rich Brian, Yung Bans, Yung Pinch, Higher Brothers, Don Krez",2018,https://open.spotify.com/track/3oFB1Je60Up6LMDDWCi5mJ,,,
228,playlists,,TRUMPETS,"_BY.ALEXANDER, 070 Shake",2020,https://open.spotify.com/track/2Kdsm65RzsJyhZomFvrjvI,,,
229,playlists,,4 Min Convo (Favorite Song),A Boogie Wit da Hoodie,2018,https://open.spotify.com/track/5h66wqaGklsSa8eSxTwcJT,,,
230,playlists,,Beasty,A Boogie Wit da Hoodie,2018,https://open.spotify.com/track/77JzXZonNumWsuXKy9vr3U,,,
231,playlists,,Billie Jean,A Boogie Wit da Hoodie,2018,https://open.spotify.com/track/0OAyZn9pGuuL2FJih1PM58,,,
232,playlists,,Get to You,A Boogie Wit da Hoodie,2017,https://open.spotify.com/track/5P1vipFCNi7SiOEVGqCc3s,,,
233,playlists,,I Did It,A Boogie Wit da Hoodie,2018,https://open.spotify.com/track/18yllZD0TdF7ykcREib8Z1,,,
234,playlists,,If I Gotta Go,A Boogie Wit da Hoodie,2017,https://open.spotify.com/track/6KdA9pz4KS4avq0CUqblAV,,,
235,playlists,,King Of My City,A Boogie Wit da Hoodie,2020,https://open.spotify.com/track/4GyMIm2BEMoOXjmIvSpfLi,,,
236,playlists,,Let's Start Over,A Boogie Wit da Hoodie,2017,https://open.spotify.com/track/0CveX6X9yK6jJKzIsAWroR,,,
237,playlists,,Look Back at It,A Boogie Wit da Hoodie,2018,https://open.spotify.com/track/3Ol2xnObFdKV9pmRD2t9x8,,,
238,playlists,,Love Drugs and Sex,A Boogie Wit da Hoodie,2018,https://open.spotify.com/track/1Gno5IBUHh6vUKp4nxu2Yd,,,
239,playlists,,Mood Swings,A Boogie Wit da Hoodie,2019,https://open.spotify.com/track/2xE16muNCmhZwSOv3i1d1H,,,
240,playlists,,My Shit,A Boogie Wit da Hoodie,2016,https://open.spotify.com/track/5uQOauh47VFt3B2kV9kRXw,,,
241,playlists,,No Comparison,A Boogie Wit da Hoodie,2017,https://open.spotify.com/track/32aQ7oWlgpbEQyeZhvAmzC,,,
242,playlists,,No Promises,A Boogie Wit da Hoodie,2017,https://open.spotify.com/track/2BJpuAoDeQ1QuPvnryfAWK,,,
243,playlists,,Odee,A Boogie Wit da Hoodie,2018,https://open.spotify.com/track/7MuhbSNErlmQAGRzhnnIjT,,,
244,playlists,,Savage,A Boogie Wit da Hoodie,2018,https://open.spotify.com/track/1srm5YnZiu7Ksnd2UTTmmk,,,
245,playlists,,Say A',A Boogie Wit da Hoodie,2017,https://open.spotify.com/track/3AMnOVxEHUgVrythGgqPhI,,,
246,playlists,,Skeezers,A Boogie Wit da Hoodie,2018,https://open.spotify.com/track/2A4vCndSkZ3jd5nfh3a8gc,,,
247,playlists,,Stalking You,A Boogie Wit da Hoodie,2017,https://open.spotify.com/track/1DPz356PzDOvqvjCnQu7Lo,,,
248,playlists,,Steppas,A Boogie Wit da Hoodie,2024,https://open.spotify.com/track/1NIYStZPXSEwxoeX28lK5e,,,
249,playlists,,The Reaper,A Boogie Wit da Hoodie,2018,https://open.spotify.com/track/3TwzcgoO6mbgX3E7Bn1RAy,,,
250,playlists,,Unhappy,A Boogie Wit da Hoodie,2017,https://open.spotify.com/track/1iu3UTLNy436K7S8KVOdjS,,,
251,playlists,,Voices in My Head,A Boogie Wit da Hoodie,2018,https://open.spotify.com/track/0Veyvc3n9AcLSoK3r1dA12,,,
252,playlists,,Undefeated (feat. 21 Savage),"A Boogie Wit da Hoodie, 21 Savage",2017,https://open.spotify.com/track/2vaMWMPMgsWX4fwJiKmdWm,,,
253,playlists,,Swervin (feat. 6ix9ine),"A Boogie Wit da Hoodie, 6ix9ine",2018,https://open.spotify.com/track/1wJRveJZLSb1rjhnUHQiv6,,,
254,playlists,,Fucking & Kissing (feat. Chris Brown),"A Boogie Wit da Hoodie, Chris Brown",2017,https://open.spotify.com/track/2WfY2W1dGfBa6oAFQyGrI5,,,
255,playlists,,Money Sprung (feat. Don Q),"A Boogie Wit da Hoodie, Don Q",2017,https://open.spotify.com/track/1QCWxlNQcpv6LO3gjd11AR,,,
256,playlists,,Somebody (feat. Don Q),"A Boogie Wit da Hoodie, Don Q",2017,https://open.spotify.com/track/7564ofEBD5mEiIkTclAW1J,,,
257,playlists,,Bosses and Workers (feat. Don Q and Trap Manny),"A Boogie Wit da Hoodie, Don Q, Trap Manny",2018,https://open.spotify.com/track/02CQH5capUYovYSiSiwKgX,,,
258,playlists,,Demons and Angels (feat. Juice WRLD),"A Boogie Wit da Hoodie, Juice WRLD",2018,https://open.spotify.com/track/3L19besdNQzd342qL78xqm,,,
259,playlists,,Another Day Gone (feat. Khalid),"A Boogie Wit da Hoodie, Khalid",2020,https://open.spotify.com/track/63dg6LdBGxa0QA93M2snLA,,,
260,playlists,,Drowning (feat. Kodak Black),"A Boogie Wit da Hoodie, Kodak Black",2017,https://open.spotify.com/track/1f5cbQtDrykjarZVrShaDI,,,
261,playlists,,24 Hours (feat. Lil Durk),"A Boogie Wit da Hoodie, Lil Durk",2021,https://open.spotify.com/track/0YH1xT3Z7wR6dZyaCwSziK,,,
262,playlists,,Uptown / Bustdown (feat. PnB Rock and Lil Durk),"A Boogie Wit da Hoodie, Lil Durk, PnB Rock",2018,https://open.spotify.com/track/3mUk1wiSBpiuK4oSSyDmTQ,Uptown,region,medium
263,playlists,,Need a Best Friend (feat. Lil Quee and Quando Rondo),"A Boogie Wit da Hoodie, Lil Quee, Quando Rondo",2018,https://open.spotify.com/track/0sSl9LFCzQAunHx9T1Un3O,,,
264,playlists,,Reply (feat. Lil Uzi Vert),"A Boogie Wit da Hoodie, Lil Uzi Vert",2019,https://open.spotify.com/track/364spZLB5bhNlnPrzvUB41,,,
265,playlists,,"Numbers (feat. Roddy Ricch, Gunna and London On Da Track)","A Boogie Wit da Hoodie, London On Da Track, Roddy Ricch, Gunna",2020,https://open.spotify.com/track/733c1CWmIGymoQXdp7Us88,,,
266,playlists,,Pull Up (feat. NAV),"A Boogie Wit da Hoodie, NAV",2018,https://open.spotify.com/track/76vviJBqmRdMMb9u9npgfj,,,
267,playlists,,Beast Mode (feat. PnB Rock & YoungBoy Never Broke Again),"A Boogie Wit da Hoodie, PnB Rock, YoungBoy Never Broke Again",2017,https://open.spotify.com/track/1AH60dMaEfNjzDoUIFwIQi,,,
268,playlists,,Come Closer (feat. Queen Naija),"A Boogie Wit da Hoodie, Queen Naija",2018,https://open.spotify.com/track/3UhRsQVrELOATEiY7E9X2T,Comé,city,medium
269,playlists,,B.R.O. (Better Ride Out) [feat. Roddy Ricch],"A Boogie Wit da Hoodie, Roddy Ricch",2022,https://open.spotify.com/track/23pGZ6n6Xd3yV7qK4xw7dx,,,
270,playlists,,Bad Girl (feat. Trey Songz & Robin Thicke),"A Boogie Wit da Hoodie, Trey Songz, Robin Thicke",2017,https://open.spotify.com/track/3KIPN9BE8rh6ueIFYZHrIZ,,,
271,playlists,,Startender (feat. Offset and Tyga),"A Boogie Wit da Hoodie, Tyga, Offset",2018,https://open.spotify.com/track/0jAfdqv18goRTUxm3ilRjb,,,
272,playlists,,Just Like Me (feat. Young Thug),"A Boogie Wit da Hoodie, Young Thug",2018,https://open.spotify.com/track/0uH6JssU7mWkTT9mqeqEvL,,,
273,playlists,,I Ran,A Flock Of Seagulls,2008,https://open.spotify.com/track/1kDWbI0qgA2a11idtF2xNx,,,
274,playlists,,Annie,A R I Z O N A,2017,https://open.spotify.com/track/6se160dvONwrpI4G51bnVE,,,
275,playlists,,Can I Kick It?,A Tribe Called Quest,1990,https://open.spotify.com/track/3Ti0GdlrotgwsAVBBugv0I,,,
276,playlists,,Electric Relaxation,A Tribe Called Quest,1999,https://open.spotify.com/track/0eEXcw3JLVXcRxYrVYMy68,,,
277,playlists,,Oh My God (feat. Busta Rhymes),"A Tribe Called Quest, Busta Rhymes",1993,https://open.spotify.com/track/6FI3RJ58Ztl0X1VtA6pVs9,,,
278,playlists,,Whateva Will Be (feat. Consequence),"A Tribe Called Quest, Consequence",2016,https://open.spotify.com/track/3z40poMPmOkS6799tbXGKz,,,
279,playlists,,The God Hour,"A$AP ANT, A$AP Rocky",2022,https://open.spotify.com/track/0JEefF2thwTsgWE2Wv0IsC,,,
280,playlists,,CYCLE,A$AP Ferg,2026,https://open.spotify.com/track/6zG1h4f5LxtoryzQwmGPvk,,,
281,playlists,,Jet Lag,A$AP Ferg,2019,https://open.spotify.com/track/2hyF1YWdX8yxExvRelT9nB,,,
282,playlists,,Plain Jane,A$AP Ferg,2017,https://open.spotify.com/track/4dVpf9jZjcORqGTLUaeYj9,,,
283,playlists,,Value,A$AP Ferg,2020,https://open.spotify.com/track/7im3jaJBEYivH5JKXMh1Yy,,,
284,playlists,,Pups (feat. A$AP Rocky),"A$AP Ferg, A$AP Rocky",2019,https://open.spotify.com/track/0QzBRmLttMwyoqRoSmMIFN,,,
285,playlists,,"Dreams, Fairytales, Fantasies (feat. Brent Faiyaz & Salaam Remi)","A$AP Ferg, Brent Faiyaz, Salaam Remi",2019,https://open.spotify.com/track/5oady7OSE7dH7LHiqmb3Cr,,,
286,playlists,,"Work REMIX (feat. A$AP Rocky, French Montana, Trinidad James & ScHoolboy Q)","A$AP Ferg, French Montana, A$AP Rocky, Trinidad James, ScHoolboy Q",2013,https://open.spotify.com/track/7xVLFuuYdAvcTfcP3IG3dS,,,
287,playlists,,No Ceilings (feat. Lil Wayne & Jay Gwuapo),"A$AP Ferg, Lil Wayne, Jay Gwuapo",2020,https://open.spotify.com/track/1K2JtjX3s8QaEKvsbC1UXX,,,
288,playlists,,WAM,"A$AP Ferg, MadeinTYO",2019,https://open.spotify.com/track/4uU6WpUiOHLxMzXD7eVzyK,,,
289,playlists,,Nasty (Who Dat) (feat. Migos),"A$AP Ferg, Migos",2017,https://open.spotify.com/track/76T8y91xMLWJgfsEsmWGxW,,,
290,playlists,,Green Juice (feat. Pharrell Williams),"A$AP Ferg, Pharrell Williams, The Neptunes",2021,https://open.spotify.com/track/0VPir804AaU2Iw1ardsDLS,,,
291,playlists,,"Crazy Brazy (feat. A$AP Rocky, A$AP Twelvyy & Key!)","A$AP Mob, A$AP Rocky, A$AP Twelvyy, KEY!",2016,https://open.spotify.com/track/59e7E2LMPZ2bhW5G6aCwX8,,,
292,playlists,,"Frat Rules (feat. A$AP Rocky, Playboi Carti & Big Sean)","A$AP Mob, A$AP Rocky, Playboi Carti, Big Sean",2017,https://open.spotify.com/track/0RyA3o15NOLJYtm9NlDu5c,,,
293,playlists,,"RAF (feat. A$AP Rocky, Playboi Carti, Quavo, Lil Uzi Vert & Frank Ocean)","A$AP Mob, A$AP Rocky, Playboi Carti, Quavo, Lil Uzi Vert, Frank Ocean",2017,https://open.spotify.com/track/6kl1qtQXQsFiIWRBK24Cfp,,,
294,playlists,,"Walk On Water (feat. A$AP Twelvyy, A$AP Ant, A$AP Nast, A$AP Ferg & Playboi Carti)","A$AP Mob, A$AP Twelvyy, A$AP ANT, A$AP NAST, A$AP Ferg, Playboi Carti",2017,https://open.spotify.com/track/0WQcnrsEqrY2e5nexGe3HX,,,
295,playlists,,Yamborghini High (feat. Juicy J),"A$AP Mob, Juicy J",2016,https://open.spotify.com/track/2rqUblDWJKlMVwh9uJc0Vv,,,
296,playlists,,"Black Tux, White Collar",A$AP Rocky,2018,https://open.spotify.com/track/0ssVSd3juASNuehS9LWMFW,,,
297,playlists,,Buck Shots,A$AP Rocky,2018,https://open.spotify.com/track/6ImrWnhjEOw5re3cGLMIHJ,,,
298,playlists,,Changes,A$AP Rocky,2018,https://open.spotify.com/track/1dzwFgBlZNxt28aQOinNGn,,,
299,playlists,,D.M.B.,A$AP Rocky,2022,https://open.spotify.com/track/7IBLt4Qarf4JDLxIQDv2O5,,,
300,playlists,,Distorted Records,A$AP Rocky,2018,https://open.spotify.com/track/57q6BgYP4gN6hPQViCB3um,,,
301,playlists,,Excuse Me,A$AP Rocky,2015,https://open.spotify.com/track/3I8MbKRkS2IBDuslhCS3iT,,,
302,playlists,,Fashion Killa,A$AP Rocky,2013,https://open.spotify.com/track/0O3TAouZE4vL9dM5SyxgvH,,,
303,playlists,,Goldie,A$AP Rocky,2012,https://open.spotify.com/track/3VpdIi5XK2m8AaCXSVW320,,,
304,playlists,,HELICOPTER,A$AP Rocky,2026,https://open.spotify.com/track/3v1d12O8WEj5H9eFID7HBn,,,
305,playlists,,Hun43rd,A$AP Rocky,2018,https://open.spotify.com/track/1r33iukEx0COYuBzyXPmPP,,,
306,playlists,,Kids Turned Out Fine,A$AP Rocky,2018,https://open.spotify.com/track/0qp8MuZNKelOGTK2HPlXBA,,,
307,playlists,,L$D,A$AP Rocky,2015,https://open.spotify.com/track/4S7YHmlWwfwArgd8LfSPud,,,
308,playlists,,Lord Pretty Flacko Jodye 2 (LPFJ2),A$AP Rocky,2015,https://open.spotify.com/track/1j6kDJttn6wbVyMaM42Nxm,,,
309,playlists,,OG Beeper,A$AP Rocky,2018,https://open.spotify.com/track/5TX0mfUkpGlU6j2xa00ERx,,,
310,playlists,,r - Cali,A$AP Rocky,2013,https://open.spotify.com/track/2oMOqX9k4k16odibNkYyrD,,,
311,playlists,,Rich Nigga Problems,A$AP Rocky,2021,https://open.spotify.com/track/3EwSEyZNGySU5H0Ve1QIWQ,,,
312,playlists,,Shittin' Me,A$AP Rocky,2022,https://open.spotify.com/track/31UJ8vd4JQc1JEa7TgcDSz,,,
313,playlists,,Sundress,A$AP Rocky,2018,https://open.spotify.com/track/2aPTvyE09vUCRwVvj0I8WK,,,
314,playlists,,Tony Tone,A$AP Rocky,2018,https://open.spotify.com/track/52eYVUkFTOVozbVFIaFrnV,,,
315,playlists,,Bad Company (feat. BlocBoy JB),"A$AP Rocky, BlocBoy JB",2018,https://open.spotify.com/track/3ZYwSDF9knZI0RVlKR4PHC,,,
316,playlists,,"F**kin' Problems (feat. Drake, 2 Chainz & Kendrick Lamar)","A$AP Rocky, Drake, 2 Chainz, Kendrick Lamar",2013,https://open.spotify.com/track/4XoP1AkbOurU9CeZ2rMEz2,,,
317,playlists,,Fukk Sleep (feat. FKA twigs),"A$AP Rocky, FKA twigs",2018,https://open.spotify.com/track/1AqemxWsT0iGg5Lvkm16Bt,,,
318,playlists,,Purity (feat. Frank Ocean),"A$AP Rocky, Frank Ocean",2018,https://open.spotify.com/track/2MF4HtZHBoUliOi9nOAbS0,,,
319,playlists,,Brotha Man (feat. French Montana),"A$AP Rocky, French Montana",2018,https://open.spotify.com/track/6MmtDonkpvSoRx9ACwrGDu,,,
320,playlists,,Cocky (feat. London On Da Track),"A$AP Rocky, Gucci Mane, 21 Savage, London On Da Track",2018,https://open.spotify.com/track/1nO2NjuFkGaAWcMdJ1pNrp,,,
321,playlists,,Ruby Rosary (feat. J. Cole),"A$AP Rocky, J. Cole",2024,https://open.spotify.com/track/1lloYB6uHOTDmheiWsq4DL,,,
322,playlists,,HIGHJACK,"A$AP Rocky, Jessica Pratt",2024,https://open.spotify.com/track/57L5EYzCfHS7Jd58rV33lW,,,
323,playlists,,"Fine Whine (feat. Joe Fox, Future & M.I.A.)","A$AP Rocky, Joe Fox, Future, M.I.A.",2015,https://open.spotify.com/track/2WxzLbJfPA2vJGxQiKd7Jq,,,
324,playlists,,Jukebox Joints (feat. Joe Fox & Kanye West),"A$AP Rocky, Joe Fox, Kanye West",2015,https://open.spotify.com/track/2gAGWaK4wvt2xrFUlR4mK8,,,
325,playlists,,Gunz N Butter (feat. Juicy J),"A$AP Rocky, Juicy J",2018,https://open.spotify.com/track/5N521RK66Z1FP0Oz6B4OlT,,,
326,playlists,,CALLDROPS (feat. Kodak Black),"A$AP Rocky, Kodak Black",2018,https://open.spotify.com/track/1wGYcpJZ59rePkNu4zHmLu,,,
327,playlists,,A$AP Forever (feat. Moby),"A$AP Rocky, Moby",2018,https://open.spotify.com/track/1YmF9PvLhIISIANoMLIYGq,,,
328,playlists,,"A$AP Forever REMIX (feat. Moby, T.I. & Kid Cudi)","A$AP Rocky, Moby, T.I., Kid Cudi",2018,https://open.spotify.com/track/3oHkMCVJyOcjg5FhfLc2Rq,,,
329,playlists,,Arya (feat. A$AP Rocky),"A$AP Rocky, Nigo",2022,https://open.spotify.com/track/0Rq6JJwpZ9f1SU6Cfhgjv7,,,
330,playlists,,"Everyday (feat. Rod Stewart, Miguel & Mark Ronson)","A$AP Rocky, Rod Stewart, Miguel, Mark Ronson",2015,https://open.spotify.com/track/2N3U8uTYhjX2KwGT0pf5x0,,,
331,playlists,,Electric Body (feat. ScHoolboy Q),"A$AP Rocky, ScHoolboy Q",2015,https://open.spotify.com/track/6br4Pc0BzU6dTD5fEmks2i,,,
332,playlists,,Praise The Lord (Da Shine) (feat. Skepta),"A$AP Rocky, Skepta",2018,https://open.spotify.com/track/7ycWLEP1GsNjVvcjawXz3z,,,
333,playlists,,Wild for the Night (feat. Skrillex & Birdy Nam Nam),"A$AP Rocky, Skrillex, Birdy Nam Nam, Lord Flacko",2013,https://open.spotify.com/track/22Mme5vsZ688TMUieIHdx3,,,
334,playlists,,Diamonds (feat. A$AP Rocky),"A$AP Twelvyy, A$AP Rocky",2017,https://open.spotify.com/track/5G4JadFe3Kg1Tiwrw8yRcn,,,
335,playlists,,Take on Me,a-ha,1985,https://open.spotify.com/track/2WfaOiMkCvy7F5fcp2zZ8L,,,
336,playlists,,Britpop,A. G. Cook,2024,https://open.spotify.com/track/6yYnmUYPdTM2ExnJpBKMOT,,,
337,playlists,,Lucifer,A. G. Cook,2024,https://open.spotify.com/track/56xB3EGgd7qxfzAVji8Fh2,,,
338,playlists,,Solaris,"A. Jeffes, Arthur Jeffes, Penguin Cafe",2014,https://open.spotify.com/track/1L2fH3XhJ0zptkhUALj8Nn,,,
339,playlists,,000000,A.CHAL,2018,https://open.spotify.com/track/5QeUZ1Z4xSCegBXutW3IIt,,,
340,playlists,,Pink Dust,A.CHAL,2020,https://open.spotify.com/track/6NBIVEBrIcrxI9SMfSPNHl,,,
341,playlists,,Vibe W/U,A.CHAL,2016,https://open.spotify.com/track/3qj1v267X5kiuONBDbkocY,,,
342,playlists,,Cuánto (feat. A$AP Nast),"A.CHAL, A$AP NAST",2017,https://open.spotify.com/track/3BTMnbtF0e3j4oFOAjjhYP,,,
343,playlists,,Piepschuim - Mason Extended Remix,"Aafke Romeijn, Mason",2022,https://open.spotify.com/track/3EDsYstJ8i8VMLMs19YAIC,,,
344,playlists,,Poison (feat. The Weeknd),"Aaliyah, The Weeknd",2021,https://open.spotify.com/track/7M4fSXTAUQih72cf0FbMgA,,,
345,playlists,,destroyer of worlds,Aaron Hibell,2023,https://open.spotify.com/track/4l8xoLKkJXhqqfbWdXcs93,,,
346,playlists,,Let Go,Aaron May,2019,https://open.spotify.com/track/1NCWXbUyF88ee30OMAe7dO,,,
347,playlists,,Ride,Aaron May,2018,https://open.spotify.com/track/2Mm9FCqnjH9k6JfOvr3Hg7,,,
348,playlists,,D.R.U.G.S.,Ab-Soul,2016,https://open.spotify.com/track/09avKKLKXaJcbeaGTmLCOs,,,
349,playlists,,God's a Girl?,Ab-Soul,2016,https://open.spotify.com/track/6aDlmv8U5RsfQaoIvdCz8Y,,,
350,playlists,,Now You Know,Ab-Soul,2016,https://open.spotify.com/track/4RNW2pjPNBCPadmYPzMKBb,,,
351,playlists,,Portishead in the Morning / / / HER World,Ab-Soul,2016,https://open.spotify.com/track/31uRzHTeoXHKzaDtht3315,Portishead,city,medium
352,playlists,,Threatening Nature,Ab-Soul,2016,https://open.spotify.com/track/5ZGvnzdbFkQCBaBGdzavdU,,,
353,playlists,,Womanogamy,Ab-Soul,2016,https://open.spotify.com/track/0clTuOoOjEWpZvKMfy8Nr5,,,
354,playlists,,YMF,Ab-Soul,2016,https://open.spotify.com/track/5qdpn7Qm3rTOQPbC8VXT0t,,,
355,playlists,,Bloody Waters (with Anderson .Paak & James Blake),"Ab-Soul, Anderson .Paak, James Blake",2018,https://open.spotify.com/track/4KXwFI9pgJLpUIAc9oSL8j,,,
356,playlists,,Braille (feat. Bas),"Ab-Soul, Bas",2016,https://open.spotify.com/track/1ysf0ZjAItXaAgAejGJZa6,,,
357,playlists,,Wifey vs. WiFi / / / P.M.S. (feat. BR3),"Ab-Soul, BR3",2016,https://open.spotify.com/track/4QcX8RrX0vIHoLiOmvucN2,,,
358,playlists,,Huey Knew THEN (feat. Da$H),"Ab-Soul, Da$H",2016,https://open.spotify.com/track/3vkPcnCLkg07BlY3MZjyca,,,
359,playlists,,INvocation (feat. Kokane),"Ab-Soul, Kokane",2016,https://open.spotify.com/track/55M3L1ea8PbyxVEpUPSvbt,,,
360,playlists,,The Law (feat. Mac Miller & Rapsody),"Ab-Soul, Mac Miller, Rapsody",2016,https://open.spotify.com/track/17vQTNbvhpvi92qOnDOFHB,,,
361,playlists,,Lonely Soul (feat. Punch) / / / The Law (Prelude) [feat. SZA],"Ab-Soul, Punch, SZA",2016,https://open.spotify.com/track/0d96nN78fcIPxZKEm4WZxe,,,
362,playlists,,Beat the Case (feat. ScHoolboy Q) / / / Straight Crooked,"Ab-Soul, ScHoolboy Q",2016,https://open.spotify.com/track/3X5KaYQAtihMCk8WE9ovWo,,,
363,playlists,,Evil Genius (feat. Teedra Moses & JaVonté),"Ab-Soul, Teedra Moses, JaVonté",2016,https://open.spotify.com/track/6HutpCeq9LdkEQIvmqTXDA,,,
364,playlists,,RAW (backwards) [feat. Zacari],"Ab-Soul, Zacari",2016,https://open.spotify.com/track/3jiRlqa95xI1b42rDeLaRk,,,
365,playlists,,Dancing Queen,ABBA,1976,https://open.spotify.com/track/0GjEhVFGZW8afUYGChu3Rr,,,
366,playlists,,Gimme! Gimme! Gimme! (A Man After Midnight),ABBA,1979,https://open.spotify.com/track/3vkQ5DAB1qQMYO4Mr9zJN6,,,
367,playlists,,"Knowing Me, Knowing You",ABBA,1976,https://open.spotify.com/track/798cuJeotvXP8UVa8GJPnD,,,
368,playlists,,Mamma Mia,ABBA,1975,https://open.spotify.com/track/2TxCwUlqaOH3TIyJqGgR91,,,
369,playlists,,Waterloo,ABBA,1974,https://open.spotify.com/track/0RzhMHIsFMbOGh0oWDvNNK,Waterloo,landmark,high
370,playlists,,Good Luck,Abhi The Nomad,2021,https://open.spotify.com/track/6IVsYkP3RWt3AwMeHOgDFF,,,
371,playlists,,Sex n' Drugs,"Abhi The Nomad, Harrison Sands, Copper King",2018,https://open.spotify.com/track/0MwMwvl0IVPgLAeXyeVBi1,,,
372,playlists,,Dogs,"Abhi The Nomad, Sherm, Dani Rae",2018,https://open.spotify.com/track/7G4qDFMg5cjWBsIHfWSG1e,,,
373,playlists,,Run Girl,Abigail Rose,2024,https://open.spotify.com/track/6wuLTG0NHXeqfVEVj3JiVg,,,
374,playlists,,Betty's in the Band,"Abigail Rose, Weston Hunter",2026,https://open.spotify.com/track/3xdFInFLsj2Zj1E6VlK3mc,,,
375,playlists,,Feels Like This,Abra Taylor,2021,https://open.spotify.com/track/5GQM18ieTPWcu0Q9w3Pfxg,,,
376,playlists,,Fly Kicks - Wax Motif Remix,"AC Slater, Chris Lorenzo, Wax Motif",2017,https://open.spotify.com/track/26xlCgHpcF4GE0FFVsS6Oy,,,
377,playlists,,T.N.T.,AC/DC,2010,https://open.spotify.com/track/1EHNrwZlxW9Wp07Ohv1Jbw,,,
378,playlists,,How Long,Ace,1974,https://open.spotify.com/track/4AjKVyNUMdUveKK5OH1OJD,,,
379,playlists,,New York Groove,Ace Frehley,1978,https://open.spotify.com/track/1BvpeiApX8qhof8Pmi3YlH,New York,city,high
380,playlists,,We Ball,Ace Hood,2020,https://open.spotify.com/track/5dv4YSgkpflUQ31vIW9qXg,,,
381,playlists,,Take Me Away,ACRAZE,2023,https://open.spotify.com/track/1EXDjOpV3Lbiv8CzJ7caHs,,,
382,playlists,,Do It To It,"ACRAZE, Cherish",2021,https://open.spotify.com/track/20on25jryn53hWghthWWW3,,,
383,playlists,,Dr. Kimble,Action Bronson,2018,https://open.spotify.com/track/0deIDdzX3P5svUOADWfWVu,,,
384,playlists,,Irishman Freestyle,Action Bronson,2018,https://open.spotify.com/track/0ZqRXz3d5RV63ENDigQLuW,,,
385,playlists,,Mt. Etna,Action Bronson,2018,https://open.spotify.com/track/0yUA5Ci61OTYCYnE4RPU2C,,,
386,playlists,,Picasso's Ear,Action Bronson,2018,https://open.spotify.com/track/6OF2k6azWK2P5mEZx5ML1O,,,
387,playlists,,Prince Charming,Action Bronson,2018,https://open.spotify.com/track/4tTFl6L8eNA7BK4dRJivK1,,,
388,playlists,,Telemundo,Action Bronson,2018,https://open.spotify.com/track/4IcHAJ04OE8rttlG3qKa1a,,,
389,playlists,,White Bronco,Action Bronson,2018,https://open.spotify.com/track/0AFVQA2Ht64OzMAer4aQ8n,,,
390,playlists,,Swerve On Em (feat. A$AP Rocky),"Action Bronson, A$AP Rocky",2018,https://open.spotify.com/track/4oViDMf3xLwW8Ne4lp26mC,,,
391,playlists,,Ring Ring (feat. Big Body Bes),"Action Bronson, Big Body Bes",2018,https://open.spotify.com/track/4u2GWPNC7mu01Qg5i8FwSU,,,
392,playlists,,Baby Blue (feat. Chance the Rapper),"Action Bronson, Chance the Rapper",2015,https://open.spotify.com/track/7gDwRzJhLs0fFHaGtMDJVM,,,
393,playlists,,Standing in the Rain (with Mark Ronson & Dan Auerbach),"Action Bronson, Mark Ronson, Dan Auerbach",2016,https://open.spotify.com/track/6p586xRu0OuyR1ftsTvFoz,,,
394,playlists,,Brutal (feat. Meyhem Lauren),"Action Bronson, Meyhem Lauren",2018,https://open.spotify.com/track/0sQSCf023bpW6lxm0zOhDF,,,
395,playlists,,Live from the Moon (feat. Yung Mehico),"Action Bronson, Yung Mehico",2018,https://open.spotify.com/track/4zvxkRgrhGdkTVnA5vFOhP,,,
396,playlists,,9 to 5,"Adam Snow, Freddie Gibbs, Tedy Andreas",2020,https://open.spotify.com/track/0V15EFntt486CEJVzT0Gs8,,,
397,playlists,,Diet Pepsi,Addison Rae,2024,https://open.spotify.com/track/6MzofobZt2dm0Kf1hTThFz,,,
398,playlists,,My Man Freestyle,Adonis,2023,https://open.spotify.com/track/1G0wK7X9GhKZEQw491GYgH,,,
399,playlists,,Miracle,"Adriatique, WhoMadeWho",2023,https://open.spotify.com/track/0aVrpFRLlrd5zVyPXWP3mS,,,
400,playlists,,PLAY SOMETHING,ADÉ,2019,https://open.spotify.com/track/47R2oKyh4cfHmao3HOepw9,,,
401,playlists,,Replacements,ADÉ,2020,https://open.spotify.com/track/2fVtXxKKnGzwWUeZXlZiaf,,,
402,playlists,,SOMETHING'S UP,ADÉ,2019,https://open.spotify.com/track/5KqNFGtMpuCcyCW1OAIgoz,,,
403,playlists,,SOMETHING SWEET (feat. Fatman Scoop),"ADÉ, Fatman Scoop",2019,https://open.spotify.com/track/0J9g8SSKGDsCRu0xCs71IP,,,
404,playlists,,SOMETHING NEW (feat. Lil Baby),"ADÉ, Lil Baby",2019,https://open.spotify.com/track/5AQSlfdcWMQfgHhqTbruA3,,,
405,playlists,,SOMETHING FROM NOTHIN' (feat. Rich The Kid),"ADÉ, Rich The Kid",2019,https://open.spotify.com/track/37pqoamiQVw95UEiiE0viQ,,,
406,playlists,,Ain't In LA,ADÉLA,2026,https://open.spotify.com/track/6U9VpmP3dEinuezxCJ2Zg9,,,
407,playlists,,KGB,ADÉLA,2026,https://open.spotify.com/track/3eXYltBvZSCOs6fM1La6ho,,,
408,playlists,,Floats My Boat,Aer,2012,https://open.spotify.com/track/5xxWrRREmhXADNU0ATvGWy,,,
409,playlists,,Klutz,Aesop Rock,2018,https://open.spotify.com/track/7DHV60LwJuz6eTYaMF4C4h,,,
410,playlists,,Long Legged Larry,Aesop Rock,2021,https://open.spotify.com/track/49NhcU5PQvkOQ13PZK3jc6,,,
411,playlists,,Right Now,"Africamuq, Geakdd, Tems",2022,https://open.spotify.com/track/1QY0fQKja9rxjR4UeJfFwv,,,
412,playlists,,norf side long beach,"afternoon, j'san",2017,https://open.spotify.com/track/3ZKx3R85b2yjjcOAHxk5Hw,Long Beach,city,high
413,playlists,,Keeps,Aftertheparty,2018,https://open.spotify.com/track/60umilx77dVpW9jYPIEHqd,,,
414,playlists,,Reflection,Aftertheparty,2018,https://open.spotify.com/track/6BOO8QBkSJG8T7WoZsgOLC,,,
415,playlists,,Revenge,Aftertheparty,2018,https://open.spotify.com/track/4wHtpMy77895QPhCAfIfzS,,,
416,playlists,,Script,Aftertheparty,2018,https://open.spotify.com/track/51LGoMotxVXBMSoaluyps5,,,
417,playlists,,Talk,Aftertheparty,2018,https://open.spotify.com/track/03oJX9rMbgjIq3CuGsXnlH,,,
418,playlists,,flippin shit,AG Club,2023,https://open.spotify.com/track/6X26sSlwdfRyxPY7GccGHN,,,
419,playlists,,Memphis,AG Club,2020,https://open.spotify.com/track/5ChkQ9kE4wc2lWgBnrbD7k,Memphis,city,high
420,playlists,,TAKA,"Ahadadream, Priya Ragu, Skrillex",2024,https://open.spotify.com/track/645e3XeVtB7QYpl3RdJBil,,,
421,playlists,,Back in the Day,Ahmad Lewis,1994,https://open.spotify.com/track/32nmZgbpSPeQA76TO62TP7,,,
422,playlists,,Rain,"Aitch, AJ Tracey, Tay Keith",2020,https://open.spotify.com/track/7h2ozcUpSL7ulXjRPPQcDy,,,
423,playlists,,The Rave,"AKA AKA, Elternhouse",2023,https://open.spotify.com/track/42dBiAso4alddMWbvRjC1X,,,
424,playlists,,Smack That,"Akon, Eminem",2006,https://open.spotify.com/track/2kQuhkFX7uSVepCD3h29g5,,,
425,playlists,,Let's Stay Together,Al Green,1972,https://open.spotify.com/track/63xdwScd1Ai1GigAwQxE8y,,,
426,playlists,,"1,2,3,4",Alan Doyle,2015,https://open.spotify.com/track/5gaJiKxlFk3vrQx3OdJLt2,,,
427,playlists,,It Never Rains in Southern California,Albert Hammond,1972,https://open.spotify.com/track/6tunhVGD8C05MZNjSVIsjw,California,us_state,high
428,playlists,,Hard to Live in the City,Albert Hammond Jr,2006,https://open.spotify.com/track/6ezfInFyeBeoeKwpdo31cs,,,
429,playlists,,amore çok,"ALCATRAZ, Pashanim",2021,https://open.spotify.com/track/3N2RPZQ1R5GpRR1noHSNww,,,
430,playlists,,Stan Smith,"Alcemist, Coco",2022,https://open.spotify.com/track/0nCgsAki7e7I243CUblGxU,,,
431,playlists,,El Amor,"Alejandro Diego, Kiro Prime",2022,https://open.spotify.com/track/1NGRgAgKU1cD6OEvbuOB5j,,,
432,playlists,,Caught A Body (with Ty Dolla $ign),"Alesso, Ty Dolla $ign",2023,https://open.spotify.com/track/4JvJj733DNy6nuVcC1NzCq,,,
433,playlists,,I Know,Alex Mali,2020,https://open.spotify.com/track/4N3sXhlGPSQtFd4G8jh3C4,,,
434,playlists,,Show Me Love (feat. Miguel),"Alicia Keys, Miguel",2019,https://open.spotify.com/track/0XPlSuCVQ1nOhzTpFgnDSz,,,
435,playlists,,3 Hour Drive (feat. Sampha),"Alicia Keys, Sampha",2020,https://open.spotify.com/track/2OTu3hdSPbazvpwroBRQvv,3 Hour Drive,pattern,low
436,playlists,,Lake Shore Drive,Aliotta Haynes Jeremiah,1972,https://open.spotify.com/track/46MX86XQqYCZRvwPpeq4Gi,Lake Shore; Lake Shore Drive,city; pattern,medium
437,playlists,,U Don’t Know,"Alison Wonderland, Wayne Coyne",2015,https://open.spotify.com/track/0VKZDoQ7vOW6VW61nIvmxq,,,
438,playlists,,Blast,Allan Kingdom,2015,https://open.spotify.com/track/7qMflhMLIirt85pzo1xo6X,,,
439,playlists,,13,Allan Rayman,2017,https://open.spotify.com/track/4pr2A1vgqaGJ1yj6hFr3aE,,,
440,playlists,,25.22,Allan Rayman,2016,https://open.spotify.com/track/3VAZCtLWJfbV9wgT1YWm6d,,,
441,playlists,,27,Allan Rayman,2015,https://open.spotify.com/track/6iYbcMCcZlcoZ4cwaTwk9Z,,,
442,playlists,,27/Faust Road - Unplugged At CBC,Allan Rayman,2017,https://open.spotify.com/track/0lczTM7qIIdn5uyqfj29Xm,Faust Road,pattern,low
443,playlists,,4 alarm fire,Allan Rayman,2018,https://open.spotify.com/track/6DFhVdvfs4szSxn0gV2rW8,,,
444,playlists,,Alabama's Song,Allan Rayman,2015,https://open.spotify.com/track/5b0ihNIlfCqKCUZdfFmKSn,,,
445,playlists,,All at Once,Allan Rayman,2016,https://open.spotify.com/track/7HELuT58gcUXMMjdn0hP13,,,
446,playlists,,Amy,Allan Rayman,2018,https://open.spotify.com/track/3uJikLX52DjhpaIMA4QzBq,,,
447,playlists,,Barry Moves,Allan Rayman,2015,https://open.spotify.com/track/1D1Jf1NcWr8BxIagQz3zGe,,,
448,playlists,,Beverly,Allan Rayman,2015,https://open.spotify.com/track/31ZtiFW9JSHI701JzEJHum,,,
449,playlists,,Clubhouse,Allan Rayman,2016,https://open.spotify.com/track/0vkv3XGNHUtyPewkv2Ky1J,,,
450,playlists,,Crush,Allan Rayman,2018,https://open.spotify.com/track/17ioUA0eDpp2LJoobfG50P,,,
451,playlists,,Dear Allan,Allan Rayman,2015,https://open.spotify.com/track/0iKRn8WsHScMjCMuX30VWT,,,
452,playlists,,Ducks on the pond,Allan Rayman,2018,https://open.spotify.com/track/36BT92IurMTjAVK2srXXXY,,,
453,playlists,,Eye To Eye,Allan Rayman,2020,https://open.spotify.com/track/5c5JNoBRcqQTYWFw9KxUon,,,
454,playlists,,God Is A Woman,Allan Rayman,2017,https://open.spotify.com/track/14sMHxXAPbtGNIs1ddyqlP,,,
455,playlists,,Graceland,Allan Rayman,2015,https://open.spotify.com/track/1EchZuzbnKz69m22lJTKxR,Graceland,landmark,high
456,playlists,,Head Over Heels,Allan Rayman,2017,https://open.spotify.com/track/3qgHeDWEqnp5jEexNUIm2L,,,
457,playlists,,Hollywood/My Way,Allan Rayman,2017,https://open.spotify.com/track/63Yj1Chwie3htsmsEXHhCA,Hollywood,region,medium
458,playlists,,Jim's Story,Allan Rayman,2017,https://open.spotify.com/track/1N6j0uxewt6PvT1foDCCCg,,,
459,playlists,,Kiss,Allan Rayman,2015,https://open.spotify.com/track/2xhGJZcGnloFw3M6GCrXnv,,,
460,playlists,,Left Alone,Allan Rayman,2017,https://open.spotify.com/track/7c2OwHQDTgaWABFEieehdG,,,
461,playlists,,Lucy The Tease,Allan Rayman,2015,https://open.spotify.com/track/7o2OlQJYtuBPvJmTf2E0FF,,,
462,playlists,,Lyla Emily,Allan Rayman,2021,https://open.spotify.com/track/06zU0e1M5x1uZviVYpCDMC,,,
463,playlists,,M. Roadhouse,Allan Rayman,2015,https://open.spotify.com/track/6mOz5KwCtauFIDH5plEUNt,,,
464,playlists,,Might get strange,Allan Rayman,2018,https://open.spotify.com/track/5oOO42y8bCmkkgqXtY3lkg,,,
465,playlists,,Much Too Much,Allan Rayman,2016,https://open.spotify.com/track/3apJ66G3QuD7rK9hacQUNp,,,
466,playlists,,Never any no good,Allan Rayman,2018,https://open.spotify.com/track/0dOh6yyqVSkV7qIVLwunX0,,,
467,playlists,,Peach,Allan Rayman,2018,https://open.spotify.com/track/42BGvcz44ghMrHv4xZWO6n,,,
468,playlists,,Road Warrior,Allan Rayman,2020,https://open.spotify.com/track/0sx9zhSNZ0jHGNI1BGgYW4,,,
469,playlists,,Rose,Allan Rayman,2018,https://open.spotify.com/track/1EaVXnEDuHwLdVPn89djkq,,,
470,playlists,,Rose2,Allan Rayman,2018,https://open.spotify.com/track/75uVVeL56TQw6y1pDyikPo,,,
471,playlists,,Russia,Allan Rayman,2020,https://open.spotify.com/track/7lXXpouzbYpSR4ii8E9ubC,Russia,region,high
472,playlists,,Shelby Moves,Allan Rayman,2017,https://open.spotify.com/track/1VNQ8LCAbanE2I67as8CbX,Shelby,city,medium
473,playlists,,Song 512,Allan Rayman,2015,https://open.spotify.com/track/15JmV2KBqWF2lJctOLcCto,,,
474,playlists,,Sweetheart,Allan Rayman,2017,https://open.spotify.com/track/6krUYnlbBGI5xtt3ytopE8,,,
475,playlists,,Tennessee,Allan Rayman,2015,https://open.spotify.com/track/7EzATOw6RayMI4QTrOlEfR,Tennessee,us_state,high
476,playlists,,Waste My Time,Allan Rayman,2021,https://open.spotify.com/track/3oOX6jomqaD0elWsQEAfK4,,,
477,playlists,,Wolf,Allan Rayman,2017,https://open.spotify.com/track/1YhrdNVxbHxYnAYAqWiRzr,,,
478,playlists,,Word Of Mouth,Allan Rayman,2017,https://open.spotify.com/track/0R1dGEU2fIdDENPwpMqAFA,,,
479,playlists,,December,"Allan Rayman, Adria Kain",2017,https://open.spotify.com/track/5t9nVBQo4NZJbVe8uTtFg2,,,
480,playlists,,Faust Road,"Allan Rayman, Adria Kain",2016,https://open.spotify.com/track/2xQCppVUP4C0fBLTBu5dO3,Faust Road,pattern,low
481,playlists,,Pretty Bug,"Allan Rayman, James Vincent McMorrow",2020,https://open.spotify.com/track/7qvX5UAdAeP6eU7t1aDjhu,,,
482,playlists,,Repeat,"Allan Rayman, Jessie Reyez",2017,https://open.spotify.com/track/7tLWymW3ieb60ZI0aFa4lv,,,
483,playlists,,Verona the Hellcat (feat. Jessie Reyez),"Allan Rayman, Jessie Reyez",2016,https://open.spotify.com/track/3A6AHCaSiE82n560LROJuQ,Verona,city,high
484,playlists,,Deep In Your Love,"Alok, Bebe Rexha",2024,https://open.spotify.com/track/0sftzYE0YgPHXrvJyUyGjB,,,
485,playlists,,Deep Down (feat. Never Dull),"Alok, Ella Eyre, Kenny Dope, Never Dull",2022,https://open.spotify.com/track/7MIhUdNJtaOnDmC5nBC1fb,,,
486,playlists,,Warm Foothills,alt-J,2014,https://open.spotify.com/track/1YUcTZ0ehoHY6G6Prhcbj0,,,
487,playlists,,Don't Hit My Line,Aluna,2020,https://open.spotify.com/track/4Tdp1upysTvVuP61OstJIn,,,
488,playlists,,Warrior - Austin Millz Remix,"Aluna, Austin Millz, SG Lewis",2021,https://open.spotify.com/track/4vGniC9BYciCivF1s9vruW,,,
489,playlists,,Forget About Me,"Aluna, Diplo, Durante",2022,https://open.spotify.com/track/6EafRI0UtUidrZbbKpFRYq,,,
490,playlists,,Envious - Kiddy Smile Remix,"Aluna, Kiddy Smile",2021,https://open.spotify.com/track/5FovuNIRvJz2FNWuPZYTFu,,,
491,playlists,,Body Pump - Lady Bee Remix,"Aluna, Lady Bee",2021,https://open.spotify.com/track/5PkJ2ssBCzKHaztJVASw2b,,,
492,playlists,,Sugar,"Aluna, Preditah, Lauren Faith",2023,https://open.spotify.com/track/0g0M9J3y1LIJ5iVZBu8ko6,,,
493,playlists,,Best Be Believing - Shadow Child Remix,"AlunaGeorge, Shadow Child",2014,https://open.spotify.com/track/4ZOuB9nVbvyeEIYKbm55O4,,,
494,playlists,,Broken Soul,Alxndr London,2018,https://open.spotify.com/track/3cTSb5xj5PN9Hi81BVu8v5,,,
495,playlists,,Juju Riddim,Alxndr London,2018,https://open.spotify.com/track/4WL3bsG2WoNctiIYfbeSTG,,,
496,playlists,,"Jury, Judge, Executioner",Alxndr London,2018,https://open.spotify.com/track/7AAfDgHH7O33RUEwFUkCwo,,,
497,playlists,,Maybe,Alxndr London,2018,https://open.spotify.com/track/0k5LqZjQJVazisNx7OytuG,,,
498,playlists,,Silent Passenger,Alxndr London,2018,https://open.spotify.com/track/28z4mxq4IdwQ3wmdVaMWFS,,,
499,playlists,,Silver Universe,Alxndr London,2018,https://open.spotify.com/track/3VeZlwHv1o321io9VWJi38,,,
500,playlists,,The Right Amount of Everything,Alxndr London,2018,https://open.spotify.com/track/6MhZffTj0yG2HeAz6hfZq5,,,
501,playlists,,Bless Me - (Demo),Ama,2018,https://open.spotify.com/track/4mqsYvyMATKLBPwRd3xGnM,,,
502,playlists,,NORTHSIDE,Ama,2019,https://open.spotify.com/track/01HGXW27UXeMWa8Eglzgcf,,,
503,playlists,,Away,AMADRAMA,2024,https://open.spotify.com/track/26uzCrr0kLz5koHSKXmXUx,,,
504,playlists,,The Heist,AMADRAMA,2020,https://open.spotify.com/track/1fxzaI9YSZ0HEMW4tXTvJt,,,
505,playlists,,Flow,"AMADRAMA, Steinhause",2023,https://open.spotify.com/track/2YMvMswsdxtcsTyZvbU6ao,,,
506,playlists,,TOUCH,AMARA ctk100,2026,https://open.spotify.com/track/1uVdDOWANSAPN46D3KloJu,,,
507,playlists,,Girls Like Me (Got You Spinning),"AMARA ctk100, Big Softy",2023,https://open.spotify.com/track/0iRGslQdxwdaRyBHDZEVId,,,
508,playlists,,Lose My Cool,Amber Mark,2017,https://open.spotify.com/track/3G9zeErd0kMx012kmYUrm7,,,
509,playlists,,I Found,Amber Run,2015,https://open.spotify.com/track/5zT5cMnMKoyruPj13TQXGx,,,
510,playlists,,I'm Sorry,Ameer Vann,2016,https://open.spotify.com/track/46KyjsEobuGoWbH2CoWjCN,,,
511,playlists,,IDFIATOK,Ameer Vann,2021,https://open.spotify.com/track/3UCfeH1mZnwErqWZhiN32y,,,
512,playlists,,Keep Your Distance,Ameer Vann,2020,https://open.spotify.com/track/5dfMZKLa5AmXmsMmkQgu0t,,,
513,playlists,,A Horse With No Name - 2011 Re-Recording,America,2018,https://open.spotify.com/track/0pilLuT64zziv9FqRsdOyk,,,
514,playlists,,Riverside,America,1972,https://open.spotify.com/track/2S7hH8gCuwlqL8vqia3eJp,,,
515,playlists,,Sister Golden Hair,America,1975,https://open.spotify.com/track/5VSAonaAPhhGn0G7hMYwWK,,,
516,playlists,,Ventura Highway,"America, George Martin",1972,https://open.spotify.com/track/4IU1RL4BKvFyXtbTwaHAvW,Ventura Highway,street,high
517,playlists,,Arc de Triomphe,Aminé,2025,https://open.spotify.com/track/5THdCNXFd7JK1ayDYYvzwB,,,
518,playlists,,Becky,Aminé,2020,https://open.spotify.com/track/4PDfwhqOmkkocOHg4Rh4Mq,,,
519,playlists,,BLACKJACK,Aminé,2018,https://open.spotify.com/track/6U9OkV9oa8kN8LyBGf3wvJ,,,
520,playlists,,CANTU,Aminé,2018,https://open.spotify.com/track/3OzwuqlBU5IInWGKhIDhTq,Cantù,city,medium
521,playlists,,Caroline,Aminé,2016,https://open.spotify.com/track/5GFDrUTLGJix84sNhjCG0g,,,
522,playlists,,Charmander,Aminé,2021,https://open.spotify.com/track/4NP3gHruXgIo4YSJSNDRBz,,,
523,playlists,,CHINGY,Aminé,2018,https://open.spotify.com/track/5KpUzmHFirESqWjCrXnmWS,,,
524,playlists,,DR. WHOEVER,Aminé,2018,https://open.spotify.com/track/2qpX5WY7A7uLLLQfFpvRDK,,,
525,playlists,,Familiar,Aminé,2025,https://open.spotify.com/track/1bHjlcErAwz7qh8ME68iIR,,,
526,playlists,,Feels So Good,Aminé,2025,https://open.spotify.com/track/3HA9JaK01wlePDQLnEVqTf,,,
527,playlists,,Invincible,Aminé,2018,https://open.spotify.com/track/6VS7wKwtvL2FvTupYSWZ9e,,,
528,playlists,,RATCHET SATURN GIRL,Aminé,2018,https://open.spotify.com/track/2q4F6OpQgx9umNB9uGFPYo,,,
529,playlists,,REDMERCEDES,Aminé,2017,https://open.spotify.com/track/4X70hLzIDfY5T2BcsOcv6Q,,,
530,playlists,,REEL IT IN,Aminé,2018,https://open.spotify.com/track/5qHirGR7M9tdm6C17DlzSY,,,
531,playlists,,Riri,Aminé,2020,https://open.spotify.com/track/4qMlF2uBW2PtGSEMHPcNnZ,,,
532,playlists,,Shimmy,Aminé,2020,https://open.spotify.com/track/7iG6aXHLFg9tBzP6OIyuJa,,,
533,playlists,,SHINE,Aminé,2018,https://open.spotify.com/track/1OWGLpptXlHLw1yibeHiHa,,,
534,playlists,,STFU2,Aminé,2018,https://open.spotify.com/track/05tCaHe9yHLjO2qnXScDNV,,,
535,playlists,,TOGETHER,Aminé,2018,https://open.spotify.com/track/45WkcBtgPS8xulUwEg63X1,,,
536,playlists,,Vacay,Aminé,2025,https://open.spotify.com/track/2Z94scAOu1QPc9JBy4x44S,,,
537,playlists,,WHY?,Aminé,2018,https://open.spotify.com/track/4qV3FpOX5NQbghsnmx3wKX,,,
538,playlists,,DAPPERDAN (feat. G Herbo),"Aminé, G Herbo",2018,https://open.spotify.com/track/0iMIQ9pTAwimaR9gpUwOgo,,,
539,playlists,,HICCUP (feat. Gunna),"Aminé, Gunna",2018,https://open.spotify.com/track/4TaGhbUWsmOWrQt8w3sA9x,,,
540,playlists,,Yellow,"Aminé, Nelly",2017,https://open.spotify.com/track/4Hj5yNHgu2dyrnzRQN7Gld,,,
541,playlists,,SUGARPARENTS (feat. Rico Nasty),"Aminé, Rico Nasty",2018,https://open.spotify.com/track/2WS2N8wgs9Drd5MNJLJxkf,,,
542,playlists,,"Pressure In My Palms (feat. slowthai, Vince Staples)","Aminé, slowthai, Vince Staples",2020,https://open.spotify.com/track/2nWB8ZpA1lxulicEUzTQ6W,,,
543,playlists,,Passenger Princess (feat. Smino),"Aminé, Smino",2024,https://open.spotify.com/track/4XXARhW0U9SKGQJcnYIDAC,,,
544,playlists,,Veggies,"Aminé, Ty Dolla $ign",2017,https://open.spotify.com/track/34yAAS72vZUXvsQPHGZexE,,,
545,playlists,,Compensating (feat. Young Thug),"Aminé, Young Thug",2020,https://open.spotify.com/track/1Tpn9QCsj746NNbDxQ24gr,,,
546,playlists,,BAD TIMING INTERLUDE,Amir Obe,2017,https://open.spotify.com/track/4z0MC3yVn2WM5aoXTajpKU,,,
547,playlists,,Before the Vomit,Amir Obe,2016,https://open.spotify.com/track/6vx3B8PW3Vt1RTLpmxIwPp,,,
548,playlists,,Bloodshot,Amir Obe,2018,https://open.spotify.com/track/1abLP4Ppg2Vsetnx2f3NCR,,,
549,playlists,,CIGARETTES,Amir Obe,2017,https://open.spotify.com/track/3TfTZ3fGLYtR1azsY8iEp4,,,
550,playlists,,ENEMIES,Amir Obe,2017,https://open.spotify.com/track/7xMfEa2LiJEecDg90ux5Se,,,
551,playlists,,Famous,Amir Obe,2018,https://open.spotify.com/track/6wLjM2HYTmy99HzSr0dFTE,,,
552,playlists,,FREE,Amir Obe,2017,https://open.spotify.com/track/0Eet41iyLiVDtBmLp447pA,,,
553,playlists,,Happening,Amir Obe,2015,https://open.spotify.com/track/2JbNx2R6LaF2dZ2CYA1kDV,,,
554,playlists,,Holy Shit,Amir Obe,2018,https://open.spotify.com/track/3QH9zoFseFsJDiqr0HY4kc,,,
555,playlists,,If I Jump,Amir Obe,2018,https://open.spotify.com/track/0C42kuXV8DNlXzJTIUNFFE,,,
556,playlists,,Juliet,Amir Obe,2018,https://open.spotify.com/track/4VfqWX8IUrb3u7RypiZqqO,,,
557,playlists,,Just Know,Amir Obe,2015,https://open.spotify.com/track/782IcN2qXiuuZjx1FS3iAC,,,
558,playlists,,Kill Your Pride - Bonus Track,Amir Obe,2015,https://open.spotify.com/track/0RahvXZJ9bzTKvwtmSnIo5,,,
559,playlists,,NATURALLY,Amir Obe,2017,https://open.spotify.com/track/62LFFIgexF6K6FgT7F3iGO,,,
560,playlists,,On a Ride,Amir Obe,2015,https://open.spotify.com/track/1pjm05AVvwYJNHQkL8JfI1,,,
561,playlists,,One Night Thing,Amir Obe,2016,https://open.spotify.com/track/5q0NTdTRsMKdEmIDQc6j3w,,,
562,playlists,,Reset,Amir Obe,2018,https://open.spotify.com/track/1nynzV70VzfWjcCX9u64QV,,,
563,playlists,,Romeo,Amir Obe,2018,https://open.spotify.com/track/2VZDujZxmIDhW1G2sPsKqQ,,,
564,playlists,,Say No More,Amir Obe,2015,https://open.spotify.com/track/44dvAfibxim6nEbQljy98l,,,
565,playlists,,Tell Stories (Interlude),Amir Obe,2015,https://open.spotify.com/track/7wl4mqwHiKsDJoOQFdeoW5,,,
566,playlists,,The Only,Amir Obe,2015,https://open.spotify.com/track/03pcYHfUc4Yc9ChcoGf0zJ,,,
567,playlists,,Took You Seriously,Amir Obe,2016,https://open.spotify.com/track/1INuxWCWyhe19KD0b2ndxe,,,
568,playlists,,VIP,Amir Obe,2015,https://open.spotify.com/track/5tdNS5Gi14nolpY9niGlaA,,,
569,playlists,,WISH YOU WELL,Amir Obe,2017,https://open.spotify.com/track/5TidpShGz6Jxsbx8fzKDlC,,,
570,playlists,,YELLOW LIGHTS,Amir Obe,2017,https://open.spotify.com/track/2qpvBU33JLYVaE0tFAi9AO,,,
571,playlists,,Shadow,"Amir Obe, Blitz//Berlin",2020,https://open.spotify.com/track/59aX7zDlI7QETCmY4mTkpO,,,
572,playlists,,Still No Good,"Amir Obe, Eli Sostre",2015,https://open.spotify.com/track/2imtf7mjk24rRwykjylccq,,,
573,playlists,,I'm Good,"Amir Obe, PARTYNEXTDOOR",2015,https://open.spotify.com/track/283tKnbdYdj5Jd3Hg2HfIV,,,
574,playlists,,Hertz,Amyl and The Sniffers,2021,https://open.spotify.com/track/4GIeQy7OzftStBoimCWIMU,,,
575,playlists,,6 Summers,Anderson .Paak,2018,https://open.spotify.com/track/0lG7iyNSstVOLV6faMIHdD,,,
576,playlists,,Bubblin,Anderson .Paak,2018,https://open.spotify.com/track/6BvtitRX5lQC87YlA6rq0n,,,
577,playlists,,Celebrate,Anderson .Paak,2016,https://open.spotify.com/track/1zlclNkERGFrCxznXOgkD3,,,
578,playlists,,Come Down,Anderson .Paak,2016,https://open.spotify.com/track/276zciJ7Fg7Jk6Ta6QuLkp,Comé,city,medium
579,playlists,,Heart Don't Stand a Chance,Anderson .Paak,2016,https://open.spotify.com/track/25GlFJq5QNAXyVgJvCZ4Mf,,,
580,playlists,,JEWELZ,Anderson .Paak,2020,https://open.spotify.com/track/2IFFKj9orAsQOOS0JRhHAW,,,
581,playlists,,King James,Anderson .Paak,2019,https://open.spotify.com/track/5ri4b7YQp2PWn8tl3MRYgE,,,
582,playlists,,Left To Right,Anderson .Paak,2018,https://open.spotify.com/track/5sEKWiSjsWKsmV9IOvYKhD,,,
583,playlists,,Lockdown,Anderson .Paak,2020,https://open.spotify.com/track/5oZps6mYqU5s7A4WjUZggJ,,,
584,playlists,,Parking Lot,Anderson .Paak,2016,https://open.spotify.com/track/5zyySSTcBpXQ8gSbuONRH7,,,
585,playlists,,Put Me Thru,Anderson .Paak,2016,https://open.spotify.com/track/70SjyVMzhmMeJQD8hOmIBp,,,
586,playlists,,Saviers Road,Anderson .Paak,2018,https://open.spotify.com/track/3LfnrqODEqXpp7s974cT4z,Saviers Road,pattern,low
587,playlists,,Silicon Valley,Anderson .Paak,2016,https://open.spotify.com/track/6zyXhzPJg7dCGuC5ToIxqN,Silicon Valley,region,high
588,playlists,,The Bird,Anderson .Paak,2016,https://open.spotify.com/track/7pamxApUs3CE8t7tKmUJ6Z,,,
589,playlists,,The Season | Carry Me,Anderson .Paak,2016,https://open.spotify.com/track/5G0nSEIT0fGUZY0caM9AnH,,,
590,playlists,,Twilight,Anderson .Paak,2019,https://open.spotify.com/track/1ZFg3nGsUSqkwmMPU9qLHk,,,
591,playlists,,Water Fall (Interluuube),Anderson .Paak,2016,https://open.spotify.com/track/3qUNcMXZBO5vvhSHLhBpJ9,,,
592,playlists,,Who R U?,Anderson .Paak,2018,https://open.spotify.com/track/4kHSIZyIEijaMuZpV8GS1p,,,
593,playlists,,Winners Circle,Anderson .Paak,2019,https://open.spotify.com/track/3AN70xkC9i9fFBpKlukRhY,,,
594,playlists,,Yada Yada,Anderson .Paak,2019,https://open.spotify.com/track/13UTQPeYjMFgalnk6rQ8sM,,,
595,playlists,,Your Prime,Anderson .Paak,2016,https://open.spotify.com/track/1GJr5BQIOvzFEoQlrufunl,,,
596,playlists,,Come Home (feat. André 3000),"Anderson .Paak, André 3000",2019,https://open.spotify.com/track/6RpunyUP44SDweJPDScLSF,Comé,city,medium
597,playlists,,Sweet Chick (feat. BJ The Chicago Kid),"Anderson .Paak, BJ The Chicago Kid",2018,https://open.spotify.com/track/1eMWxSLN7rDSDSrvKSj8gS,,,
598,playlists,,The Waters (feat. BJ the Chicago Kid),"Anderson .Paak, BJ The Chicago Kid",2016,https://open.spotify.com/track/23T4gelZgImtFxbHjXnYbm,,,
599,playlists,,Jet Black (feat. Brandy),"Anderson .Paak, Brandy",2019,https://open.spotify.com/track/70pZIQqQ37SrNCADx0FiPN,,,
600,playlists,,Mansa Musa (feat. Dr. Dre & Cocoa Sarai),"Anderson .Paak, Cocoa Sarai, Dr. Dre",2018,https://open.spotify.com/track/6i0z6l4tMurGmW82VhzoLi,Mansa,city,high
601,playlists,,Trippy (feat. J. Cole),"Anderson .Paak, J. Cole",2018,https://open.spotify.com/track/2lRe5wBRm4xaSKTbDn2vLD,,,
602,playlists,,Good Heels (feat. Jazmine Sullivan),"Anderson .Paak, Jazmine Sullivan",2019,https://open.spotify.com/track/1BSZGNpIm2nBt1hWSK2bRp,,,
603,playlists,,The Chase (feat. Kadhja Bonet),"Anderson .Paak, Kadhja Bonet",2018,https://open.spotify.com/track/48Y9pNe30o273HGYKyMKj9,,,
604,playlists,,Tints (feat. Kendrick Lamar),"Anderson .Paak, Kendrick Lamar",2018,https://open.spotify.com/track/7c3SbTuufigBWURcICnAWy,,,
605,playlists,,Reachin' 2 Much (feat. Lalah Hathaway),"Anderson .Paak, Lalah Hathaway",2019,https://open.spotify.com/track/577g1tDBKntqev2lLDydxs,,,
606,playlists,,What Can We Do? (feat. Nate Dogg),"Anderson .Paak, Nate Dogg",2019,https://open.spotify.com/track/0kOxmoYqRXjAnc5ZfQ6TIs,,,
607,playlists,,Headlow (feat. Norelle),"Anderson .Paak, Norelle",2018,https://open.spotify.com/track/0L38hbPRV0C4x6CH7WZe1W,,,
608,playlists,,Brother's Keeper (feat. Pusha T),"Anderson .Paak, Pusha T",2018,https://open.spotify.com/track/7GvKDZP30uHX0p8y3Kn6BM,,,
609,playlists,,Cheers (feat. Q-Tip),"Anderson .Paak, Q-Tip",2018,https://open.spotify.com/track/4qNijbGeHqlcFWrGrATFOX,,,
610,playlists,,Without You (feat. Rapsody),"Anderson .Paak, Rapsody",2016,https://open.spotify.com/track/2UYPFtrIIaIQdxLCaFwjFu,,,
611,playlists,,CUT EM IN (feat. Rick Ross),"Anderson .Paak, Rick Ross",2020,https://open.spotify.com/track/68wXv4DokvcOVNvuJ7FbWp,,,
612,playlists,,Am I Wrong (feat. ScHoolboy Q),"Anderson .Paak, ScHoolboy Q",2016,https://open.spotify.com/track/1UjyF6okUHhnVxaLV8ojsA,,,
613,playlists,,Already (feat. SiR),"Anderson .Paak, SiR",2014,https://open.spotify.com/track/1R31tpwFjbzVvPuw5bOVgH,,,
614,playlists,,Make It Better (feat. Smokey Robinson),"Anderson .Paak, Smokey Robinson",2019,https://open.spotify.com/track/4SBVWkRIMJ6WBCYPvr5Bwr,,,
615,playlists,,"Anywhere (feat. Snoop Dogg & The Last Artful, Dodgr)","Anderson .Paak, Snoop Dogg, The Last Artful, Dodgr",2018,https://open.spotify.com/track/4n02GblHZte3q5AzcLHlIK,,,
616,playlists,,Chosen One (feat. Sonyae Elise),"Anderson .Paak, Sonyae",2019,https://open.spotify.com/track/0xmysmjwaEZfDeNlPUa8Iq,,,
617,playlists,,Smile/Petty (feat. Sonyae Elise),"Anderson .Paak, Sonyae",2018,https://open.spotify.com/track/4mnetrP6ozVrc5lkM07WP3,,,
618,playlists,,The Dreamer (feat. Talib Kweli & Timan Family Choir),"Anderson .Paak, Talib Kweli, Timan Family Choir",2016,https://open.spotify.com/track/2sNhYJ2ggd9BadlTXU3Mah,,,
619,playlists,,Lite Weight (feat. The Free Nationals United Fellowship Choir),"Anderson .Paak, The Free Nationals United Fellowship Choir",2016,https://open.spotify.com/track/2vJIsdYIthbnWgLaLD9yrj,,,
620,playlists,,Room in Here (feat. The Game & Sonyae Elise),"Anderson .Paak, The Game, Sonyae",2016,https://open.spotify.com/track/6Lr9sGM6kARYVDL2dj0lqV,,,
621,playlists,,Frikitona,Andruss,2023,https://open.spotify.com/track/0q9YhUuxm8G1UatNDgBAdh,,,
622,playlists,,Know That's Right,Andy Mineo,2015,https://open.spotify.com/track/4Enix8OwqfEIAI4s6cNcTm,,,
623,playlists,,Chances,Anfa Rose,2020,https://open.spotify.com/track/14fFfg2ZRoy61pIObH5kcC,,,
624,playlists,,Come Clean,Anfa Rose,2018,https://open.spotify.com/track/5jRSCdszeggflE0vSMXhzd,Comé,city,medium
625,playlists,,Interiors,Anfa Rose,2018,https://open.spotify.com/track/0Q73CD4Yp5aPS7m4AgnXMT,,,
626,playlists,,Saviour,Anfa Rose,2019,https://open.spotify.com/track/3pSkFOzZlTV0WHIcdieLnZ,,,
627,playlists,,Moonrise Kingdom,Angel Haze,2015,https://open.spotify.com/track/66Cl8DBb0lN92Zxc6DuzRe,,,
628,playlists,,Morning Song,"Angelo Armani, Pierre Comblat",2016,https://open.spotify.com/track/0B76RkIn7mijVpLKQvnUET,,,
629,playlists,,All Over You,"Angelo Mota, Michael Christmas",2016,https://open.spotify.com/track/1U6IMPy20hUBq1foQxkcw2,,,
630,playlists,,If I Could Go! (feat. Lil' Mo & Sacario),"Angie Martinez, Lil' Mo, Sacario",2019,https://open.spotify.com/track/5atAnyOv5YTg0AS7ADGaTa,,,
631,playlists,,What You Want - Fcukers Remix,"Angèle, Fcukers, Justice",2026,https://open.spotify.com/track/0vDEDfoMO57db8lb60xE2s,,,
632,playlists,,Uno Dos Tres Shurda,Anis Don Demina,2019,https://open.spotify.com/track/01FLc163t7XIEaiCQMUJ2i,,,
633,playlists,,Sorrow,ANKHLEJOHN,2018,https://open.spotify.com/track/4ihW4GdJSW98Qlvnjj0sYy,,,
634,playlists,,The Church at Auvers,ANKHLEJOHN,2018,https://open.spotify.com/track/0E7tj05QD0rn4S6PoHiQD3,,,
635,playlists,,The Night Café,ANKHLEJOHN,2018,https://open.spotify.com/track/6CqoHR65Wg9Qj6ny6gLaEm,,,
636,playlists,,The Pink Peach Tree,ANKHLEJOHN,2018,https://open.spotify.com/track/3RjbYMxeJ18gieoKGTQH2V,,,
637,playlists,,The Potato Eaters,ANKHLEJOHN,2018,https://open.spotify.com/track/6glOmO2Qde15NnSzArwIKU,,,
638,playlists,,The Red Vineyard,ANKHLEJOHN,2018,https://open.spotify.com/track/5zVT4xY7sgUIXkfMDtzUG5,Vineyard,city,medium
639,playlists,,The Starry Night,ANKHLEJOHN,2018,https://open.spotify.com/track/4KxCStbJDzhUmSQ1Qwt9vN,,,
640,playlists,,The Yellow House,ANKHLEJOHN,2018,https://open.spotify.com/track/5m3gmhF438Gjzsnn2EYUpN,,,
641,playlists,,Two Crabs,ANKHLEJOHN,2018,https://open.spotify.com/track/02lc16ZyJc7NcITcaTWOvJ,,,
642,playlists,,At Eternity's Gate,"ANKHLEJOHN, Crimeapple, Lil Eto, Fly Anakin",2018,https://open.spotify.com/track/5reUaCY5dC4T5E9PY6FENW,,,
643,playlists,,Almond Blossoms,"ANKHLEJOHN, Hus KingPin",2018,https://open.spotify.com/track/44sgAZ0uCz1KjbqyNC8Eva,,,
644,playlists,,303,Anna Lunoe,2019,https://open.spotify.com/track/5c1mH4n248moXSUixWGdWt,,,
645,playlists,,Supergirl - Radio Edit,"Anna Naklab, Alle Farben, YouNotUs",2015,https://open.spotify.com/track/42T2cHLiEvuVytZt22YVsS,,,
646,playlists,,Breathe (2 AM),Anna Nalick,2005,https://open.spotify.com/track/5auMzVHFr5Zfw6IbKarZ56,,,
647,playlists,,Supernova,Ansel Elgort,2018,https://open.spotify.com/track/2TDYcGKFjCNVju1vWvvZhq,,,
648,playlists,,Appreciation,"Ant Clemons, 2 Chainz, Ty Dolla $ign",2021,https://open.spotify.com/track/3mvMkZMSvp7Xjd9JCAC1Y7,,,
649,playlists,,Real Love - Radio Mix,Antonio Giacca,2015,https://open.spotify.com/track/1Y9PS1Ot2a6ZhAJhkFF0fP,,,
650,playlists,,LFUTP (feat. Rizzoo Rizzoo & Lil Uzi Vert),"Ape Drums, Rizzoo Rizzoo, Lil Uzi Vert",2016,https://open.spotify.com/track/7wWkmpu7vYfslX4Yu3Dclb,,,
651,playlists,,The Night Has Missed Me,Aprile,2022,https://open.spotify.com/track/1b1e8KvnQBvvxKqlrR3Igz,,,
652,playlists,,Dirty,AQVOL,2019,https://open.spotify.com/track/6uV503qeIXXoBTuCt68AN5,,,
653,playlists,,The Thief in Marrakesh,Arc De Soleil,2019,https://open.spotify.com/track/3PLlvksV9NfmoGiZXEqunJ,Marrakesh,city,high
654,playlists,,Everything Now,Arcade Fire,2017,https://open.spotify.com/track/7KsZHCfOitA5V9oQYVdltG,,,
655,playlists,,Fluorescent Adolescent,Arctic Monkeys,2007,https://open.spotify.com/track/7e8utCy2JlSB8dRHKi49xM,,,
656,playlists,,I Bet You Look Good On The Dancefloor,Arctic Monkeys,2006,https://open.spotify.com/track/3DQVgcqaP3iSMbaKsd57l5,,,
657,playlists,,Spaceships,AREA21,2016,https://open.spotify.com/track/7Ktv8bQUjZt0rr16qgB4h2,,,
658,playlists,,Pantheon,"Argy, Goom Gum",2023,https://open.spotify.com/track/2fY9O2PpELY5hubBbC2zEG,,,
659,playlists,,Bitter,Ari Lennox,2022,https://open.spotify.com/track/621lkZLIzyQaFlwrRQYEav,,,
660,playlists,,BMO,Ari Lennox,2019,https://open.spotify.com/track/7Ffgp7DIow5wECYQyzEiTq,,,
661,playlists,,Chicago Boy,Ari Lennox,2019,https://open.spotify.com/track/0Gx7phIMvHVT7pXk03h0rH,Chicago,city,high
662,playlists,,Chocolate Pomegranate,Ari Lennox,2020,https://open.spotify.com/track/67M0ONQYZV4MmD7QyhNvz3,,,
663,playlists,,Facetime,Ari Lennox,2019,https://open.spotify.com/track/2q4cLqUTbjtvlXIcaa85TA,,,
664,playlists,,Hoodie,Ari Lennox,2022,https://open.spotify.com/track/4WQquFaW7w5ddLqjgwUizy,,,
665,playlists,,I Been,Ari Lennox,2019,https://open.spotify.com/track/4elUB6bs5rrPbqlajs1oYp,,,
666,playlists,,New Apartment,Ari Lennox,2019,https://open.spotify.com/track/587qpoPHuXkSRSykLM4EBp,,,
667,playlists,,Pedigree,Ari Lennox,2018,https://open.spotify.com/track/4dzbGvxqQ1DsF6m6RUlPwg,,,
668,playlists,,Pop,Ari Lennox,2019,https://open.spotify.com/track/4wW79p4e4hjTpHVQX3Znoy,,,
669,playlists,,Pressure,Ari Lennox,2021,https://open.spotify.com/track/6ElfCM1XppU0YWkkFYh4s2,,,
670,playlists,,Speak To Me,Ari Lennox,2019,https://open.spotify.com/track/2ZV03Ca2m4lNnX5gIjf3ef,,,
671,playlists,,Static,Ari Lennox,2019,https://open.spotify.com/track/1ZTI9EJiYLBWrPEqcDFWh3,,,
672,playlists,,Up Late,Ari Lennox,2019,https://open.spotify.com/track/4ZSQS1o7qYAXJa5I37lk5x,,,
673,playlists,,Waste My Time,Ari Lennox,2022,https://open.spotify.com/track/6Vt2v8xwxcGqAOcTKlBeWo,,,
674,playlists,,Whipped Cream,Ari Lennox,2019,https://open.spotify.com/track/56IszkEOG5lFShWevvEH3R,,,
675,playlists,,If You Want Me To Stay (with Anthony Ramos),"Ari Lennox, Anthony Ramos",2020,https://open.spotify.com/track/177Gk50xMUz4QMiEXLARFP,,,
676,playlists,,Shea Butter Baby (with J. Cole),"Ari Lennox, J. Cole",2018,https://open.spotify.com/track/1CVAENDG5VY05pEHh0ViXL,,,
677,playlists,,Broke (feat. JID),"Ari Lennox, JID",2019,https://open.spotify.com/track/3UqLP9Cq1DNryqu9scjak0,,,
678,playlists,,Queen Space (with Summer Walker),"Ari Lennox, Summer Walker",2022,https://open.spotify.com/track/3Gz3Tl8TicQbsR0OGvmc6C,,,
679,playlists,,Angry Birds Theme,Ari Pulkkinen,2020,https://open.spotify.com/track/1KcGATB1td3bv4QO2N3qH1,,,
680,playlists,,Just Look Up (From Don’t Look Up),"Ariana Grande, Kid Cudi",2021,https://open.spotify.com/track/3QPBocWfIcOCdFFvmqn60F,,,
681,playlists,,off the table (with The Weeknd),"Ariana Grande, The Weeknd",2020,https://open.spotify.com/track/7E1jVNoWuemqUryI4FxsVD,,,
682,playlists,,AMY'S GRAVE,Aries,2019,https://open.spotify.com/track/3FX4QpDKyovXdgtPEto2WR,,,
683,playlists,,BAD NEWS,Aries,2019,https://open.spotify.com/track/1oJbzZINptfVVsi8SYWFqW,,,
684,playlists,,CAROUSEL,Aries,2019,https://open.spotify.com/track/13EUeZHr8TplBqZ2lRC3h1,,,
685,playlists,,DEITY,Aries,2019,https://open.spotify.com/track/3XqnUaQFZLAyo4cRRfAWO8,,,
686,playlists,,FOOL'S GOLD,Aries,2020,https://open.spotify.com/track/1ryUAnJ3gPNtw85hwiVA7Z,,,
687,playlists,,HOME,Aries,2019,https://open.spotify.com/track/6OYj0wpD7HSuhrH1kAfVRG,,,
688,playlists,,PONY,Aries,2019,https://open.spotify.com/track/4Nu0Ja0mMSAmmsoPuvVSe9,,,
689,playlists,,RACECAR,Aries,2019,https://open.spotify.com/track/7BnKz4nK7U7c6gUp4m0266,,,
690,playlists,,SANTA MONICA,Aries,2019,https://open.spotify.com/track/0JO1CEUuyozopyTLPEMmhj,Santa Monica,city,high
691,playlists,,SAYONARA,Aries,2019,https://open.spotify.com/track/07u8Rtp1wIk52eq4B1HJBd,,,
692,playlists,,Don't Chase,Arin Ray,2019,https://open.spotify.com/track/373FMbCVzyqEhrbCe66FbB,,,
693,playlists,,Take (feat. Ty Dolla $ign),"Arin Ray, Ty Dolla $ign",2018,https://open.spotify.com/track/5OGs816LFBGj0qS0jY68hL,,,
694,playlists,,RACE,Arizona Zervas,2019,https://open.spotify.com/track/4PCua68lpXoIfwtg8lLFMm,,,
695,playlists,,She Stole My Heart,Ark Woods,2019,https://open.spotify.com/track/3SsBOP6ESTsu9KtbgjKycE,,,
696,playlists,,Leather Jacket,Arkells,2014,https://open.spotify.com/track/7iDPOnnIRfhsau33KevZ2r,,,
697,playlists,,My Heart's Always Yours,Arkells,2016,https://open.spotify.com/track/5Thu5cuRc1VtDeTu7p8Pni,,,
698,playlists,,Good Time - Mason Remix,"Arling & Cameron, DUZT, Mason",2015,https://open.spotify.com/track/2m5QdHK8pqoorsS9cePvX3,,,
699,playlists,,The City of New Orleans,Arlo Guthrie,2004,https://open.spotify.com/track/0P6TTXbSLGrSoTNMz5kvB7,New Orleans,city,high
700,playlists,,2SIDED,Arlo Parks,2026,https://open.spotify.com/track/1kdHE79HtKUGmJ1vDyp69j,,,
701,playlists,,Blades,Arlo Parks,2023,https://open.spotify.com/track/77F6ryVdeVe0ZabzhpCad2,,,
702,playlists,,Eugene,Arlo Parks,2021,https://open.spotify.com/track/39iRY3sjr8lsBVlBpDLwDu,,,
703,playlists,,Besides You,"Arlo, Emi Grace",2024,https://open.spotify.com/track/3jknaS3vLeNdICAXq1PiNX,,,
704,playlists,,I Want Your Soul - Prospa Remix,"Armand Van Helden, Prospa",2023,https://open.spotify.com/track/2ZPiyBKaaV2UNmA4JIMW6O,,,
705,playlists,,SILVER TOOTH. (with A$AP Ferg),"Armani White, A$AP Ferg",2023,https://open.spotify.com/track/5Xb9LkVG98JiLorzV9O56r,,,
706,playlists,,On & On,"Armin van Buuren, Punctual, Alika",2023,https://open.spotify.com/track/6wLqNGHQIja6xqT0cfrzBB,,,
707,playlists,,they like the way i flirt!,"Armut, Ayparia",2020,https://open.spotify.com/track/4ju52aXv4KS8Dm2NULU3MI,,,
708,playlists,,Deep Blue Sea,Art Lown,2019,https://open.spotify.com/track/6xHZ9IEAqWyaJt1kWX8lMX,,,
709,playlists,,Horizon,ARTBAT,2021,https://open.spotify.com/track/7Mqdzo9NcZLUwTAoyV2AeE,,,
710,playlists,,i like the way you kiss me,Artemas,2024,https://open.spotify.com/track/3JG1uFc40wfyrqaWC7iv0e,,,
711,playlists,,if u think i'm pretty,Artemas,2024,https://open.spotify.com/track/1ACA277B6f46DYCgZW8di3,,,
712,playlists,,(The Roaring of A) Silent Sun,"Arthur Jeffes, Cass Browne, Penguin Cafe",2014,https://open.spotify.com/track/5eiUPK5ILOd0YK7LXo8yaa,,,
713,playlists,,Catania,"Arthur Jeffes, Des Murphy, Penguin Cafe",2014,https://open.spotify.com/track/0WwwqNDxhoOpYhDfiFHcUs,Catania,city,high
714,playlists,,Two Beans Shaker,"Arthur Jeffes, Des Murphy, Penguin Cafe",2011,https://open.spotify.com/track/3XCIbP7CX3YFeZpXtrVhPs,,,
715,playlists,,1420,"Arthur Jeffes, Penguin Cafe",2014,https://open.spotify.com/track/1GYUoU7EB7edOPf3CMZFWx,,,
716,playlists,,And Yet...,"Arthur Jeffes, Penguin Cafe",2014,https://open.spotify.com/track/0HWsK2KJwd2q52WhFYcpjm,,,
717,playlists,,Aurora,"Arthur Jeffes, Penguin Cafe",2014,https://open.spotify.com/track/52TOj7mV7vkUSqHMDCl123,,,
718,playlists,,Black Hibiscus,"Arthur Jeffes, Penguin Cafe",2014,https://open.spotify.com/track/3cEIWGuUdWUxcA4YfhlbmG,,,
719,playlists,,Bluejay,"Arthur Jeffes, Penguin Cafe",2014,https://open.spotify.com/track/5BujTxMWIV8IlgVf85OK4v,,,
720,playlists,,Coriolis,"Arthur Jeffes, Penguin Cafe",2011,https://open.spotify.com/track/6pW9tWRY0LUdsZD7tZKfFm,,,
721,playlists,,Finland,"Arthur Jeffes, Penguin Cafe",2011,https://open.spotify.com/track/4XY2CTdrk1YFUrW6gO0znA,Finland,country,high
722,playlists,,From a Blue Temple,"Arthur Jeffes, Penguin Cafe",2011,https://open.spotify.com/track/6P8UDFlK8lRQB4UjfHzpiP,,,
723,playlists,,Ghost in the Pond,"Arthur Jeffes, Penguin Cafe",2011,https://open.spotify.com/track/1f77Od4eQqfLZ1hPWLq8Tv,,,
724,playlists,,Harry Piers,"Arthur Jeffes, Penguin Cafe",2011,https://open.spotify.com/track/1x6w3vUlvhknM2vfqvOzLW,,,
725,playlists,,Moonbo,"Arthur Jeffes, Penguin Cafe",2014,https://open.spotify.com/track/4xHj2U0sCpATeu6hXhvAuj,,,
726,playlists,,Odeon,"Arthur Jeffes, Penguin Cafe",2014,https://open.spotify.com/track/0doGZ19QoYFn1c2Bt2ItTo,,,
727,playlists,,Pale Peach Jukebox,"Arthur Jeffes, Penguin Cafe",2011,https://open.spotify.com/track/5UScwXKq1EaluA7rWz7eMn,,,
728,playlists,,Radio Bemba,"Arthur Jeffes, Penguin Cafe",2014,https://open.spotify.com/track/75XmWwHQKUVIZVIr0yZT7G,,,
729,playlists,,Sundog,"Arthur Jeffes, Penguin Cafe",2011,https://open.spotify.com/track/2k0LGndTVn6ao2Ii3vJi3y,,,
730,playlists,,"That, Not That","Arthur Jeffes, Penguin Cafe",2011,https://open.spotify.com/track/7r1ULdDcKlRKkmlRrVnYcE,,,
731,playlists,,The Fox and the Leopard,"Arthur Jeffes, Penguin Cafe",2011,https://open.spotify.com/track/6yv6WM9gh6FVCW1bubBOXS,,,
732,playlists,,Landau,"Arthur Jeffes, Penguin Café and Kathryn Tickell",2011,https://open.spotify.com/track/1IJAlJ94h71yIwRxwZhhKc,,,
733,playlists,,Active,"Asake, Travis Scott",2024,https://open.spotify.com/track/2TOk5OzW5sL83ndKYZJmU7,,,
734,playlists,,ZIG ZAGGING,Asha Imuno,2022,https://open.spotify.com/track/3N1iERegpLyK2hztjYNp0M,,,
735,playlists,,G.R.I.N.D. (Get Ready It's A New Day),Asher Roth,2010,https://open.spotify.com/track/0R2yQJOFsKqS0SsgPdWqtP,,,
736,playlists,,Itty Bitty,Ashnikko,2025,https://open.spotify.com/track/6TxJ6ocfLpkKkY8152ttpM,,,
737,playlists,,Truth,Asian Doll,2019,https://open.spotify.com/track/3Pq7NjrIwAquVGir1z2aud,,,
738,playlists,,4 for 4$,at Wendys,2018,https://open.spotify.com/track/2RFfoAfYFvY7PyjhTESUpi,,,
739,playlists,,Clownin,at Wendys,2018,https://open.spotify.com/track/15mZpm7dj6D4rTQgsAgATN,,,
740,playlists,,Holding It Down,at Wendys,2018,https://open.spotify.com/track/17rGphofC5RtvEn3OmOxq8,,,
741,playlists,,Rest in Grease,at Wendys,2018,https://open.spotify.com/track/6z3OqNtss7x8e1pNrt7gBm,,,
742,playlists,,Twitter Fingers,at Wendys,2018,https://open.spotify.com/track/1fHfF8eW8uTM9JlP0vPdPR,,,
743,playlists,,Sunshine,Atmosphere,2018,https://open.spotify.com/track/7wdx4RyIAgjRNoJLhjsnh4,,,
744,playlists,,The Loser Wins,Atmosphere,2010,https://open.spotify.com/track/1leIsMj7tLnqmy1695wxiP,,,
745,playlists,,Rainbow,ATRIP,2024,https://open.spotify.com/track/6U35HFngpxlsS1MvPrw0yT,,,
746,playlists,,Cochise,Audioslave,2002,https://open.spotify.com/track/4OCzAGgyWsUKpdWufYywZm,,,
747,playlists,,Troublemakers,Austin Lam,2017,https://open.spotify.com/track/1vW5eNnzRc0R4Cqrz0CfSc,,,
748,playlists,,F(r)iends,Avantdale Bowling Club,2018,https://open.spotify.com/track/004yCDMi3QG6WBTJoW1N4C,,,
749,playlists,,Home,Avantdale Bowling Club,2018,https://open.spotify.com/track/6EBYH2BtPOSe6ewd3syq2X,,,
750,playlists,,Old Dogs,Avantdale Bowling Club,2018,https://open.spotify.com/track/0MawcSELf3GcB0JaqTRiII,,,
751,playlists,,Pocket Lint,Avantdale Bowling Club,2018,https://open.spotify.com/track/3BxWXz3xIHAthOSvvTEjyv,,,
752,playlists,,Quincy's March,Avantdale Bowling Club,2018,https://open.spotify.com/track/3jR1r79HXChyk1K9POR9Ap,,,
753,playlists,,Tea Break,Avantdale Bowling Club,2018,https://open.spotify.com/track/5xgXKk2vKKtgKFGzUT0f93,,,
754,playlists,,Water Medley,Avantdale Bowling Club,2018,https://open.spotify.com/track/6IlCnQx090tvN1yNdVQkJV,,,
755,playlists,,Years Gone By,Avantdale Bowling Club,2018,https://open.spotify.com/track/1yiQ4iClDVSJemlFoLk3h2,,,
756,playlists,,Levels - Radio Edit,Avicii,2011,https://open.spotify.com/track/5UqCQaDshqbIk3pkhy4Pjg,,,
757,playlists,,Sk8er Boi,Avril Lavigne,2002,https://open.spotify.com/track/4omisSlTk6Dsq2iQD7MA07,,,
758,playlists,,Wax On Wax Off,"Awich, A$AP Ferg, Lupe Fiasco, RZA",2025,https://open.spotify.com/track/6OOVIYZMAaSGan0VblqAaq,,,
759,playlists,,Rhythm,"AWOL One, Daddy Kev",2001,https://open.spotify.com/track/6sxULAvsj0PgrWxx1IFJrw,,,
760,playlists,,Fresh Meat,Ayesha Erotica,2017,https://open.spotify.com/track/6xNnctph2M78jyvOj2XVWi,,,
761,playlists,,Morning Dew,Ayuthya,2016,https://open.spotify.com/track/2FTsQLoFhPfqNHBz6rfa9e,,,
762,playlists,,HYPNOSIS,"AYYBO, ero808",2022,https://open.spotify.com/track/5KFasflYKU9VnMTthjNXNv,,,
763,playlists,,Just Because,AZ,1998,https://open.spotify.com/track/4qWHy2c9r9ehMgyyTpx04H,,,
764,playlists,,Ready,Azad,2016,https://open.spotify.com/track/6Bc49o08zvo7bXEw950nj7,,,
765,playlists,,212,"Azealia Banks, Lazy Jay",2011,https://open.spotify.com/track/6cPf9tEes3kLf9zXN71z1Q,,,
766,playlists,,96 Bounce,Azizi Gibson,2018,https://open.spotify.com/track/1EnLdOZbFhRslA94kRh4C3,,,
767,playlists,,Barbie,Azizi Gibson,2018,https://open.spotify.com/track/1fxY24A4jVvDGf4BAn7U7b,,,
768,playlists,,Headknocker,Azizi Gibson,2018,https://open.spotify.com/track/0J8N2uEkjs1MNlTxuhma2z,,,
769,playlists,,Intro (Doug Funny),Azizi Gibson,2018,https://open.spotify.com/track/1eSVwEbpFF4pNmwlP0bFZj,,,
770,playlists,,Muriel & Eustace,Azizi Gibson,2018,https://open.spotify.com/track/4xrqZznz1kf8E7Ncp8BL6n,,,
771,playlists,,Only Ever Love,Azizi Gibson,2018,https://open.spotify.com/track/35tvYf3cZEOP7TRhCJi8Ez,,,
772,playlists,,Rihanna,Azizi Gibson,2018,https://open.spotify.com/track/0DUIIBrHkK02UqpIHtAKF5,,,
773,playlists,,Slime,Azizi Gibson,2018,https://open.spotify.com/track/4zMDl8WGuyn58tL5vvmtt4,,,
774,playlists,,Trap Reaper Parody,Azizi Gibson,2018,https://open.spotify.com/track/2icd6h2570gFDCyNIdynUC,,,
775,playlists,,Xenophile,Azizi Gibson,2018,https://open.spotify.com/track/6ZjHJjSHRb6NqIdxqnp4Az,,,
776,playlists,,Tinder,"Azizi Gibson, DJ Paul",2018,https://open.spotify.com/track/0efYfBAE2xSpl3Yqbw7yQb,,,
777,playlists,,Pressure,B.o.B,2020,https://open.spotify.com/track/28xcU8gzs8hJXWedK3ptxE,,,
778,playlists,,So Good,B.o.B,2012,https://open.spotify.com/track/28GUjBGqZVcAV4PHSYzkj2,,,
779,playlists,,HeadBand (feat. 2 Chainz),"B.o.B, 2 Chainz",2013,https://open.spotify.com/track/6gf1xlPETW9CwjsdnUzW3g,,,
780,playlists,,DoGG (feat. Sonny Digital),"B.o.B, Sonny Digital",2020,https://open.spotify.com/track/0tGqnMbpHLKsvuwMXrrE1b,,,
781,playlists,,Let Me Love U,Baauer,2022,https://open.spotify.com/track/2BoPkeahovHxCSfmmlEl26,,,
782,playlists,,Suga Suga,"Baby Bash, Frankie J",2003,https://open.spotify.com/track/14B2bUopOga5V3ypld7d6n,,,
783,playlists,,Pee Pee Poo Poo,Baby Kata,2015,https://open.spotify.com/track/1TdAyEAliofpnDMAz6709k,,,
784,playlists,,16,Baby Keem,2021,https://open.spotify.com/track/1Is8hGpkGMiePASAxBluxM,,,
785,playlists,,HONEST,Baby Keem,2019,https://open.spotify.com/track/58k32my5lKofeZRtIvBDg9,,,
786,playlists,,no sense,Baby Keem,2021,https://open.spotify.com/track/0TSyYtpSnQrLqsnbSTALTP,,,
787,playlists,,trademark usa,Baby Keem,2021,https://open.spotify.com/track/15hJmqqEtASVXl6sM7i4UF,America,region,high
788,playlists,,lost souls (with Brent Faiyaz),"Baby Keem, Brent Faiyaz",2021,https://open.spotify.com/track/02rdXe0KhMe8p6ZHzYtuw0,,,
789,playlists,,family ties (with Kendrick Lamar),"Baby Keem, Kendrick Lamar",2021,https://open.spotify.com/track/3QFInJAm9eyaho5vBzxInN,,,
790,playlists,,durag activity (with Travis Scott),"Baby Keem, Travis Scott",2021,https://open.spotify.com/track/6c5wQFfJApRMooKE7UQnlH,,,
791,playlists,,I Won't Tell,"Baby Rose, Smino",2023,https://open.spotify.com/track/1zsv1BLFCSedZ2CbkGBb4k,,,
792,playlists,,Eenie Meenie,Baby Tate,2021,https://open.spotify.com/track/4SClznXpl6IEK4ese5MULZ,,,
793,playlists,,Annie (pourquoi t'es partie ?),Babylones,2020,https://open.spotify.com/track/6N55O0p3Yd10UkyA25l49x,,,
794,playlists,,France,Babymorocco,2024,https://open.spotify.com/track/329Z2rgRpRJsk6IDbjZGu2,France,country,high
795,playlists,,"Yes Sir, I Can Boogie",Baccara,1998,https://open.spotify.com/track/2LScqpywMqGcnum6nNaxXX,,,
796,playlists,,Wit It,"Bachi, Namesake.",2020,https://open.spotify.com/track/4m7y9UglBAUmVsPP9lWjvN,,,
797,playlists,,Everybody (Backstreet's Back) - Extended Version,Backstreet Boys,1996,https://open.spotify.com/track/5WTxbyWTpoqhdxEN2szOnl,,,
798,playlists,,DtMF,Bad Bunny,2025,https://open.spotify.com/track/3sK8wGT43QFpWrvNQsrQya,,,
799,playlists,,EoO,Bad Bunny,2025,https://open.spotify.com/track/6J5kc12BW5HuP3d7C3vvx8,,,
800,playlists,,NUEVAYoL,Bad Bunny,2025,https://open.spotify.com/track/5TFD2bmFKGhoCRbX61nXY5,,,
801,playlists,,Tití Me Preguntó,Bad Bunny,2022,https://open.spotify.com/track/1IHWl5LamUGEuP4ozKQSXZ,,,
802,playlists,,give me a reason,bad tuner,2024,https://open.spotify.com/track/6C0qnaMsSpHWwCdQXPpK06,,,
803,playlists,,let em rock,bad tuner,2025,https://open.spotify.com/track/05qxjCX4kK6jSdkLWpMgaF,,,
804,playlists,,Dear Angie - Remastered 2010,Badfinger,1970,https://open.spotify.com/track/54qG9hpUjLgkgTJQ9qvB1P,,,
805,playlists,,I'd Die Babe - Remastered 2010,Badfinger,1971,https://open.spotify.com/track/5CmGnAY7I7Ggj303HZBbkX,,,
806,playlists,,These Words,"Badger, Natasha Bedingfield",2024,https://open.spotify.com/track/7leW1Dmvs9A4oDh9i5Qwpz,,,
807,playlists,,Hell N Back,Bakar,2019,https://open.spotify.com/track/3NRql0A1Ef4RCvT473iqgD,,,
808,playlists,,Baianá,Bakermat,2020,https://open.spotify.com/track/3q9oTSo64CrjOiPwI4DbWE,,,
809,playlists,,Designer,Balu Brigada,2023,https://open.spotify.com/track/41aABK6UlttIeeGplvwW5t,,,
810,playlists,,Baianá,Barbatuques,2005,https://open.spotify.com/track/4bndkI1TTh7itdsyixtDoD,,,
811,playlists,,One Week,Barenaked Ladies,1998,https://open.spotify.com/track/29hBRadFZf9QTGRHZmxm65,,,
812,playlists,,Christ Flow,Barny Fletcher,2019,https://open.spotify.com/track/4WObABrY9HaKz7v5UTSUua,,,
813,playlists,,How It Feels,Barry Can't Swim,2023,https://open.spotify.com/track/3NZz7DWeVQesSOn6mO39F7,,,
814,playlists,,Different - SBTRKT Sirens Remix,"Barry Can't Swim, SBTRKT",2025,https://open.spotify.com/track/47pj9VuNHhLUkpOmm5vqbQ,,,
815,playlists,,Barack Obama Special,Bas,2018,https://open.spotify.com/track/6ypfqRdhGKVM2rloD5oXmU,,,
816,playlists,,Designer,Bas,2018,https://open.spotify.com/track/3PXKM37YCejbgpRXQwoQ71,,,
817,playlists,,Front Desk,Bas,2018,https://open.spotify.com/track/069XLpELpSN1mNuoyNjEfm,,,
818,playlists,,Great Ones,Bas,2018,https://open.spotify.com/track/0x5vUPuVxroN5Ruk4bfpre,,,
819,playlists,,Infinity,Bas,2018,https://open.spotify.com/track/2U1o4m94J409IQ6Y3jPEii,,,
820,playlists,,PDA,Bas,2018,https://open.spotify.com/track/5667yBR4Syh98dcUTdkhwH,,,
821,playlists,,Purge,Bas,2018,https://open.spotify.com/track/3OORhRpIhCk21HaJwMAp5t,,,
822,playlists,,Sanufa,Bas,2018,https://open.spotify.com/track/6eb1IXdlTOyMbYIf52IUE1,,,
823,playlists,,Boca Raton (with A$AP Ferg),"Bas, A$AP Ferg",2018,https://open.spotify.com/track/72ic9IhRix05fIkRzGGMXD,Boca Raton,city,high
824,playlists,,Icarus (feat. Ari Lennox),"Bas, Ari Lennox",2018,https://open.spotify.com/track/5IU4Ym8qNpQFIo0EXUceRr,,,
825,playlists,,Fragrance (feat. Correy C),"Bas, Correy C",2018,https://open.spotify.com/track/3y3U0Ek183gHVBFxO6fFos,,,
826,playlists,,Infinity+2 (feat. Correy C),"Bas, Correy C",2018,https://open.spotify.com/track/0K4e9NIV1jrA0BajMFzOgd,,,
827,playlists,,Pinball II (feat .Correy C),"Bas, Correy C",2018,https://open.spotify.com/track/73Qx1L56VRLYyKqfSi3xLE,,,
828,playlists,,Jollof Rice (with EARTHGANG),"Bas, EARTHGANG",2019,https://open.spotify.com/track/3eCulo5yg6EwkTfYcy1Xmh,,,
829,playlists,,Night Job,"Bas, J. Cole",2016,https://open.spotify.com/track/5q5MyfXey3ms6IyT6TYf5L,,,
830,playlists,,Passport Bros (with J. Cole),"Bas, J. Cole",2023,https://open.spotify.com/track/3Owi7BjAeziHBYS0gLvHTQ,,,
831,playlists,,Tribe (with J. Cole),"Bas, J. Cole",2018,https://open.spotify.com/track/0YAQnYt2oB8OdoaeqnHyTI,,,
832,playlists,,The Jackie (with J. Cole & Lil Tjay),"Bas, J. Cole, Lil Tjay",2021,https://open.spotify.com/track/15qKrPi4Kg0z7g9HlwWyeb,,,
833,playlists,,Fried Rice (with JID),"Bas, JID",2019,https://open.spotify.com/track/5ismU0nq9mjhseSq1pLcuZ,,,
834,playlists,,"Spaceships + Rockets (with LION BABE, feat. Moe Moks, mOma+Guy)","Bas, LION BABE, Moe Moks, mOma+guy",2018,https://open.spotify.com/track/21JnajgprNOK5kEYrjEXZg,,,
835,playlists,,UNWRITTEN - TECHNO,"BASSTON, STRØBE",2023,https://open.spotify.com/track/2d4RE1aIT9MYdyeXLpPvRH,,,
836,playlists,,Calypso,"Bauchamp, Round Table Knights",2010,https://open.spotify.com/track/6BdmHmozz9yi5sQFGuefru,,,
837,playlists,,sunsunsun,Bay Ledges,2022,https://open.spotify.com/track/1S7RuAHGm0M0lrKb83sgm4,,,
838,playlists,,Focus (feat. 21 Savage),"Bazzi, 21 Savage",2019,https://open.spotify.com/track/12iDo4Kdw9vA2X1lN3UTVu,,,
839,playlists,,edamame,"bbno$, Rich Brian",2021,https://open.spotify.com/track/1uMHCAyGmHqyygoNRuo7MV,,,
840,playlists,,Bluebird,Beach House,2015,https://open.spotify.com/track/2ZwToUy7ZKvBBN2ik7kK0p,,,
841,playlists,,Silver Soul,Beach House,2010,https://open.spotify.com/track/2LZ2CNbcbJrwh53pitRgom,,,
842,playlists,,Space Song,Beach House,2015,https://open.spotify.com/track/7H0ya83CMmgFcOhw0UB6ow,,,
843,playlists,,The Backpack Song,Bear Attack!,2012,https://open.spotify.com/track/6O55F5DmlUkAVK8OMZ4fhr,,,
844,playlists,,Rubberband,"Beast Coast, Joey Bada$$, Flatbush Zombies, Erick the Architect",2019,https://open.spotify.com/track/7ei01vRetKuIqghf48ydKo,,,
845,playlists,,"Problemz (feat. Erick The Architect, CJ Fly, The Underachievers, Zombie Juice & Nyck Caution)","Beast Coast, Joey Bada$$, Flatbush Zombies, Erick the Architect, CJ Fly, The Underachievers, Zombie Juice, Nyck Caution",2019,https://open.spotify.com/track/0IXJuf4reoQ5erS5kEqdwx,,,
846,playlists,,"Snow In The Stadium (feat. Erick The Architect, Meechy Darko, Kirk Knight, CJ Fly & Issa Gold)","Beast Coast, Joey Bada$$, Flatbush Zombies, Erick the Architect, Meechy Darko, Kirk Knight, CJ Fly, Issa Gold",2019,https://open.spotify.com/track/303vxJwRRaPGBriyN5EuDw,,,
847,playlists,,Distance (feat. Issa Gold & Erick The Architect),"Beast Coast, Joey Bada$$, Flatbush Zombies, Issa Gold, Erick the Architect, Powers Pleasant",2019,https://open.spotify.com/track/5jJYJthaXUdkHKmiS6TuXe,,,
848,playlists,,"Far Away (feat. Kirk Knight, Meechy Darko, Erick The Architect & Nyck Caution)","Beast Coast, Joey Bada$$, Flatbush Zombies, Kirk Knight, Meechy Darko, Erick the Architect, Nyck Caution, Powers Pleasant",2019,https://open.spotify.com/track/10nbIPV2SRLqEjIpvS8CVb,,,
849,playlists,,"Coast/Clear (feat. Kirk Knight, Nyck Caution & Issa Gold)","Beast Coast, Joey Bada$$, Flatbush Zombies, Kirk Knight, Nyck Caution, Issa Gold, Powers Pleasant",2019,https://open.spotify.com/track/5bH35UA16PMCYRSCFJAfry,,,
850,playlists,,"One More Round (feat. Meechy Darko, Erick The Architect & Nyck Caution)","Beast Coast, Joey Bada$$, Flatbush Zombies, Meechy Darko, Erick the Architect, Nyck Caution, Powers Pleasant",2019,https://open.spotify.com/track/4URGmQkQ2Gy0axfCO3PPaO,,,
851,playlists,,"Last Choir (feat. Meechy Darko, Kirk Knight, Erick The Architect, Nyck Caution & AKTHESAVIOR)","Beast Coast, Joey Bada$$, Flatbush Zombies, Meechy Darko, Kirk Knight, Erick the Architect, Nyck Caution, AKTHESAVIOR",2019,https://open.spotify.com/track/1pN0cNYQj3N2qtSHxhSB0m,,,
852,playlists,,"Desperado (feat. Meechy Darko, Zombie Juice & Kirk Knight)","Beast Coast, Joey Bada$$, Flatbush Zombies, Meechy Darko, Zombie Juice, Kirk Knight, Powers Pleasant",2019,https://open.spotify.com/track/5YgDRYwEHb29C85ZMjePUE,,,
853,playlists,,"Puke (feat. Nyck Caution, Erick The Architect, Meechy Darko & AKTHESAVIOR)","Beast Coast, Joey Bada$$, Flatbush Zombies, Nyck Caution, Erick the Architect, Meechy Darko, AKTHESAVIOR",2019,https://open.spotify.com/track/6djv8v0u9fEIErhzwpBoC2,,,
854,playlists,,"It Ain't Easy, It Ain't Easy (feat. Nyck Caution, Kirk Knight, CJ Fly & AKTHESAVIOR)","Beast Coast, Joey Bada$$, Flatbush Zombies, Nyck Caution, Kirk Knight, CJ Fly, AKTHESAVIOR",2019,https://open.spotify.com/track/4krhkcFf3OqxHSS1QUIsmc,,,
855,playlists,,"Left Hand (feat. The Underachievers, Kirk Knight, Nyck Caution & CJ Fly)","Beast Coast, Joey Bada$$, Flatbush Zombies, The Underachievers, Kirk Knight, Nyck Caution, CJ Fly",2019,https://open.spotify.com/track/0q3C21uLnMbPVBlO0vaPhi,,,
856,playlists,,"Bones (feat. The Underachievers, Nyck Caution & Kirk Knight)","Beast Coast, Joey Bada$$, Flatbush Zombies, The Underachievers, Nyck Caution, Kirk Knight, Erick the Architect",2019,https://open.spotify.com/track/71D9AslGOU1rsmhOsmU6Qy,,,
857,playlists,,Sabotage,Beastie Boys,1994,https://open.spotify.com/track/0Puj4YlTm6xNzDDADXHMI9,,,
858,playlists,,Let Go,Beau Young Prince,2018,https://open.spotify.com/track/5F2AuFzEiuAQD0JVNjVJQz,,,
859,playlists,,Conceited - What The Fuck,"BEAUMONT, Remy Ma",2025,https://open.spotify.com/track/1Q0pG9JMCGpJ6uyFC9GvkZ,,,
860,playlists,,Die For a Man (feat. Lil Uzi Vert),"Bebe Rexha, Lil Uzi Vert",2021,https://open.spotify.com/track/6qxPykWNMJos87C8atw9bE,,,
861,playlists,,Loser,Beck,1994,https://open.spotify.com/track/5PntSbMHC1ud6Vvl8x56qd,,,
862,playlists,,More Than A Woman - SG's Paradise Edit,"Bee Gees, SG Lewis",2021,https://open.spotify.com/track/0L3XCv9i9IHs8cJEVhsJ3J,Thān,city,medium
863,playlists,,Man Listen,Belly,2017,https://open.spotify.com/track/5GoGjEsPvr0McJQiGGCnws,,,
864,playlists,,Mumble Rap,Belly,2017,https://open.spotify.com/track/3Wvq89A8v9p6xaX5sjamSP,,,
865,playlists,,Street Cathedral,Belly,2018,https://open.spotify.com/track/6ufR4tDpWcddxtxBKmKK55,,,
866,playlists,,The Come Down Is Real Too,Belly,2017,https://open.spotify.com/track/0apvzeJcPw9mB7iSQIBal5,Comé,city,medium
867,playlists,,What Does It Mean?,Belly,2018,https://open.spotify.com/track/3dbMr4wnxR64He7gChr6jZ,,,
868,playlists,,Who Hurt You,Belly,2018,https://open.spotify.com/track/5LEGgK84dYjrrX4ChqmQ0h,,,
869,playlists,,Xion,Belly,2018,https://open.spotify.com/track/5BXGLYOc7VY1YZsrLYDOxZ,,,
870,playlists,,Dust,"Belly, French Montana",2018,https://open.spotify.com/track/1Xw8uB5foMtXkKzyhx8lWq,,,
871,playlists,,Zanzibar,"Belly, Juicy J",2016,https://open.spotify.com/track/3tNStsFoWlvNFGeRdUfncn,Zanzibar,island,high
872,playlists,,Immigrant,"Belly, Meek Mill, M.I.A.",2018,https://open.spotify.com/track/7xV2KiZcW7oUCUyYWzrxnC,,,
873,playlists,,All For Me,"Belly, Metro Boomin",2018,https://open.spotify.com/track/3rXwlUxGX1iSuiS6A9obay,,,
874,playlists,,Maintain,"Belly, NAV",2018,https://open.spotify.com/track/10Tjys9wtaB6UPKTpC3cny,,,
875,playlists,,What You Want,"Belly, The Weeknd",2018,https://open.spotify.com/track/2IYe9rxH98uKdiyXXqrDrr,,,
876,playlists,,"Belly, The Weeknd - Die For It (ft. Nas)","Belly, The Weeknd, Nas",2021,https://open.spotify.com/track/2Nc1v8I86FUGorwjXKo0in,,,
877,playlists,,Die For It (ft. Nas),"Belly, The Weeknd, Nas",2021,https://open.spotify.com/track/3JvdrCezbM6DQOjNiBiX5q,,,
878,playlists,,Better Believe,"Belly, The Weeknd, Young Thug",2021,https://open.spotify.com/track/3zs87EV3EZSh2UpiXxT52Y,,,
879,playlists,,Numbers,"Belly, Yo Gotti",2018,https://open.spotify.com/track/7y4UozZ5dKDywphdqlRPR8,,,
880,playlists,,Another Note,"Belly, Zack",2018,https://open.spotify.com/track/3BB5JCJH8Xc5M4k4HeF6nb,,,
881,playlists,,Follaton Wood,Ben Howard,2011,https://open.spotify.com/track/5u4eBUDbqXNkmu4B950Fe0,,,
882,playlists,,JA RULE,Benjamin Earl Turner,2019,https://open.spotify.com/track/2SYYE3Ohp0HSYPVdLX9YJV,,,
883,playlists,,TRUTH SERUM,Benjamin Earl Turner,2019,https://open.spotify.com/track/5MUHv6h7Nxdb6voDzSIQBX,,,
884,playlists,,M'BAKU SHIT,"Benjamin Earl Turner, Daveed Diggs",2019,https://open.spotify.com/track/5Fix3x76l5bERO4sez3gMb,,,
885,playlists,,APATHY HAPPY,"Benjamin Earl Turner, Rafael Statin",2019,https://open.spotify.com/track/1gPgwMopSfZGJ5hAsyj8aC,,,
886,playlists,,Vois sur ton chemin - Techno Mix,BENNETT,2023,https://open.spotify.com/track/31nfdEooLEq7dn3UMcIeB5,,,
887,playlists,,Satisfaction,"Benny Benassi, The Biz",2003,https://open.spotify.com/track/5JZnjM9ijpit0d5zjT8MM7,,,
888,playlists,,Graduation (with Juice WRLD),"benny blanco, Juice WRLD",2019,https://open.spotify.com/track/6cjSh516BbrNUs213jDAGm,,,
889,playlists,,More/Diamond Ring (feat. Ty Dolla $ign & 6LACK),"benny blanco, Ty Dolla $ign, 6LACK",2018,https://open.spotify.com/track/0v56EFhzpi5Gs5zeGx3IGO,,,
890,playlists,,Johnny P's Caddy,"Benny The Butcher, J. Cole",2022,https://open.spotify.com/track/6AshXllQhobwSXsdpgp41w,,,
891,playlists,,Big Dog (with Lil Wayne),"Benny The Butcher, Lil Wayne",2023,https://open.spotify.com/track/07gYj9n17Vza3c5oDCHBYb,,,
892,playlists,,Timeless (feat. Lil Wayne & Big Sean),"Benny The Butcher, Lil Wayne, Big Sean",2020,https://open.spotify.com/track/7ighctS1exCe8hJXTEkNen,,,
893,playlists,,18 Wheeler (feat. Pusha T),"Benny The Butcher, Pusha T",2019,https://open.spotify.com/track/2BYCrz7y5HGdEDWKmlbkMt,,,
894,playlists,,Everybody,Bentley,2008,https://open.spotify.com/track/7rrPANmUDxWbA9e6rtenLa,,,
895,playlists,,80s,Berhana,2016,https://open.spotify.com/track/58bFfMjShaACL6sAIR1Eyj,,,
896,playlists,,Brooklyn Drugs,Berhana,2016,https://open.spotify.com/track/0j4mfXEgjfzO9Lx5mhQDtx,Brooklyn,region,high
897,playlists,,California,Berhana,2019,https://open.spotify.com/track/4lXbVIprNR0de0Rjjzj9Am,California,us_state,high
898,playlists,,Grey Luh,Berhana,2016,https://open.spotify.com/track/1x1BKrrpq7CfOZPBeUsx16,,,
899,playlists,,Janet,Berhana,2016,https://open.spotify.com/track/3ml3WB66sqG4kXoPBX2POA,,,
900,playlists,,Relapse,Berhana,2016,https://open.spotify.com/track/6NNlAUilOjlirZDDA66C3d,,,
901,playlists,,Wade Green,Berhana,2016,https://open.spotify.com/track/341RzZ5GEEmi4k4mg5M9Av,,,
902,playlists,,Wildin',Berhana,2018,https://open.spotify.com/track/4LGg2NY9eHp0jF3L1WbCNl,,,
903,playlists,,Faceless (feat. Gus Dapperton),"Beshken, Gus Dapperton",2016,https://open.spotify.com/track/7negsVXshIJDsJEFVmw0Aw,,,
904,playlists,,JAM !,BETWEEN FRIENDS,2025,https://open.spotify.com/track/2dgCHhgB4zsvKB8qcjHF7i,,,
905,playlists,,Naughty Girl,Beyoncé,2003,https://open.spotify.com/track/0YGQ3hZcRLC5YX7o0hdmHg,,,
906,playlists,,Single Ladies (Put a Ring on It),Beyoncé,2008,https://open.spotify.com/track/5R9a4t5t5O0IsznsrKPVro,,,
907,playlists,,Party (feat. André 3000),"Beyoncé, André 3000",2011,https://open.spotify.com/track/42qh86p7TLXyumxSHn65kc,,,
908,playlists,,Crazy In Love (feat. JAŸ-Z),"Beyoncé, JAŸ-Z",2003,https://open.spotify.com/track/0TwBtDAWpkpM3srywFVOV5,,,
909,playlists,,Drunk in Love Remix (feat. JAŸ-Z & Kanye West),"Beyoncé, JAŸ-Z, Kanye West",2014,https://open.spotify.com/track/0FZmAvivvifvtN3pZScbw1,,,
910,playlists,,AMERICA HAS A PROBLEM (feat. Kendrick Lamar),"Beyoncé, Kendrick Lamar",2023,https://open.spotify.com/track/5xlLG6RthtyXShVhGA3ojN,America,region,high
911,playlists,,Baby Boy (feat. Sean Paul),"Beyoncé, Sean Paul",2003,https://open.spotify.com/track/4WY3HyGXsWqjFRCVD6gnTe,,,
912,playlists,,Gucci Flip Flops (feat. Lil Yachty),"Bhad Bhabie, Lil Yachty",2018,https://open.spotify.com/track/042nVrQvpEVrsrW6yeeHB2,,,
913,playlists,,LONDON (feat. J. Cole),"BIA, J. Cole",2022,https://open.spotify.com/track/5vhrsx08dHh2QcVh1Rsiwt,London,city,high
914,playlists,,LIGHTS OUT,"BIA, JID",2024,https://open.spotify.com/track/0HX3dpRnEnge7zrvlX6BFE,,,
915,playlists,,Lines,"Big Boi, A$AP Rocky, Phantogram",2012,https://open.spotify.com/track/2T5O5rE0vVBeb3IxCTxzND,,,
916,playlists,,Dangerous (feat. Joywave) - Oliver Remix,"Big Data, Joywave, Oliver",2014,https://open.spotify.com/track/3PVukkbEGmJGoyJG2lfBPP,,,
917,playlists,,Blaze That Ass,"Big Freedia, SOPHIE",2026,https://open.spotify.com/track/1gdlGniuY0HvfCJbczFL57,,,
918,playlists,,Go Down,"Big Freedia, SOPHIE",2026,https://open.spotify.com/track/7K0a8lX7qwy6zv5U5r4yaj,,,
919,playlists,,Fell In the Sun,Big Grams,2015,https://open.spotify.com/track/1qyRvPjbQZbPPwVGtApQ7P,,,
920,playlists,,Born to Shine (feat. Run The Jewels),"Big Grams, Run The Jewels",2015,https://open.spotify.com/track/7lMuO6yXnjlvsSfczyyept,,,
921,playlists,,Ughh(She Nasty),Big Hooch,2010,https://open.spotify.com/track/2OmiwB4h9a9sATzzrTQ7nP,,,
922,playlists,,Pick Up The Pace,Big K.R.I.T.,2021,https://open.spotify.com/track/1GoAS5sc36Kf0x8pFjp2gC,,,
923,playlists,,So Cool,Big K.R.I.T.,2022,https://open.spotify.com/track/44aip3NiojpXMaSOTyZ1UO,,,
924,playlists,,Addiction (feat. Lil Wayne & Saweetie),"Big K.R.I.T., Lil Wayne, Saweetie",2019,https://open.spotify.com/track/6iIQFnknhqitV3qJXICseF,,,
925,playlists,,MVP,Big L,1995,https://open.spotify.com/track/5LN1B9uVAVleCZ2euGarvi,,,
926,playlists,,"Baby, I Love Your Way",Big Mountain,1999,https://open.spotify.com/track/1Rvl8qsKJurfFTyWLBI9ib,,,
927,playlists,,You Ain't a Killer,Big Pun,1999,https://open.spotify.com/track/7LjmqwzqYmNMLVQ0PRtF8V,,,
928,playlists,,Still Not a Player,"Big Pun, Joe",1999,https://open.spotify.com/track/7eh1yR9kDcabzha7Kajyq7,,,
929,playlists,,Bounce Back,Big Sean,2016,https://open.spotify.com/track/206uaQyzb8kOiZ7rHw9wCn,,,
930,playlists,,Halfway Off The Balcony,Big Sean,2017,https://open.spotify.com/track/4atJ40xfasjdM9ZF3p07BV,,,
931,playlists,,Inspire Me,Big Sean,2017,https://open.spotify.com/track/7M62jxrvr7UJdo6DchAFf3,,,
932,playlists,,Intro,Big Sean,2017,https://open.spotify.com/track/35k5ePiDMMdacA7jIF9RFY,,,
933,playlists,,Jump Out The Window,Big Sean,2017,https://open.spotify.com/track/1jQsKN68yE94tMYml0wHMd,,,
934,playlists,,Moves,Big Sean,2017,https://open.spotify.com/track/0Fv5N0cHBsl4bzCbollCAS,,,
935,playlists,,Overtime,Big Sean,2019,https://open.spotify.com/track/2IoVnTEyj8NdFBpWoEFrMZ,,,
936,playlists,,Owe Me,Big Sean,2017,https://open.spotify.com/track/1u0MOgWF1bbylVxpJG2ZjB,,,
937,playlists,,Single Again,Big Sean,2019,https://open.spotify.com/track/7IP0lO9tHfNwBWZ9X6TJ84,,,
938,playlists,,Voices In My Head/Stick To The Plan,Big Sean,2017,https://open.spotify.com/track/2pzuU8vLaG8W1P31X65ZP9,,,
939,playlists,,Living Single,"Big Sean, Chance the Rapper, Jeremih",2016,https://open.spotify.com/track/36xxq7VDZZsGwARsn6Clo7,,,
940,playlists,,Blessings,"Big Sean, Drake",2015,https://open.spotify.com/track/1bzM1cd6oqFozdr4wK6HdR,,,
941,playlists,,I Don't Fuck With You,"Big Sean, E-40",2014,https://open.spotify.com/track/7p54iuWHqvdeN224OglZ9t,,,
942,playlists,,No Favors,"Big Sean, Eminem",2017,https://open.spotify.com/track/1MksGqIztTT6M9R1ErKVs8,,,
943,playlists,,What A Life,"Big Sean, Hit-Boy",2021,https://open.spotify.com/track/5bjTLWk5cBOACEVPl3oqkU,,,
944,playlists,,Light,"Big Sean, Jeremih",2017,https://open.spotify.com/track/0URaKGzNTtzKRtsJN1RkA9,,,
945,playlists,,Big Bidness (& Metro Boomin),"Big Sean, Metro Boomin, 2 Chainz",2017,https://open.spotify.com/track/42XnD59SFcomCJu55EPhqJ,,,
946,playlists,,Pull Up N Wreck (With Metro Boomin),"Big Sean, Metro Boomin, 21 Savage",2017,https://open.spotify.com/track/0Gux2yTMWYOlcBUNjGJu5p,,,
947,playlists,,Sacrifices,"Big Sean, Migos",2017,https://open.spotify.com/track/1r0faljjM2b876iNoaDUh5,,,
948,playlists,,Dance (A$$) Remix,"Big Sean, Nicki Minaj",2011,https://open.spotify.com/track/3OVLPcUPS0HbMeAeMP0jZ4,,,
949,playlists,,Bigger Than Me,"Big Sean, The Flint Chozen Choir, Starrah",2017,https://open.spotify.com/track/6zpXc7WJ3TqYWb02B6sKyF,Thān,city,medium
950,playlists,,Sunday Morning Jetpack,"Big Sean, THE-DREAM",2017,https://open.spotify.com/track/5VlstKgCJPHDIMCQO4jHcQ,,,
951,playlists,,Same Time Pt. 1,"Big Sean, TWENTY88",2017,https://open.spotify.com/track/7yoe9vbbzakNAXwb1UaWLS,,,
952,playlists,,High,"Big Sean, Wiz Khalifa, Chiddy Bang",2011,https://open.spotify.com/track/5VKsvhjnjQ3IAspPjGiNPf,,,
953,playlists,,Mo'ney ft. Frank Nitty,Big Shan,2007,https://open.spotify.com/track/4AkfwO5KH0fm9RF1sdjFF4,,,
954,playlists,,Man's Not Hot,Big Shaq,2017,https://open.spotify.com/track/6X5OFBbrsHRsyO1zP7udgr,,,
955,playlists,,Back On My BS,BigXthaPlug,2023,https://open.spotify.com/track/7hrFCoyWwKep7qp1lP4oga,,,
956,playlists,,Levels,BigXthaPlug,2023,https://open.spotify.com/track/6vOeokRJNZjouabFGDLH1C,,,
957,playlists,,Mmhmm,BigXthaPlug,2023,https://open.spotify.com/track/4QTlxavdQGUVitxAvQqqkU,,,
958,playlists,,Spiked,Bilk,2018,https://open.spotify.com/track/1vYZmTgQkZGDwm2nQr1htN,,,
959,playlists,,"Going The Distance - From ""Rocky"" Soundtrack / Remastered 2006",Bill Conti,1976,https://open.spotify.com/track/0WKpYDw1WNmQbFiEURDgeI,,,
960,playlists,,"Gonna Fly Now - Theme From ""Rocky""",Bill Conti,1976,https://open.spotify.com/track/7iXYRR70wewzVYzWScm99j,,,
961,playlists,,Ain't No Sunshine - Lido Remix,"Bill Withers, Lido",2015,https://open.spotify.com/track/46a59ZT7JG0i3tJNaQmPom,,,
962,playlists,,People Ain't Dancing (feat. Kah-Lo),"Billen Ted, Kah-Lo",2022,https://open.spotify.com/track/4qXjXZPGtVNhQq1z9QDRFn,,,
963,playlists,,LUNCH,Billie Eilish,2024,https://open.spotify.com/track/629DixmZGHc7ILtEntuiWE,,,
964,playlists,,Movin' Out (Anthony's Song),Billy Joel,1977,https://open.spotify.com/track/16GUMo6u3D2qo9a19AkYct,,,
965,playlists,,New York State of Mind,Billy Joel,1976,https://open.spotify.com/track/6yjKlmm7vOszkXEUku1EM1,New York,city,high
966,playlists,,The Longest Time,Billy Joel,1983,https://open.spotify.com/track/5DH7nDryMhpixm4G4B7RP9,,,
967,playlists,,Vienna,Billy Joel,1977,https://open.spotify.com/track/4U45aEWtQhrm8A5mxPaFZ7,Vienna,city,high
968,playlists,,We Didn't Start the Fire,Billy Joel,1989,https://open.spotify.com/track/3Cx4yrFaX8CeHwBMReOWXI,,,
969,playlists,,Bedtime,"billy woods, Kenny Segal",2019,https://open.spotify.com/track/0DL1hyiniSyjKOFbsleFTU,,,
970,playlists,,Bigfakelaugh,"billy woods, Kenny Segal",2019,https://open.spotify.com/track/5rggw2slLciZaQN1j8RtOs,,,
971,playlists,,Checkpoints,"billy woods, Kenny Segal",2019,https://open.spotify.com/track/7d1hHm5w6uHTrUHaGjAUdh,,,
972,playlists,,Houthi,"billy woods, Kenny Segal",2019,https://open.spotify.com/track/2bW2I5kJgTfYWDPPla4BGo,,,
973,playlists,,Red Dust,"billy woods, Kenny Segal",2019,https://open.spotify.com/track/7iy8z5Qemm66LRLVQAP52K,,,
974,playlists,,Spider Hole,"billy woods, Kenny Segal",2019,https://open.spotify.com/track/6w7RmQJ9jPcR4OJY6Ue5O2,,,
975,playlists,,Spongebob,"billy woods, Kenny Segal",2019,https://open.spotify.com/track/1OPeLwCz1MqeRITVzNy2Qw,,,
976,playlists,,Steak Knives,"billy woods, Kenny Segal",2019,https://open.spotify.com/track/00kefDYIVWAZyKvl1rrqVy,,,
977,playlists,,Toothy,"billy woods, Kenny Segal",2019,https://open.spotify.com/track/0q75TRFX7mmxZ1Ah9YC67w,,,
978,playlists,,Crawlspace,"billy woods, Kenny Segal, E L U C I D",2019,https://open.spotify.com/track/0qlwq3gU6PpcyGDjON4VA2,,,
979,playlists,,A Day in a Week in a Year,"billy woods, Kenny Segal, Mothermary",2019,https://open.spotify.com/track/6BCHHTTLKvHkCANNBnsgNH,,,
980,playlists,,Speak Gently,"billy woods, Kenny Segal, Self Jupiter",2019,https://open.spotify.com/track/22fyNvszOwBOLNbqfn5ckU,,,
981,playlists,,STUNNAMAN (with Roddy Ricch & feat. Lil Wayne),"Birdman, Roddy Ricch, Lil Wayne",2021,https://open.spotify.com/track/2qCBLgUebqEv8iPEvOQjhx,,,
982,playlists,,House All The Time,Biscits,2023,https://open.spotify.com/track/3K3asUF88k0nKWtkm4eqLr,,,
983,playlists,,Let You Go,Biscits,2021,https://open.spotify.com/track/71NYcOA3JnEtj6W3F5u3QT,,,
984,playlists,,Wait A Minute,Biscits,2021,https://open.spotify.com/track/59ujQJCSRNgLtKQ1ly3b7c,,,
985,playlists,,Just a Friend,Biz Markie,2009,https://open.spotify.com/track/1MQCTOWVfy4PcuBXkBsHVB,,,
986,playlists,,Get Away,"BJ The Chicago Kid, JID, Buddy, Kent Jamz",2019,https://open.spotify.com/track/0sfDMsYTbwKYNSqd7SPqRn,,,
987,playlists,,R 2 ME,"BL3SS, Tchami",2025,https://open.spotify.com/track/0eFqPUbuiobmOEiotEFxGy,,,
988,playlists,,Pornhub Valentine (Intro Skit),Blac Chyna,2019,https://open.spotify.com/track/4u5WL6thOFpzgQ9yYx6Rfv,,,
989,playlists,,1 on 1,Blac Youngsta,2018,https://open.spotify.com/track/517ZbDVZcP8LdwP0Hvkspq,,,
990,playlists,,901,Blac Youngsta,2018,https://open.spotify.com/track/25zVuAKeEB5MtBidS1EXrG,,,
991,playlists,,Beginners,Blac Youngsta,2018,https://open.spotify.com/track/7Jbt6KWzS8cpP1xnW0tQ96,,,
992,playlists,,Breathe,Blac Youngsta,2018,https://open.spotify.com/track/2D1fWuGv96CreHtBlQcUI8,,,
993,playlists,,Bullshit,Blac Youngsta,2018,https://open.spotify.com/track/1YLNlMw1m4Qax6JmgGSmk5,,,
994,playlists,,Drive Thru,Blac Youngsta,2018,https://open.spotify.com/track/2eQWmnX89BZMLZOwmtiLi2,,,
995,playlists,,Pull Up,Blac Youngsta,2018,https://open.spotify.com/track/1XcrC84LaUz7JgBlG6cUlW,,,
996,playlists,,Run Down,Blac Youngsta,2018,https://open.spotify.com/track/5qfaL0vwzWnHhuGoO2vsrf,,,
997,playlists,,Uh Uh,Blac Youngsta,2018,https://open.spotify.com/track/1HqwkyAAb8gLZlOAhUo6Kh,,,
998,playlists,,Ight (feat. Lil Pump),"Blac Youngsta, Lil Pump",2018,https://open.spotify.com/track/4r3FlaGAHAS6CiMRtizVrk,,,
999,playlists,,Vocal Function,"Blaccmass, Freddie Wahter",2022,https://open.spotify.com/track/5P4LY6MUbGOBSjg6jSoUkb,,,
1000,playlists,,Do For Love,Black Atlass,2020,https://open.spotify.com/track/36zPiv1e1eOEYSwB8lGRpM,,,
1001,playlists,,Fantasy,Black Atlass,2018,https://open.spotify.com/track/3UVVNiFBnYuORmpaYifi6q,,,
1002,playlists,,Feel,Black Atlass,2018,https://open.spotify.com/track/2wYwapE4yr592q0Ts35x9s,,,
1003,playlists,,If They Only Knew,Black Atlass,2018,https://open.spotify.com/track/1qzfklFCZR6tojJnDvgzqA,,,
1004,playlists,,Kinda Like It,Black Atlass,2018,https://open.spotify.com/track/4F97knUaNslFXytVuzEEkX,,,
1005,playlists,,My Life,Black Atlass,2018,https://open.spotify.com/track/1kERrhSSbefvW5q7h7SCcv,,,
1006,playlists,,Never Enough,Black Atlass,2020,https://open.spotify.com/track/3cLImX3gTK23tYnF4wiDoY,,,
1007,playlists,,Pain & Pleasure,Black Atlass,2018,https://open.spotify.com/track/5jDp0atW1tJ1lcFSOPNHni,,,
1008,playlists,,Shadows,Black Atlass,2018,https://open.spotify.com/track/0SnaWD1IdblimQP6Egr5Eq,,,
1009,playlists,,Something Real,Black Atlass,2018,https://open.spotify.com/track/1XrnuaL54M73sl4HWGM4p3,,,
1010,playlists,,Don't Phunk With My Heart,Black Eyed Peas,2005,https://open.spotify.com/track/75fscz2R984pg4bmyP1Q53,,,
1011,playlists,,Don’t Stop The Party,Black Eyed Peas,2010,https://open.spotify.com/track/61s24wRVyG7NP9m7EjdDKL,,,
1012,playlists,,I Gotta Feeling,Black Eyed Peas,2009,https://open.spotify.com/track/4vp2J1l5RD4gMZwGFLfRAu,,,
1013,playlists,,Just Can’t Get Enough,Black Eyed Peas,2010,https://open.spotify.com/track/3JA9Jsuxr4xgHXEawAdCp4,,,
1014,playlists,,Let's Get It Started - Spike Mix,Black Eyed Peas,2003,https://open.spotify.com/track/4hfIVhq0F0zFUcrbecsYmo,,,
1015,playlists,,Meet Me Halfway,Black Eyed Peas,2009,https://open.spotify.com/track/6wOYnPq1hPihRepcDClPUw,,,
1016,playlists,,My Humps,Black Eyed Peas,2005,https://open.spotify.com/track/2tVouQintSo2ffjVgnv6Sh,,,
1017,playlists,,Pump It,Black Eyed Peas,2005,https://open.spotify.com/track/6btyEL6NwUa97Nex9cZFvo,,,
1018,playlists,,Rock That Body,Black Eyed Peas,2009,https://open.spotify.com/track/5K5LbSTVuKKe1KGMNfBgIW,,,
1019,playlists,,Again & Again (feat. Tory Lanez),"Black Money, Tory Lanez",2016,https://open.spotify.com/track/2G3jQlDPKiL2jEI7b95aJm,,,
1020,playlists,,Brown Skin Lady,Black Star,1998,https://open.spotify.com/track/3Mz4AoWIedMfzCib1LYwMZ,,,
1021,playlists,,"Good Morning (feat. Pusha T, Swizz Beatz & Killer Mike)","Black Thought, Pusha T, Swizz Beatz, Killer Mike",2020,https://open.spotify.com/track/7evTceKtCaBbxoLIqICIVh,,,
1022,playlists,,Fentanyl,"Black Thought, Salaam Remi",2018,https://open.spotify.com/track/2yr3NDBrcLli6NLMiDJBZ9,,,
1023,playlists,,Get Outlined,"Black Thought, Salaam Remi",2018,https://open.spotify.com/track/7mOcv4fHLQo7UR29l0quGn,,,
1024,playlists,,History Unfolds,"Black Thought, Salaam Remi",2018,https://open.spotify.com/track/0ySFlSj05id0emPOFhfKCL,,,
1025,playlists,,How To Hold A Choppa,"Black Thought, Salaam Remi",2018,https://open.spotify.com/track/6IgqCCgBZgE8kvhdxtMpEe,,,
1026,playlists,,Long Liveth,"Black Thought, Salaam Remi",2018,https://open.spotify.com/track/5hfuEk57UEes7rLwf9HeIh,,,
1027,playlists,,Soundtrack to Confusion,"Black Thought, Salaam Remi",2018,https://open.spotify.com/track/0M7IJ2mxZrA4qbpPVHWKor,,,
1028,playlists,,The New Grit,"Black Thought, Salaam Remi",2018,https://open.spotify.com/track/3JSv5phdnfDBY4hVMXOs4L,,,
1029,playlists,,Conception,"Black Thought, Salaam Remi, Reek Ruffin",2018,https://open.spotify.com/track/43gvMxNfrpDBflg9LU5uZ9,,,
1030,playlists,,Streets,"Black Thought, Salaam Remi, Tish Hyman",2018,https://open.spotify.com/track/45gMm1tfCBSJpCjnKLGIsb,,,
1031,playlists,,1 SIDED LOVE,blackbear,2019,https://open.spotify.com/track/39bs2V8huzcmWoeSlHKZeP,,,
1032,playlists,,BURNT AF,blackbear,2019,https://open.spotify.com/track/1eDZZroWINYu4La7QG0eaY,,,
1033,playlists,,CHANGES,blackbear,2019,https://open.spotify.com/track/0LCNC3bpy3wGaBR8otzRuS,,,
1034,playlists,,chateau,blackbear,2017,https://open.spotify.com/track/7DkZ9addDcaSKOK7UUTURV,,,
1035,playlists,,DEAD BALLOONS,blackbear,2019,https://open.spotify.com/track/6FOQFG9G8KrE6vM4PxbGwF,,,
1036,playlists,,DEAD TO ME,blackbear,2019,https://open.spotify.com/track/52TjUfqxgK2k4vfcyHXnp2,,,
1037,playlists,,do re mi,blackbear,2017,https://open.spotify.com/track/6CUBgX8bXC5YQCkdgRHqyg,,,
1038,playlists,,double,blackbear,2017,https://open.spotify.com/track/1vm8hErbFsBHKpgdGCSVsc,,,
1039,playlists,,DOWN,blackbear,2019,https://open.spotify.com/track/2qCsMHBhz2qtQZ7m10DlO9,,,
1040,playlists,,DRUG DEALER,blackbear,2019,https://open.spotify.com/track/3x9UziOg2qd8SJ8eKYwzii,,,
1041,playlists,,HATE MY GUTS,blackbear,2019,https://open.spotify.com/track/25a3Gvn8ZrPNxVIP6Y0hWJ,,,
1042,playlists,,HEARTBROKEN,blackbear,2019,https://open.spotify.com/track/3SvvcRoh5wgI7yacmYEPH8,,,
1043,playlists,,hell is where i dreamt of u and woke up alone,blackbear,2017,https://open.spotify.com/track/5jOcmYTVQ6KQdYXOC2Li5r,,,
1044,playlists,,HIGH1X,blackbear,2019,https://open.spotify.com/track/5CJEiMaVvY14SaO0Gwv0DI,,,
1045,playlists,,i hope your whole life sux,blackbear,2017,https://open.spotify.com/track/4uVslVnCNW0wkBxUmtqeVn,,,
1046,playlists,,i miss the old u,blackbear,2017,https://open.spotify.com/track/2gcXmU5DXukm8pdVbM2gEt,,,
1047,playlists,,if i could i would feel nothing,blackbear,2017,https://open.spotify.com/track/4HjtQljJxoHZkN8iokm3nW,,,
1048,playlists,,ITS ALL GONNA BURN,blackbear,2019,https://open.spotify.com/track/0KQvM8WPf3k2U2vvvSDJJt,,,
1049,playlists,,LOSING YOU,blackbear,2019,https://open.spotify.com/track/0Dee9WPoyx7kAVTDyCrWCp,,,
1050,playlists,,MAKE A MESS,blackbear,2019,https://open.spotify.com/track/3TGfo6slp76hsJ60pADf5U,,,
1051,playlists,,make daddy proud,blackbear,2017,https://open.spotify.com/track/5OZWMzv3qSpxhyodm3IPou,,,
1052,playlists,,NYLA,blackbear,2019,https://open.spotify.com/track/5ovclwxhDdIU5UfVioEhCx,,,
1053,playlists,,PINK ROLEX,blackbear,2019,https://open.spotify.com/track/62IynV9OBmcZZuvxlh4CSB,,,
1054,playlists,,santa monica & la brea,blackbear,2017,https://open.spotify.com/track/4rHpjtahb0SrPqZzDt8LxU,Santa Monica; Brea,city; city,high
1055,playlists,,SICK OF IT ALL,blackbear,2019,https://open.spotify.com/track/7yjcKSvou4f3AXLmzjctxd,,,
1056,playlists,,SWEAR TO GOD,blackbear,2019,https://open.spotify.com/track/3EwBNn0TfjcLYCnSZBzdTY,,,
1057,playlists,,"thursday/froze over - ""interlude""",blackbear,2017,https://open.spotify.com/track/35ETyoPgbogH020GVnTQg5,,,
1058,playlists,,TOO CLOSE,blackbear,2019,https://open.spotify.com/track/2B5OzmyZjTq6XbzTUZb0JC,,,
1059,playlists,,gucci linen (feat. 2 Chainz),"blackbear, 2 Chainz",2017,https://open.spotify.com/track/02DGz57a3TK3jNiibbnxaK,,,
1060,playlists,,moodz (feat. 24hrs),"blackbear, 24hrs",2017,https://open.spotify.com/track/7cZbVLrtLIFDWh5YpRBS9M,,,
1061,playlists,,bright pink tims (feat. Cam'ron),"blackbear, Cam'ron",2017,https://open.spotify.com/track/4BoFHAOqaWlqeGV2UWOhCj,,,
1062,playlists,,anxiety (with FRND),"blackbear, FRND",2017,https://open.spotify.com/track/7my1wrfnHqssb3mtHEPWrI,,,
1063,playlists,,juicy sweatsuits (feat. Juicy J),"blackbear, Juicy J",2017,https://open.spotify.com/track/2bycbj5vekSZpQSumgMfaC,,,
1064,playlists,,playboy shit (feat. lil aaron),"blackbear, lil aaron",2017,https://open.spotify.com/track/3yeEIU7ExwLczEnpXPQlqG,,,
1065,playlists,,e.z. (feat. Machine Gun Kelly),"blackbear, mgk",2017,https://open.spotify.com/track/3zxIAOrkLc3QwhmtgQuQId,,,
1066,playlists,,top priority (with Ne-Yo),"blackbear, Ne-Yo",2017,https://open.spotify.com/track/2yjwPmZ3XKKoVVPzKQ9d0o,,,
1067,playlists,,shake ya ass (feat. P-Lo),"blackbear, P-Lo",2016,https://open.spotify.com/track/0quqp7sNqZnyrePWcTPfpi,,,
1068,playlists,,candayapple (feat. Paul Wall & RiFF RAFF),"blackbear, Paul Wall, Riff Raff",2017,https://open.spotify.com/track/5rwvhv6mUqfnxLsfZEHbeO,,,
1069,playlists,,glo_up (feat. Rick Ross),"blackbear, Rick Ross",2017,https://open.spotify.com/track/6er4tDaPhalutNLSt5DzXo,,,
1070,playlists,,wish u the best,"blackbear, Stalking Gia",2017,https://open.spotify.com/track/3yeY4xWT8YgILRFRdfb5KY,,,
1071,playlists,,down 4 u (feat. T-Pain),"blackbear, T-Pain",2017,https://open.spotify.com/track/6QYKRk7uDj11qD6uNPoAQE,,,
1072,playlists,,g2g ttyl (feat. THEY.),"blackbear, THEY.",2017,https://open.spotify.com/track/5peXF38os4UT1lsfdoKMt5,,,
1073,playlists,,up in this (with Tinashe),"blackbear, Tinashe",2017,https://open.spotify.com/track/1uHACkBD8IHBmrkTrk6You,,,
1074,playlists,,No Diggity,"Blackstreet, Dr. Dre, Queen Pen",1996,https://open.spotify.com/track/6MdqqkQ8sSC0WB4i8PyRuQ,,,
1075,playlists,,a-okay,"blackwave., Abhi The Nomad",2022,https://open.spotify.com/track/70I8nlO75XOU0IPXcnT5gj,,,
1076,playlists,,What's Up Danger (with Black Caviar),"Blackway, Black Caviar",2018,https://open.spotify.com/track/5zsHmE2gO3RefVsPyw2e3T,,,
1077,playlists,,Hey Leonardo (She Likes Me for Me),Blessid Union Of Souls,1999,https://open.spotify.com/track/28Wn8iIMnBiZ60V5HkQyFm,,,
1078,playlists,,She's Out of Her Mind,blink-182,2016,https://open.spotify.com/track/6qoug9ABj1R83QsOGxN7ZW,,,
1079,playlists,,Look Alive (feat. Drake),"BlocBoy JB, Drake",2018,https://open.spotify.com/track/4qKcDkK6siZ7Jp1Jb4m0aL,,,
1080,playlists,,Call My Name,BLOND:ISH,2023,https://open.spotify.com/track/0vQ2LIvx5U6QN7BnUHWwsJ,,,
1081,playlists,,Sorry (with Madonna) - Franky Rizardo Remix,"BLOND:ISH, Madonna, Franky Rizardo, Eran Hersh, Darmon",2023,https://open.spotify.com/track/2BtCQtoNGPo74ChfxACqM2,,,
1082,playlists,,For the Damaged Coda,Blonde Redhead,2000,https://open.spotify.com/track/7jA5OcunWRSYXq98puhAX8,,,
1083,playlists,,Charcoal Baby,Blood Orange,2018,https://open.spotify.com/track/3bBmpVl9rQKJsFFGLFilIS,,,
1084,playlists,,Dagenham Dream,Blood Orange,2018,https://open.spotify.com/track/7wA6K5a70ApY3Ypgqg4Gbz,Dagenham,city,high
1085,playlists,,Jewelry,Blood Orange,2018,https://open.spotify.com/track/3boUSTv7CwQRiWuq8ZPjYi,,,
1086,playlists,,Minetta Creek,Blood Orange,2018,https://open.spotify.com/track/7Kt7c9Q2B7hSyiTZvGQ37D,Minetta Creek,pattern,low
1087,playlists,,Nappy Wonder,Blood Orange,2018,https://open.spotify.com/track/2ZGZV976wWwuA3qI3Q0q9k,,,
1088,playlists,,Orlando,Blood Orange,2018,https://open.spotify.com/track/1H8BKN1WYV6AW1kghI3ldP,Orlando,city,high
1089,playlists,,Saint,Blood Orange,2018,https://open.spotify.com/track/2PzWUwFXApjQBZzKMl4Hd6,,,
1090,playlists,,Smoke,Blood Orange,2018,https://open.spotify.com/track/1sFqfjMzxrwyvhL8785yUL,,,
1091,playlists,,Take Your Time,Blood Orange,2018,https://open.spotify.com/track/2CRe6RkEv44m7aUglQ3tCu,,,
1092,playlists,,Vulture Baby,Blood Orange,2018,https://open.spotify.com/track/0wlXb1TAj96igP2GJdqa3b,,,
1093,playlists,,Chewing Gum,"Blood Orange, A$AP Rocky, Project Pat",2018,https://open.spotify.com/track/3jxExv27cf3OSt0BXtAR6Z,,,
1094,playlists,,Hope,"Blood Orange, Diddy, Tei Shi",2018,https://open.spotify.com/track/2QLNDKL7hZyh2OZ8UL9WrV,,,
1095,playlists,,Runnin’,"Blood Orange, Georgia Anne Muldrow",2018,https://open.spotify.com/track/7eCJ3bONwNeNDViF383s1E,,,
1096,playlists,,Holy Will,"Blood Orange, Ian Isiah",2018,https://open.spotify.com/track/6ImkphIMAbZRkZOJuVrTA2,,,
1097,playlists,,Family,"Blood Orange, Janet Mock",2018,https://open.spotify.com/track/5tKfFMLrqjLHZWBTXgtc79,,,
1098,playlists,,Out Of Your League,"Blood Orange, Steve Lacy",2018,https://open.spotify.com/track/4qdbCACEpbFWIpKSMa2fZC,,,
1099,playlists,,Don't Worry About Me,Bluckther,2023,https://open.spotify.com/track/7i8QAmxQQeSfwZymtGesj0,,,
1100,playlists,,Blue (Da Ba Dee),Blue Im,2014,https://open.spotify.com/track/5kllyYPpHABIEe9oEVr5Cr,,,
1101,playlists,,Thotiana,Blueface,2018,https://open.spotify.com/track/5GBuCHuPKx6UC7VsSPK0t3,,,
1102,playlists,,Obama (feat. DaBaby),"Blueface, DaBaby",2020,https://open.spotify.com/track/5rvnBFgJFyZgMJbwQTyBeF,,,
1103,playlists,,BGC,"Blueface, DDG",2021,https://open.spotify.com/track/6Xls57cmjSsNNNGAKPRLL9,,,
1104,playlists,,First Class,"Blueface, Gunna",2019,https://open.spotify.com/track/4MUkRNmCgbcoAVu5BuNVgp,,,
1105,playlists,,Close Up (feat. Jeremih),"Blueface, Jeremih",2019,https://open.spotify.com/track/3pBrHgHGWJ9NjbGKTFcroy,,,
1106,playlists,,Daddy (feat. Rich The Kid),"Blueface, Rich The Kid",2019,https://open.spotify.com/track/6XkLPzkKzPhpr3hrvl1TUq,,,
1107,playlists,,Like a Rolling Stone,Bob Dylan,1965,https://open.spotify.com/track/3AhXZa8sUQht0UEdBJgpGc,,,
1108,playlists,,Tangled up in Blue,Bob Dylan,1975,https://open.spotify.com/track/6Vcwr9tb3ZLO63F8DL8cqu,,,
1109,playlists,,Jamming - FISHER Rework,"Bob Marley & The Wailers, FISHER",2024,https://open.spotify.com/track/2gKewcQZEV1fqoWH81RUDk,,,
1110,playlists,,Enough to Believe - Jamie Jones Remix,"Bob Moses, Jamie Jones",2019,https://open.spotify.com/track/4LtVrrqpn48l4Iq7KIshmi,,,
1111,playlists,,Night Moves,Bob Seger,1976,https://open.spotify.com/track/6UBjSnyP1O5W5ndJoO9vUk,,,
1112,playlists,,World Hold On (Children of the Sky) - Radio Edit,"Bob Sinclar, Steve Edwards",2006,https://open.spotify.com/track/3HGwI9qwq5XqBDeZBV3zti,,,
1113,playlists,,"World, Hold On - FISHER Rework / Extended Mix","Bob Sinclar, Steve Edwards, FISHER",2022,https://open.spotify.com/track/13VTgLuvMaP7OSHRM3l2B4,,,
1114,playlists,,Cartier Lens,Bobby Shmurda,2021,https://open.spotify.com/track/3JPSLsiQz9EaSvhQ6hitvF,,,
1115,playlists,,Hot N*gga,Bobby Shmurda,2014,https://open.spotify.com/track/19gEmPjfqSZT0ulDRfjl0m,,,
1116,playlists,,No Time For Sleep (Freestyle),Bobby Shmurda,2021,https://open.spotify.com/track/50xlqNticOjNCnR192H1YJ,,,
1117,playlists,,Splash,Bobby Shmurda,2021,https://open.spotify.com/track/0RgClWZ50CVGxKCNRYooBD,,,
1118,playlists,,Shmoney (feat. Quavo & Rowdy Rebel),"Bobby Shmurda, Quavo, Rowdy Rebel",2021,https://open.spotify.com/track/10TaZTWBzpWwDTVlsfXzMf,,,
1119,playlists,,Sneak Out,Bombs Away,2016,https://open.spotify.com/track/7jxsgy3pPH8b41yvqsuItT,,,
1120,playlists,,Beach Baby,Bon Iver,2009,https://open.spotify.com/track/2LXtyj95dK56ENS1QLt4IB,,,
1121,playlists,,Do You Need Power? (Walk Out Music),Bon Iver,2018,https://open.spotify.com/track/4zaK7pzY7D5GkOlkT4i8ru,,,
1122,playlists,,From,Bon Iver,2025,https://open.spotify.com/track/5agmWuBAor2UQcNqByOvWC,,,
1123,playlists,,"Hey, Ma",Bon Iver,2019,https://open.spotify.com/track/0RstfX9nRY1Lfuy1808MoT,,,
1124,playlists,,Skinny Love,Bon Iver,2008,https://open.spotify.com/track/3B3eOgLJSqPEA0RfboIQVM,,,
1125,playlists,,Day One,"Bon Iver, Dijon, Flock of Dimes",2025,https://open.spotify.com/track/6QJVQSuMC77psM4vgPo31D,,,
1126,playlists,,1st of Tha Month,Bone Thugs-N-Harmony,1995,https://open.spotify.com/track/1dF5Y2dd7Wm4wZKvVjWBpr,,,
1127,playlists,,C4,"BONES, Eddy Baker",2019,https://open.spotify.com/track/2FAWeznU75CzuaKogazioo,,,
1128,playlists,,CemetaryWaltz,"BONES, Eddy Baker",2019,https://open.spotify.com/track/38BwYCBLmXt2mZXgSo9di2,,,
1129,playlists,,DarknessFalls,"BONES, Eddy Baker",2019,https://open.spotify.com/track/6TJDIi4bBYRRvOx0b75XmE,,,
1130,playlists,,HateToSayIToldYouSo,"BONES, Eddy Baker",2019,https://open.spotify.com/track/64CL74wQqELcwUJfT68283,,,
1131,playlists,,"JustWhenIThoughtIWasOut,TheyPullMeBackIn","BONES, Eddy Baker",2019,https://open.spotify.com/track/0QXgEJYSfFhoGMZnKkO9Af,,,
1132,playlists,,KeepItInTheFamily,"BONES, Eddy Baker",2019,https://open.spotify.com/track/3hGbPoxFPKOz4HBKSXiRXx,,,
1133,playlists,,LooseScrew,"BONES, Eddy Baker",2019,https://open.spotify.com/track/6Qd2OmDq4rPFQi7qCHapTx,,,
1134,playlists,,Lysol,"BONES, Eddy Baker",2019,https://open.spotify.com/track/7q0kEUGeJwJcLxwmVISqCs,,,
1135,playlists,,SaloonDoors,"BONES, Eddy Baker",2019,https://open.spotify.com/track/634oqvhT3EaDh4xANBvajK,,,
1136,playlists,,ShineBox,"BONES, Eddy Baker",2019,https://open.spotify.com/track/7jJOb0GVjhrZPVhiycu79N,,,
1137,playlists,,Rasputin,Boney M.,1978,https://open.spotify.com/track/5jkFvD4UJrmdoezzT1FRoP,,,
1138,playlists,,I Like It,Bonka,2022,https://open.spotify.com/track/458Y9Q3RSTrjWHErg860e1,,,
1139,playlists,,The Night Survives Again,"Boobie Lootaveli, Pouya",2019,https://open.spotify.com/track/6Z9o9QLG23Mupg1sUQvouu,,,
1140,playlists,,Reaper (feat. JID),"Boombox Cartel, JID",2021,https://open.spotify.com/track/1KzGwlHu27TUfH3gF1RFAa,,,
1141,playlists,,"Wipe Me Down (feat. Foxx, Webbie & Lil Boosie) - Remix","Boosie Badazz, Webbie, Foxx",2007,https://open.spotify.com/track/6D1CstH1YvzNN8cPd9ay9Q,,,
1142,playlists,,House Music (feat. Arctic Lake) (feat. Arctic Lake) - Edit,"Boris Brejcha, Arctic Lake",2021,https://open.spotify.com/track/4CgWViOVEbDKtcVVkFwYgh,,,
1143,playlists,,Gravity (feat. Laura Korinth) - Edit,"Boris Brejcha, Laura Korinth",2019,https://open.spotify.com/track/30WnQsvwFeYEd9k08vV7Dl,,,
1144,playlists,,Around Me,Brent Faiyaz,2018,https://open.spotify.com/track/7dQeS4ErW1iWvnKdrtKwKr,,,
1145,playlists,,Been Away,Brent Faiyaz,2020,https://open.spotify.com/track/5PvVkf1Yuq3XyMqqjPiKPd,,,
1146,playlists,,Came Right Back,Brent Faiyaz,2018,https://open.spotify.com/track/0x1H3uM6zu2xYNMGMDNIqc,,,
1147,playlists,,Dead Man Walking,Brent Faiyaz,2020,https://open.spotify.com/track/5VlTQnZO89Ioku8ssdbqJk,,,
1148,playlists,,Fuck The World (Summer in London),Brent Faiyaz,2019,https://open.spotify.com/track/2LHRwhsMByGIVTtHxlOJg2,London,city,high
1149,playlists,,have to.,Brent Faiyaz,2025,https://open.spotify.com/track/55Doxe1XJGnB88uYpLf6xW,,,
1150,playlists,,Let Me Know,Brent Faiyaz,2020,https://open.spotify.com/track/0dJhXJKZTpiaxTUc7uItIN,,,
1151,playlists,,Make Luv,Brent Faiyaz,2018,https://open.spotify.com/track/2CInzVilMduj9L8dDXwyUA,,,
1152,playlists,,MERCEDES,Brent Faiyaz,2021,https://open.spotify.com/track/0tkgmjBMU6qSxolAKB3f2H,,,
1153,playlists,,Poundz,Brent Faiyaz,2018,https://open.spotify.com/track/1eiHoDJZACAZDn9lU7AuIx,,,
1154,playlists,,PRICE OF FAME,Brent Faiyaz,2022,https://open.spotify.com/track/1RR29QADKP8ygptqTDdHSH,,,
1155,playlists,,Show U Off,Brent Faiyaz,2021,https://open.spotify.com/track/00selpxxljfn9n5Pf4K3VR,,,
1156,playlists,,Target On My Chest,Brent Faiyaz,2018,https://open.spotify.com/track/2GUJWmiDlSwey0GrLCX1gK,,,
1157,playlists,,Trust,Brent Faiyaz,2018,https://open.spotify.com/track/0oufSLnKQDoBFX5mgkDCgR,,,
1158,playlists,,Why'z it so hard,Brent Faiyaz,2018,https://open.spotify.com/track/2QzvawHNCYj6ihrT9LXPQX,,,
1159,playlists,,Moment Of Your Life,"Brent Faiyaz, Coco Jones",2023,https://open.spotify.com/track/6ffrYPrHM70FScnrtHIcPh,,,
1160,playlists,,"GRAVITY (FEAT. TYLER, THE CREATOR)","Brent Faiyaz, Dahi, Tyler, The Creator",2021,https://open.spotify.com/track/6u3CPnFMKANYgfdiifFOiJ,,,
1161,playlists,,Upset (feat. Tommy Richman & FELIX!),"Brent Faiyaz, FELIX!, Tommy Richman",2023,https://open.spotify.com/track/5iwUwADk4uQUvgMF6PlTRl,,,
1162,playlists,,Outside All Night (feat. A$AP Rocky & N3WYRKLA),"Brent Faiyaz, N3WYRKLA, A$AP Rocky",2023,https://open.spotify.com/track/1dbar1XukTbn7FQzQTqDQK,,,
1163,playlists,,Baby You Got It,Brenton Wood,1967,https://open.spotify.com/track/7hphy8rtxpYshs3UzDZTzN,,,
1164,playlists,,Oogum Boogum Song,Brenton Wood,1967,https://open.spotify.com/track/4WiGGTl7Kt5vnjQHqwLJy1,,,
1165,playlists,,Small Talk,Briston Maroney,2019,https://open.spotify.com/track/5kBYMymc2d3h164QqEHwRL,,,
1166,playlists,,...Baby One More Time,Britney Spears,1999,https://open.spotify.com/track/3MjUtNVVq3C8Fn0MP3zhXa,,,
1167,playlists,,Circus,Britney Spears,2008,https://open.spotify.com/track/4p3WcdhfXbDDX0fcxp0wr1,,,
1168,playlists,,Gimme More,Britney Spears,2007,https://open.spotify.com/track/6ic8OlLUNEATToEFU3xmaH,,,
1169,playlists,,Piece of Me,Britney Spears,2007,https://open.spotify.com/track/6jaHYV4no6PAbyo89bybrx,,,
1170,playlists,,Toxic,Britney Spears,2003,https://open.spotify.com/track/6I9VzXrHxO9rA9A5euc8Ak,,,
1171,playlists,,1997 DIANA,BROCKHAMPTON,2018,https://open.spotify.com/track/55jQMevNp7aWtiW5LPlPoa,,,
1172,playlists,,ALASKA,BROCKHAMPTON,2017,https://open.spotify.com/track/7tI8c0zPTCulElXIw9aSbg,Alaska,us_state,high
1173,playlists,,BERLIN,BROCKHAMPTON,2018,https://open.spotify.com/track/7GxBuIJugWanLsYj0mDrFX,Berlin,city,high
1174,playlists,,Big Pussy,BROCKHAMPTON,2022,https://open.spotify.com/track/2l7IXXGf3d9lcBsDBDQkx9,,,
1175,playlists,,BLEACH,BROCKHAMPTON,2017,https://open.spotify.com/track/0dWOFwdXrbBUYqD9DLsoyK,,,
1176,playlists,,BOOGIE,BROCKHAMPTON,2017,https://open.spotify.com/track/3NuN59jpH3B5cNa2M4r7XG,,,
1177,playlists,,CHICK,BROCKHAMPTON,2017,https://open.spotify.com/track/6bMLXWNukxfiUqH1D0ud1Z,,,
1178,playlists,,CINEMA 1,BROCKHAMPTON,2017,https://open.spotify.com/track/2I1nii7UgtRh9zSvglybAJ,,,
1179,playlists,,CINEMA 2,BROCKHAMPTON,2017,https://open.spotify.com/track/0czE98V6Vm2twAZNSgXoME,,,
1180,playlists,,CINEMA 3,BROCKHAMPTON,2017,https://open.spotify.com/track/2NYj7YnwO6MmcrLKVVab7V,,,
1181,playlists,,COUNT ON ME,BROCKHAMPTON,2021,https://open.spotify.com/track/1kdixtbMh0JUWlvSDmfM9I,,,
1182,playlists,,DISTRICT,BROCKHAMPTON,2018,https://open.spotify.com/track/7oYvZtOelvW0mDrcUZ3m67,,,
1183,playlists,,DON'T SHOOT UP THE PARTY,BROCKHAMPTON,2021,https://open.spotify.com/track/3X0Tof7fViQGV95EKIY5x1,,,
1184,playlists,,FABRIC,BROCKHAMPTON,2018,https://open.spotify.com/track/5jQAnD4ISqs7v8FT7povMS,,,
1185,playlists,,FACE,BROCKHAMPTON,2017,https://open.spotify.com/track/5bknBRjKJZ643DAN2w8Yoy,,,
1186,playlists,,FIGHT,BROCKHAMPTON,2017,https://open.spotify.com/track/7sJ7zlySCbRw6OjlLhVQMt,,,
1187,playlists,,GAMBA,BROCKHAMPTON,2017,https://open.spotify.com/track/4zbb4mISfck5isCpFsjsr3,,,
1188,playlists,,GOLD,BROCKHAMPTON,2017,https://open.spotify.com/track/2xf1njws0OgzHmLi3Em21U,,,
1189,playlists,,GUMMY,BROCKHAMPTON,2017,https://open.spotify.com/track/42tBlHWL3VfDkUM2iWcc5p,,,
1190,playlists,,HONEY,BROCKHAMPTON,2018,https://open.spotify.com/track/6cgFCTrw2kWwZm7SF7r6Po,,,
1191,playlists,,HOTTIE,BROCKHAMPTON,2017,https://open.spotify.com/track/5lbCjKgdT9pvYjrtmSiRvL,,,
1192,playlists,,I BEEN BORN AGAIN,BROCKHAMPTON,2019,https://open.spotify.com/track/5fiR9Dy9hNXEPZOLo1kyNb,,,
1193,playlists,,J'OUVERT,BROCKHAMPTON,2018,https://open.spotify.com/track/3djWN7th03XZtmF5s3C1Lv,,,
1194,playlists,,JELLO,BROCKHAMPTON,2017,https://open.spotify.com/track/1ZuQVisBNDRm51QIN9MajR,,,
1195,playlists,,JESUS,BROCKHAMPTON,2017,https://open.spotify.com/track/2WVsyRWVM6xyKkZadKu32E,,,
1196,playlists,,JOHNNY,BROCKHAMPTON,2017,https://open.spotify.com/track/0q788echtkCMpQoQes4P6b,,,
1197,playlists,,JUNKY,BROCKHAMPTON,2017,https://open.spotify.com/track/7ujucw8kFBPIy9mz7DlmAq,,,
1198,playlists,,LIQUID,BROCKHAMPTON,2017,https://open.spotify.com/track/557JEBNqSn0RU4H5RtY286,,,
1199,playlists,,LOOPHOLE,BROCKHAMPTON,2018,https://open.spotify.com/track/1mj5oaEpqjciXkJ5Y6pu5b,,,
1200,playlists,,NEW ORLEANS,BROCKHAMPTON,2018,https://open.spotify.com/track/5kkxyqYSQrnHpfsmkjKi81,New Orleans,city,high
1201,playlists,,QUEER,BROCKHAMPTON,2017,https://open.spotify.com/track/4sEnZad9gvLSLkyt8DW11O,,,
1202,playlists,,RENTAL,BROCKHAMPTON,2017,https://open.spotify.com/track/4O9tOyMOq8Oioun2MsULH5,,,
1203,playlists,,SAN MARCOS,BROCKHAMPTON,2018,https://open.spotify.com/track/1Bn8jBSmtSQdvAFXU3ok1w,San Marcos,city,high
1204,playlists,,SCENE,BROCKHAMPTON,2017,https://open.spotify.com/track/5Kkmnf0Xi1pv6CaT3e7czy,,,
1205,playlists,,SCENE 2,BROCKHAMPTON,2017,https://open.spotify.com/track/3zAjkGy22FCXrCqSosQYkk,,,
1206,playlists,,SISTER/NATION,BROCKHAMPTON,2017,https://open.spotify.com/track/3ITHWKL9AmbFqtVnDnaXZh,,,
1207,playlists,,SOMETHING ABOUT HIM,BROCKHAMPTON,2018,https://open.spotify.com/track/2S11ZvEfuFSqInfxWxkx36,,,
1208,playlists,,ST. PERCY,BROCKHAMPTON,2019,https://open.spotify.com/track/3wE9jU1zReHLMHLgAsWIYX,,,
1209,playlists,,STAINS,BROCKHAMPTON,2017,https://open.spotify.com/track/0R6UBiz3fJk4lxhKR5799F,Stains,city,medium
1210,playlists,,STUPID,BROCKHAMPTON,2017,https://open.spotify.com/track/01oc1NWevpGhtCkiX5flPH,,,
1211,playlists,,SUMMER,BROCKHAMPTON,2017,https://open.spotify.com/track/66dQdXAbtuPdSasezCQVZE,,,
1212,playlists,,SUNNY,BROCKHAMPTON,2017,https://open.spotify.com/track/6C1wn08cac9wcvJvGtuHi1,,,
1213,playlists,,SWAMP,BROCKHAMPTON,2017,https://open.spotify.com/track/6MTA4AwgmjVASTXpBEwvn8,,,
1214,playlists,,SWEET,BROCKHAMPTON,2017,https://open.spotify.com/track/2DgMxFMUQRPthW4ROhjen1,,,
1215,playlists,,TAPE,BROCKHAMPTON,2018,https://open.spotify.com/track/60srrpZaXm72T4i3ZAoT5w,,,
1216,playlists,,TEAM,BROCKHAMPTON,2017,https://open.spotify.com/track/3dzi1yJbrxUaPS3yjn9SgV,,,
1217,playlists,,TEETH,BROCKHAMPTON,2017,https://open.spotify.com/track/4x3gJSZ2CeyGW9I8X7DtAs,,,
1218,playlists,,THE LIGHT,BROCKHAMPTON,2021,https://open.spotify.com/track/0Gq8chvpF43Ioy2etluRcq,,,
1219,playlists,,THE LIGHT PT. II,BROCKHAMPTON,2021,https://open.spotify.com/track/4xobzRJgFOlLpGzZVaV4B8,,,
1220,playlists,,THUG LIFE,BROCKHAMPTON,2018,https://open.spotify.com/track/2c09gumRCmu3qmbcqdQbUN,,,
1221,playlists,,TOKYO,BROCKHAMPTON,2017,https://open.spotify.com/track/1CKhx6sSkUxzomXnYZqSMh,Tokyo,city,high
1222,playlists,,TONYA,BROCKHAMPTON,2018,https://open.spotify.com/track/0QV83q2vzzOM4uODVyXf7i,,,
1223,playlists,,VIVID,BROCKHAMPTON,2018,https://open.spotify.com/track/5DL2L5OuyZg1v2OWRAitFD,,,
1224,playlists,,WEIGHT,BROCKHAMPTON,2018,https://open.spotify.com/track/6tGwDY47NZVeQ5X83HDK6u,,,
1225,playlists,,WHAT'S THE OCCASION?,BROCKHAMPTON,2021,https://open.spotify.com/track/5xwYRcY0NQnvc66fMgo5bE,,,
1226,playlists,,WHERE THE CASH AT,BROCKHAMPTON,2018,https://open.spotify.com/track/3t1cMXPS25j8hpzJyLY3Pn,,,
1227,playlists,,ZIPPER,BROCKHAMPTON,2017,https://open.spotify.com/track/1m4C9zlV89rXTfXStluvec,,,
1228,playlists,,BANKROLL (feat. A$AP Rocky & A$AP Ferg),"BROCKHAMPTON, A$AP Rocky, A$AP Ferg",2021,https://open.spotify.com/track/3MK6OsCb4VJGdPxvXjW8Q9,,,
1229,playlists,,BUZZCUT (feat. Danny Brown),"BROCKHAMPTON, Danny Brown",2021,https://open.spotify.com/track/3uOIoS7lOvzQAtbbyttHp6,,,
1230,playlists,,WINDOWS (feat. SoGone SoFlexy),"BROCKHAMPTON, SoGone SoFlexy",2021,https://open.spotify.com/track/7HlfcKfWPWM0s59fIgPBoi,,,
1231,playlists,,Yoga,"Brooke Candy, Only Fire",2024,https://open.spotify.com/track/66UxthKeLaA4Ge7sWVQwRW,Yōga,city,medium
1232,playlists,,Dancing In the Dark,Bruce Springsteen,1984,https://open.spotify.com/track/7FwBtcecmlpc1sLySPXeGE,,,
1233,playlists,,Leave The Door Open,"Bruno Mars, Anderson .Paak, Silk Sonic",2021,https://open.spotify.com/track/7MAibcTli4IisCtbHKrGMh,,,
1234,playlists,,Love's Train,"Bruno Mars, Anderson .Paak, Silk Sonic",2022,https://open.spotify.com/track/60gTdTwaNtGAzIxKfeGVfJ,,,
1235,playlists,,Skate,"Bruno Mars, Anderson .Paak, Silk Sonic",2021,https://open.spotify.com/track/2sXf2JdbB2GlNju00kw9WE,,,
1236,playlists,,Smokin Out The Window,"Bruno Mars, Anderson .Paak, Silk Sonic",2021,https://open.spotify.com/track/4iN16F8JtVxG2UTzp3avGl,,,
1237,playlists,,Finesse - Remix; feat. Cardi B,"Bruno Mars, Cardi B",2017,https://open.spotify.com/track/3Vo4wInECJQuz9BIBMOu8i,,,
1238,playlists,,Hidin' From Love,Bryan Adams,1980,https://open.spotify.com/track/6WCYqTLz9Itlg5pQzwPWWT,,,
1239,playlists,,Summer Of '69,Bryan Adams,1984,https://open.spotify.com/track/0GONea6G2XdnHWjNZd6zt3,,,
1240,playlists,,Baby Girl,Bryce Vine,2020,https://open.spotify.com/track/6DNTJAvdyDwkmiPm2Wl8At,,,
1241,playlists,,Drew Barrymore,Bryce Vine,2017,https://open.spotify.com/track/0OgGn1ofaj55l2PcihQQGV,,,
1242,playlists,,La La Land (feat. YG),"Bryce Vine, YG",2019,https://open.spotify.com/track/3TpBefRZ1vFcOH6z57PQRI,,,
1243,playlists,,Always Forever,Bryson Tiller,2020,https://open.spotify.com/track/348V56M6i1xDGDqTuGLTxB,,,
1244,playlists,,Blame,Bryson Tiller,2019,https://open.spotify.com/track/6S5dMjMifQYmyTu1mX4f8P,,,
1245,playlists,,CALYPSO,Bryson Tiller,2024,https://open.spotify.com/track/3o2g4rjFVgHsRFSa2qcpgr,,,
1246,playlists,,Canceled,Bryson Tiller,2018,https://open.spotify.com/track/3TOfcOKNuu6ZPZXJie5msH,,,
1247,playlists,,Ciao!,Bryson Tiller,2024,https://open.spotify.com/track/0oMlowcYGs70fDAfRf8eKJ,,,
1248,playlists,,Exchange,Bryson Tiller,2015,https://open.spotify.com/track/43PuMrRfbyyuz4QpZ3oAwN,,,
1249,playlists,,Inhale,Bryson Tiller,2020,https://open.spotify.com/track/3Xa0sbyAtaEYYl2qRGnWQb,,,
1250,playlists,,Just Another Interlude,Bryson Tiller,2020,https://open.spotify.com/track/4Vwg5CDYqAOf50Rt1WC6Kh,,,
1251,playlists,,Outside,Bryson Tiller,2022,https://open.spotify.com/track/4VY32hdU4byJ6cpEBAXRul,,,
1252,playlists,,Self Righteous,Bryson Tiller,2020,https://open.spotify.com/track/4w9dTbEcJx8uBTxGvUYC0h,,,
1253,playlists,,Self-Made,Bryson Tiller,2017,https://open.spotify.com/track/2rUwQj4SWaP2anuGDtNpYR,,,
1254,playlists,,Things Change,Bryson Tiller,2020,https://open.spotify.com/track/0LLsvPLHxlUk1x8r77H2b6,,,
1255,playlists,,Outta Time (feat. Drake),"Bryson Tiller, Drake",2020,https://open.spotify.com/track/4SCnCPOUOUXUmCX2uHb3r7,,,
1256,playlists,,Rambo (Last Blood) (feat. The Weeknd),"Bryson Tiller, The Weeknd",2020,https://open.spotify.com/track/62itulOgU4flQFuI7f7JF8,,,
1257,playlists,,Get Mine (feat. Young Thug),"Bryson Tiller, Young Thug",2017,https://open.spotify.com/track/4sxLB4ibrNZko2Y9wHfwZ3,,,
1258,playlists,,Black 2,Buddy,2020,https://open.spotify.com/track/5Ry83hJBcoQpVI9IF7kaL0,,,
1259,playlists,,Find Me,Buddy,2017,https://open.spotify.com/track/2dWxthAlanR962OouE3uap,,,
1260,playlists,,Trouble On Central,Buddy,2018,https://open.spotify.com/track/3tsFWhe45D6CGFSMA77T3B,,,
1261,playlists,,World Of Wonders,Buddy,2017,https://open.spotify.com/track/2RRI47A8yNZ94o56IRfRCQ,,,
1262,playlists,,Shameless (feat. Guapdad 4000),"Buddy, Guapdad 4000",2018,https://open.spotify.com/track/7DfwPDwnkllMCFTf5cvxv0,,,
1263,playlists,,She Think,"Buddy, Kent Jamz",2020,https://open.spotify.com/track/5228a1Wi1SQVVLLwK8vbEV,,,
1264,playlists,,Trippin' (feat. Khalid),"Buddy, Khalid",2018,https://open.spotify.com/track/0cMjaVjMi6VPn1mkWPGKka,,,
1265,playlists,,Glitch (feat. Tinashe),"Buddy, Tinashe",2020,https://open.spotify.com/track/3BZPgp7sXgLxQhk9yrWiFz,,,
1266,playlists,,Cause A Commotion (feat. Skip Marley),"Bugzy Malone, Skip Marley",2020,https://open.spotify.com/track/3vYY0BG9V1odj5gcpizYBD,,,
1267,playlists,,Slow It Down,Bun B,2018,https://open.spotify.com/track/5XbA5MNuU2qtUjPcSufD4l,,,
1268,playlists,,Grow Up (feat. 8Ball & MJG),"Bun B, 8Ball & MJG",2018,https://open.spotify.com/track/40YT6zCs8BWEyPj2UwPr9l,,,
1269,playlists,,Hoes From Da Hood (feat. Beatking),"Bun B, BeatKing",2018,https://open.spotify.com/track/0ApMG4365XpMDftxtbsXJQ,,,
1270,playlists,,Outta Season (feat. Big K.R.I.T.),"Bun B, Big K.R.I.T.",2018,https://open.spotify.com/track/1VUT5ZmIDu8eEE4j6z7n31,,,
1271,playlists,,Blood On The Dash (feat. Gary Clark Jr.),"Bun B, Gary Clark Jr.",2018,https://open.spotify.com/track/4Hwu5RxrqlZUtI9BKOglCR,,,
1272,playlists,,Never Going Back (feat. Giggs),"Bun B, Giggs",2018,https://open.spotify.com/track/18DuFhqnuRuBoZjlgIfmP5,,,
1273,playlists,,Trill Over Everything (feat. Killa Kyleon),"Bun B, Killa Kyleon",2018,https://open.spotify.com/track/5Km1ZK2c4mg0cuBXDIhySC,,,
1274,playlists,,Gone Away (feat. Leon Bridges & Gary Clark Jr.),"Bun B, Leon Bridges, Gary Clark Jr.",2018,https://open.spotify.com/track/5oi2WGEjvIRB8JzzRGe8Ua,,,
1275,playlists,,Rudeboi (feat. Lil Wayne),"Bun B, Lil Wayne",2018,https://open.spotify.com/track/67s1bLy25GxjEgAuHRaQr4,,,
1276,playlists,,U A Bitch (feat. Pimp C),"Bun B, Pimp C",2018,https://open.spotify.com/track/6ODwzImODQ6m48C7i3xGLS,,,
1277,playlists,,Myself (feat. Run The Jewels),"Bun B, Run The Jewels",2018,https://open.spotify.com/track/41orGfU7wdhwvCTFFDPYex,,,
1278,playlists,,KnoWhatImSayin (feat. Slim Thug & Lil Keke),"Bun B, Slim Thug, Lil' Keke",2018,https://open.spotify.com/track/6N5RTZPVTm3kpZVyAlkS5B,,,
1279,playlists,,Recognize (feat. T.I. & Big K.R.I.T.),"Bun B, T.I., Big K.R.I.T.",2018,https://open.spotify.com/track/5uzJbrZlEKZPQRqkmAvAnV,,,
1280,playlists,,Traphandz (feat. Yo Gotti & 2 Chainz),"Bun B, Yo Gotti, 2 Chainz",2018,https://open.spotify.com/track/6GT5X9x2lWS544KAR1uwct,,,
1281,playlists,,Tuesday,"Burak Yeter, Danelle Sandoval",2016,https://open.spotify.com/track/7EVk9tRb6beJLTHrg6AkY9,,,
1282,playlists,,Collateral Damage,Burna Boy,2019,https://open.spotify.com/track/5srIkb35ees5dhgjK3zdfz,,,
1283,playlists,,Pree Me,Burna Boy,2016,https://open.spotify.com/track/6g8A0XVikKuWbcJv7p2I5Q,,,
1284,playlists,,Sittin' On Top Of The World (feat. 21 Savage),"Burna Boy, 21 Savage",2023,https://open.spotify.com/track/0TIYRdf5622SXVPEDvawPy,,,
1285,playlists,,Thanks (feat. J. Cole),"Burna Boy, J. Cole",2023,https://open.spotify.com/track/78JSv4VDMFtr3xCn9V8miW,,,
1286,playlists,,Talamanca,BURNS,2021,https://open.spotify.com/track/7dDLAQ1y0qOq3E4DhNh8FS,,,
1287,playlists,,Hands On Me,"BURNS, Maluma, Rae Sremmurd",2018,https://open.spotify.com/track/2GC8vo2NO9u28G7kBIuP0j,,,
1288,playlists,,Break Ya Neck,Busta Rhymes,2001,https://open.spotify.com/track/0svl7cK07gK1ia5ainczU5,,,
1289,playlists,,Woo Hah!! Got You All in Check,Busta Rhymes,2008,https://open.spotify.com/track/0qBcTg4PmHw2UbUjAonetS,,,
1290,playlists,,YUUUU,"Busta Rhymes, Anderson .Paak",2020,https://open.spotify.com/track/18Ks9kGu8LrcVoZP6M3CNK,,,
1291,playlists,,Look Over Your Shoulder (feat. Kendrick Lamar),"Busta Rhymes, Kendrick Lamar",2020,https://open.spotify.com/track/00R0fEFZGb5hyTgF1nrRCq,,,
1292,playlists,,I Know What You Want (feat. Flipmode Squad),"Busta Rhymes, Mariah Carey, Flipmode Squad",2003,https://open.spotify.com/track/0xDxS2g775ttrfrwDQl9f8,,,
1293,playlists,,Gonna Make You Sweat (Everybody Dance Now) (feat. Freedom Williams),"C & C Music Factory, Freedom Williams",1990,https://open.spotify.com/track/36rXHqN7D1ETFhyKXXKs4w,,,
1294,playlists,,Pretty Girl World,Ca$h Out,2020,https://open.spotify.com/track/0sM0ZqJVjTi1kXJM8peSzb,,,
1295,playlists,,Ain't No Rest for the Wicked,Cage The Elephant,2009,https://open.spotify.com/track/3Pzh926pXggbMe2ZpXyMV7,,,
1296,playlists,,Black Madonna,Cage The Elephant,2019,https://open.spotify.com/track/4Y6GIje3GErVRIq1Ff5BJq,,,
1297,playlists,,Cigarette Daydreams,Cage The Elephant,2013,https://open.spotify.com/track/2tznHmp70DxMyr2XhWLOW0,,,
1298,playlists,,Come a Little Closer,Cage The Elephant,2013,https://open.spotify.com/track/4sebUbjqbcgDSwG6PbSGI0,Comé,city,medium
1299,playlists,,The Distance,CAKE,1996,https://open.spotify.com/track/0xMEF2WiqKWTIG7Krjungw,,,
1300,playlists,,Blink 182,Cal Scruby,2019,https://open.spotify.com/track/3r2wHTnbbM9NMLTfP2wa5G,,,
1301,playlists,,Brainwash,Cal Scruby,2019,https://open.spotify.com/track/0lh6LcRhsbhcXzodeMLqX0,,,
1302,playlists,,Hollywood,Cal Scruby,2019,https://open.spotify.com/track/0HrmeIzkWq9hBZvBNR92zu,Hollywood,region,medium
1303,playlists,,Instincts,Cal Scruby,2019,https://open.spotify.com/track/3Df8S710XouUUNwI94lMh7,,,
1304,playlists,,It's Nothing,Cal Scruby,2019,https://open.spotify.com/track/34xCbK6mr0LELqLUw8hRri,,,
1305,playlists,,Kobe With the Fro,Cal Scruby,2019,https://open.spotify.com/track/5pS3GKYhlEAqSYM8JM27ki,,,
1306,playlists,,No Offense,Cal Scruby,2019,https://open.spotify.com/track/48g32e51Cb4z4zl2Yk93be,,,
1307,playlists,,Really Trash Hook,Cal Scruby,2019,https://open.spotify.com/track/7hueUeLznQHmFBaBEerHJj,,,
1308,playlists,,Shut Up,Cal Scruby,2019,https://open.spotify.com/track/711DaJHtoXdrf1fitokenK,,,
1309,playlists,,Smash Mouth (Interlude),Cal Scruby,2019,https://open.spotify.com/track/5vtDOWHiXBVoLYmRYFhETI,,,
1310,playlists,,Soon,Cal Scruby,2019,https://open.spotify.com/track/6xMXdsrqq2xbFrKfqxZESe,,,
1311,playlists,,Super Bowl Trophy,Cal Scruby,2019,https://open.spotify.com/track/7pzYKAJ6UEmIepca6EA3NS,,,
1312,playlists,,Taylor Swift,Cal Scruby,2019,https://open.spotify.com/track/551TAZe8RjPgXKRMdu1ll4,,,
1313,playlists,,Who Are You?,Cal Scruby,2019,https://open.spotify.com/track/4CvTWDcyTOCDVY4SbXZvqF,,,
1314,playlists,,You Don't Get It,Cal Scruby,2019,https://open.spotify.com/track/13Qbyxepqk9028hFrUL5Ir,,,
1315,playlists,,4 Willem,Caleborate,2017,https://open.spotify.com/track/4nWPmn1tqegITYKdZOJpKv,,,
1316,playlists,,Bankrobber,Caleborate,2017,https://open.spotify.com/track/3SqVtIMesHETZDm3UU2Pb4,,,
1317,playlists,,Caught Up,Caleborate,2017,https://open.spotify.com/track/4jvQ3EvoTkgeXiqTjLlhPv,,,
1318,playlists,,Down,Caleborate,2017,https://open.spotify.com/track/7ssejukh0VD1u7VMmhpjvy,,,
1319,playlists,,Fine,Caleborate,2017,https://open.spotify.com/track/5WDzWSyyW1ikIGKcosuQ9A,,,
1320,playlists,,Life,Caleborate,2017,https://open.spotify.com/track/2rrGrdWT5EGtqxaajtfGxl,,,
1321,playlists,,No Way,Caleborate,2017,https://open.spotify.com/track/3vCJ1YYNRQvLMfPQ2AlrIN,,,
1322,playlists,,Real Person,Caleborate,2017,https://open.spotify.com/track/3ZSf6n5cQAShh6IHY1vvfh,,,
1323,playlists,,Soul,Caleborate,2017,https://open.spotify.com/track/6OXYiKoTAYtPDXfT7r0rcu,,,
1324,playlists,,Wanna Be,Caleborate,2017,https://open.spotify.com/track/6Sap196N8vBpftU9W2otxl,,,
1325,playlists,,Teach Me How to Dougie,Cali Swag District,2011,https://open.spotify.com/track/61LtVmmkGr8P9I2tSPvdpf,,,
1326,playlists,,Feel So Close - Radio Edit,Calvin Harris,2012,https://open.spotify.com/track/1gihuPhrLraKYrJMAEONyc,,,
1327,playlists,,New Money (with 21 Savage),"Calvin Harris, 21 Savage",2022,https://open.spotify.com/track/5ycvEFxPeQqqkdOUgWhrJl,,,
1328,playlists,,Potion (with Dua Lipa & Young Thug),"Calvin Harris, Dua Lipa, Young Thug",2022,https://open.spotify.com/track/7fYRg3CEbk6rNCuzNzMT06,,,
1329,playlists,,Slide (feat. Frank Ocean & Migos),"Calvin Harris, Frank Ocean, Migos, Funk Wav",2017,https://open.spotify.com/track/7tr2za8SQg2CI8EDgrdtNl,,,
1330,playlists,,Rollin (feat. Future & Khalid),"Calvin Harris, Future, Khalid, Funk Wav",2017,https://open.spotify.com/track/0lMbuWUpfTWhEmOKxppEau,,,
1331,playlists,,Satisfy - Extended Mix,"Calvin Harris, Jazzy",2026,https://open.spotify.com/track/20JGqofKNH4FPjO91u0zHL,,,
1332,playlists,,Hard to Love (feat. Jessie Reyez),"Calvin Harris, Jessie Reyez, Funk Wav",2017,https://open.spotify.com/track/6KdmNK9MogmGcnO3wNZHhp,,,
1333,playlists,,Faking It (feat. Kehlani & Lil Yachty),"Calvin Harris, Kehlani, Lil Yachty, Funk Wav",2017,https://open.spotify.com/track/0pJPdSVti6cTM1Q6xYGmcf,,,
1334,playlists,,Skrt On Me (feat. Nicki Minaj),"Calvin Harris, Nicki Minaj, Funk Wav",2017,https://open.spotify.com/track/7iDxZ5Cd0Yg08d4fI5WVtG,,,
1335,playlists,,"Feels (feat. Pharrell Williams, Katy Perry & Big Sean)","Calvin Harris, Pharrell Williams, Katy Perry, Big Sean, Funk Wav",2017,https://open.spotify.com/track/5bcTCxgc7xVfSaMV3RuVke,,,
1336,playlists,,This Is What You Came For,"Calvin Harris, Rihanna",2016,https://open.spotify.com/track/0azC730Exh71aQlOt9Zj3y,,,
1337,playlists,,"Cash Out (feat. ScHoolboy Q, PARTYNEXTDOOR & D.R.A.M.)","Calvin Harris, ScHoolboy Q, PARTYNEXTDOOR, DRAM, Funk Wav",2017,https://open.spotify.com/track/0Ws8D3EWUDgY962Xftb0h5,,,
1338,playlists,,"Holiday (feat. Snoop Dogg, John Legend & Takeoff)","Calvin Harris, Snoop Dogg, John Legend, Takeoff, Funk Wav",2017,https://open.spotify.com/track/08Wc3X7XNSyF8WYBPt2L8E,,,
1339,playlists,,Over Now (with The Weeknd),"Calvin Harris, The Weeknd",2020,https://open.spotify.com/track/58AGoOGbwsQMhBbH0eFLRR,,,
1340,playlists,,Prayers Up (feat. Travis Scott & A-Trak),"Calvin Harris, Travis Scott, A-Trak, Funk Wav",2017,https://open.spotify.com/track/4KaIJ1FWXUoAAnOts1YWjD,,,
1341,playlists,,"Heatstroke (feat. Young Thug, Pharrell Williams & Ariana Grande)","Calvin Harris, Young Thug, Pharrell Williams, Ariana Grande, Funk Wav",2017,https://open.spotify.com/track/60APt5N2NRaKWf5xzJdzyC,,,
1342,playlists,,357,Cam'ron,2009,https://open.spotify.com/track/1NJGa3PBlOvC8SL1qNKtxJ,,,
1343,playlists,,Oh Boy,"Cam'ron, Juelz Santana",2002,https://open.spotify.com/track/4gdQ8QShlC3toP9Mkc8DwB,,,
1344,playlists,,Hey Ma,"Cam'ron, Juelz Santana, Freekey Zeekey, Toya",2002,https://open.spotify.com/track/3lwrebzX6n6v4zP5DOqBKc,,,
1345,playlists,,Down And Out,"Cam'ron, Kanye West, Syleena Johnson",2004,https://open.spotify.com/track/5mEwhCsqadBZIE7SSrv1gC,,,
1346,playlists,,Breathe,"CAMELPHAT, Cristoph, Jem Cooke",2018,https://open.spotify.com/track/6TR0FGw4zhlGbQALN065AI,,,
1347,playlists,,Cola,"CAMELPHAT, Elderbrook",2017,https://open.spotify.com/track/7ir1tVqAtNjctvteJPw5MF,,,
1348,playlists,,Havana (feat. Young Thug),"Camila Cabello, Young Thug",2017,https://open.spotify.com/track/0ofbQMrRDsUaVKq2mGLEAb,Havana,city,high
1349,playlists,,Luchini AKA This Is It,Camp Lo,1997,https://open.spotify.com/track/20DcrlNK0NcRknbX4wcEO4,,,
1350,playlists,,Would You (go to bed with me?),"Campbell, Alcemist",2023,https://open.spotify.com/track/2N8gR2yftrHbZR53U5kYnX,,,
1351,playlists,,Fire for You,Cannons,2019,https://open.spotify.com/track/4o0LyB69tylqDG6eTGhmig,,,
1352,playlists,,Bodak Yellow,Cardi B,2017,https://open.spotify.com/track/2771LMNxwf62FTAdpJMQfM,,,
1353,playlists,,Money,Cardi B,2018,https://open.spotify.com/track/2GGMabyHXnJmjY6CXhhB2e,,,
1354,playlists,,Up,Cardi B,2021,https://open.spotify.com/track/1XXimziG1uhM0eDNCZCrUl,,,
1355,playlists,,I Like It,"Cardi B, Bad Bunny, J Balvin",2018,https://open.spotify.com/track/58q2HKrzhC3ozto2nDdN4z,,,
1356,playlists,,Honey,Caribou,2024,https://open.spotify.com/track/6G7OiVdHJAbsaNqx94ojqg,,,
1357,playlists,,Broke My Heart - Harry Hayes Remix,"Caribou, Harry Hayes",2024,https://open.spotify.com/track/46gnKZFDc78iXS81YPCMGD,,,
1358,playlists,,"She's A Bad Mama Jama (She's Built, She's Stacked) - Single Version",Carl Carlton,1981,https://open.spotify.com/track/2R0zbd80CqwoB0ORDCqDoK,,,
1359,playlists,,Speed Trials On Acid (feat. Dan Diamond) (LF SYSTEM Remix),"Carl Cox, Fatboy Slim, Dan Diamond, LF SYSTEM",2022,https://open.spotify.com/track/6z5LHZZWFKN7M5kGJ6RbHq,,,
1360,playlists,,Call Me Maybe,Carly Rae Jepsen,2012,https://open.spotify.com/track/3TGRqZ0a2l1LRblBkJoaDx,,,
1361,playlists,,Block You (feat. Deko),"Carnage, Deko",2018,https://open.spotify.com/track/0G8B6BhNQdcDSQFWSJh3X3,,,
1362,playlists,,I Like Tuh,"Carnage, ILOVEMAKONNEN",2015,https://open.spotify.com/track/07oiSjg6TiehyOS3pRJo0l,,,
1363,playlists,,Headlock (feat. KILLY),"Carnage, KILLY",2018,https://open.spotify.com/track/4TrgSUIo7RXl09U9eejae6,,,
1364,playlists,,Overtime (feat. Sebastian Reynoso & KYLE),"Carnage, KYLE, Sebastian Reynoso",2018,https://open.spotify.com/track/4A7IwGhXmUCyrjPRZtOGcW,,,
1365,playlists,,Motorola (feat. Lil B),"Carnage, Lil B",2018,https://open.spotify.com/track/6bD32XmQPmaZO4CF7GEvsF,,,
1366,playlists,,i Shyne,"Carnage, Lil Pump",2018,https://open.spotify.com/track/1RwLb2aQRNX2ubiXGRpFu5,,,
1367,playlists,,"WDYW (feat. Lil Uzi Vert, A$AP Ferg & Rich The Kid)","Carnage, Lil Uzi Vert, A$AP Ferg, Rich The Kid",2015,https://open.spotify.com/track/4afMG2PlvFfX976bZJvHmb,,,
1368,playlists,,Learn How to Watch (feat. Mac Miller & MadeinTYO),"Carnage, Mac Miller, MadeinTYO",2018,https://open.spotify.com/track/5tErNrwK58SgLMjZXJ5fdY,,,
1369,playlists,,Waterworld (feat. Migos),"Carnage, Migos",2018,https://open.spotify.com/track/0Nl2ubanK7QHvFe1twUQMx,,,
1370,playlists,,"Bed Bugs (feat. Nessly, Yung Pinch, Takeoff)","Carnage, Nessly, Takeoff, Yung Pinch",2018,https://open.spotify.com/track/6rkxqfBaK44eZWIfTcASb3,,,
1371,playlists,,Close To Me (feat. Reo Cragun),"Carnage, Reo Cragun",2018,https://open.spotify.com/track/4Sv1C49gBbZnx7sOmUs4ZP,,,
1372,playlists,,Up NXW (feat. Scarlxrd),"Carnage, Scarlxrd",2018,https://open.spotify.com/track/2nWOCtmaZh9Sccdj28bfRF,,,
1373,playlists,,MOROKOMBA!,"Carnage, Skellism",2018,https://open.spotify.com/track/1p9TBsFqLP5KRWypjFznWp,,,
1374,playlists,,Bimma,"Carnage, Smoke Boys",2016,https://open.spotify.com/track/5e43tWgtbfuIiHQkHve7Hu,,,
1375,playlists,,Plur Genocide (feat. Lockdown),"Carnage, Steve Aoki, Lockdown",2018,https://open.spotify.com/track/0BOtWmOkV0BfytMJpT7I09,,,
1376,playlists,,"Hella Neck (feat. Tyga, OhGeesy & Takeoff)","Carnage, Tyga, OHGEESY, Takeoff",2020,https://open.spotify.com/track/2wBB2KKqtuK1fcxAiqbCSZ,,,
1377,playlists,,Visa (feat. Young Troy),"Carnage, Young Troy",2018,https://open.spotify.com/track/6C4FvIToWkRkJQz16c4Omh,,,
1378,playlists,,Starburned and Unkissed,Caroline Polachek,2024,https://open.spotify.com/track/12V0MwkaN60cghsLsglkIf,,,
1379,playlists,,Welcome To My Island - George Daniel & Charli XCX Remix,"Caroline Polachek, Charli xcx, George Daniel",2023,https://open.spotify.com/track/2nQeWDP8OA9vFqiCfghot2,Welcome To My Island,pattern,low
1380,playlists,,Evacuate the Dancefloor - Radio Edit,Cascada,2009,https://open.spotify.com/track/1fvD4tBLGypUG0Tg2nHHus,,,
1381,playlists,,Everytime We Touch,Cascada,2011,https://open.spotify.com/track/2vTaJoK6kaRnwsAPn66STg,,,
1382,playlists,,Awarded,Casey Veggies,2019,https://open.spotify.com/track/24JyP81VrSyHh5DwKzcLPo,,,
1383,playlists,,Can I Live feat. Mac Miller,Casey Veggies,2011,https://open.spotify.com/track/4anKjaXJyygQT6laJuxEhu,,,
1384,playlists,,Dream$,Casey Veggies,2019,https://open.spotify.com/track/3S0ZMsYE2tGZM9FlqpWHrj,,,
1385,playlists,,Life Changes,Casey Veggies,2013,https://open.spotify.com/track/1uh9AadCenlpEsGpl7Ywdb,,,
1386,playlists,,Mirage,Casey Veggies,2019,https://open.spotify.com/track/594ZKrjd3BPgJGUfyPZJBe,,,
1387,playlists,,No Favors,Casey Veggies,2019,https://open.spotify.com/track/6kxgy4OpRQnT0ydscyBR4o,,,
1388,playlists,,The Ceiling,Casey Veggies,2019,https://open.spotify.com/track/5MuuLKAJQibtjl0AGs2aHZ,,,
1389,playlists,,Take It Slow (feat. BJ the Chicago Kid),"Casey Veggies, BJ The Chicago Kid",2019,https://open.spotify.com/track/2DtgH8mQyRUPTE3KCM1Th9,,,
1390,playlists,,Tied Up (feat. DeJ Loaf),"Casey Veggies, DeJ Loaf",2015,https://open.spotify.com/track/2YYvZyVDx0GxkoAYyHyV24,,,
1391,playlists,,Actin' Up (feat. Dom Kennedy),"Casey Veggies, Dom Kennedy",2015,https://open.spotify.com/track/56GOrnI4pOTNL5a5Nr6ii2,,,
1392,playlists,,Stop Playin (feat. DOM KENNEDY),"Casey Veggies, Dom Kennedy",2019,https://open.spotify.com/track/3ON6On6m1GlG7bn831CcHR,,,
1393,playlists,,Shake Somethin (feat. Kalan.FrFr),"Casey Veggies, Kalan.FrFr",2019,https://open.spotify.com/track/2lJ8A2qGp06UTInDoUErBZ,,,
1394,playlists,,Candy (feat. The Game),"Casey Veggies, The Game",2019,https://open.spotify.com/track/2dIO2wLpWurQQSHl7WlRfI,,,
1395,playlists,,"I Came Up (feat. YG, E-40 & Bino Rideaux)","Casey Veggies, YG, E-40, Bino Rideaux",2019,https://open.spotify.com/track/22h9JbnF5dvjRkqwn9yrqJ,,,
1396,playlists,,Backflip (feat. YG & Iamsu!),"Casey Veggies, YG, Iamsu!",2015,https://open.spotify.com/track/72UJUQD8jN9f0rG9xnVbyZ,,,
1397,playlists,,Trust Nobody (feat. Selena Gomez & Tory Lanez),"Cashmere Cat, Selena Gomez, Tory Lanez",2017,https://open.spotify.com/track/5qYp1Wf3gh0lGWdIS5lIrX,,,
1398,playlists,,Martial Law,Caskey,2020,https://open.spotify.com/track/5BUy8dAXzY7HkyyLn9Zz0i,,,
1399,playlists,,7,Catfish and the Bottlemen,2016,https://open.spotify.com/track/5ykbOijJEfRhuo2Td1m0Qd,,,
1400,playlists,,REASONS,Cautious Clay,2019,https://open.spotify.com/track/0hW2o1UZkBMcPT1m13L3Xv,,,
1401,playlists,,Bitch Bites Dog,Cecile Believe,2020,https://open.spotify.com/track/2zudE15ZS6jHkKLXOi2QGg,,,
1402,playlists,,Fuck You,CeeLo Green,2010,https://open.spotify.com/track/4ycLiPVzE5KamivXrAzGFG,,,
1403,playlists,,I'll Be Around (feat. Timbaland) - Club Mix,"CeeLo Green, Timbaland",2004,https://open.spotify.com/track/2TIGwYiQYr1N5zTOQToDfK,,,
1404,playlists,,BAND4BAND (feat. Lil Baby),"Central Cee, Lil Baby",2024,https://open.spotify.com/track/7iabz12vAuVQYyekFIWJxD,,,
1405,playlists,,Pardon My Playa,CEO Trayle,2023,https://open.spotify.com/track/0TNcT2PVIbBeyZjOMDY0QF,,,
1406,playlists,,love and money,"ceo@business.net, lentra",2023,https://open.spotify.com/track/5CneBHhw450j8Kjf7Ya64a,,,
1407,playlists,,Murder She Wrote,Chaka Demus & Pliers,1993,https://open.spotify.com/track/1HGyhNaRUFEDBiVLbvtbL6,,,
1408,playlists,,Ridin',"Chamillionaire, Krayzie Bone",2005,https://open.spotify.com/track/3kZoay4ANo86ehb6s4RwS9,,,
1409,playlists,,A Bar About a Bar,Chance the Rapper,2022,https://open.spotify.com/track/1d27WzQN1KHKu5969heJAZ,,,
1410,playlists,,Child of God,Chance the Rapper,2022,https://open.spotify.com/track/0oGl8U34a4tiAZPj5MMI2e,,,
1411,playlists,,D.R.A.M. Sings Special,Chance the Rapper,2016,https://open.spotify.com/track/6VndlbaMjAscnEeqrVkMN2,,,
1412,playlists,,Family (Blended Babies Remix) [feat. Vic Mensa],Chance the Rapper,2013,https://open.spotify.com/track/0ykDCKXBs5onPLJ5gaHqly,,,
1413,playlists,,Same Drugs,Chance the Rapper,2016,https://open.spotify.com/track/6m9qPYXmhge2QhBLfFKnVF,,,
1414,playlists,,Stars Out,Chance the Rapper,2024,https://open.spotify.com/track/1mTHqHDmUHhAKmO9mRur4z,,,
1415,playlists,,Smoke Break (feat. Future),"Chance the Rapper, Future",2016,https://open.spotify.com/track/1Uq3IOIy1CUlHUgP6vWpum,,,
1416,playlists,,How Great (feat. Jay Electronica & My cousin Nicole),"Chance the Rapper, J A Y E L E C T R O N I C A, My cousin Nicole",2016,https://open.spotify.com/track/0OT0cCKbSmSMRvyWeqEFBq,,,
1417,playlists,,Blessings (feat. Jamila Woods),"Chance the Rapper, Jamila Woods",2016,https://open.spotify.com/track/2VQc9orzwE6a5qFfy54P6e,,,
1418,playlists,,Summer Friends (feat. Jeremih & Francis & The Lights),"Chance the Rapper, Jeremih, Francis and the Lights",2016,https://open.spotify.com/track/2fl0B0OaXjWbjHCQFx2O8W,,,
1419,playlists,,The Highs & The Lows,"Chance the Rapper, Joey Bada$$",2022,https://open.spotify.com/track/6f7bBfMOHM3rjbRryYQaca,,,
1420,playlists,,Juke Jam (feat. Justin Bieber & Towkio),"Chance the Rapper, Justin Bieber, Towkio",2016,https://open.spotify.com/track/3eze1OsZ1rqeXkKStNfTmi,,,
1421,playlists,,All We Got (feat. Kanye West & Chicago Children's Choir),"Chance the Rapper, Kanye West, Chicago Children's Choir",2016,https://open.spotify.com/track/3ZLyt2ndLFBh148XRYjYYZ,,,
1422,playlists,,All Night (feat. Knox Fortune),"Chance the Rapper, Knox Fortune",2016,https://open.spotify.com/track/60xaS8mYBKUW4VQQ666N0T,,,
1423,playlists,,No Problem (feat. Lil Wayne & 2 Chainz),"Chance the Rapper, Lil Wayne, 2 Chainz",2016,https://open.spotify.com/track/0v9Wz8o0BT8DU38R4ddjeH,,,
1424,playlists,,Angels (feat. Saba),"Chance the Rapper, Saba",2016,https://open.spotify.com/track/0jx8zY5JQsS4YEQcfkoc5C,,,
1425,playlists,,"Finish Line / Drown (feat. T-Pain, Kirk Franklin, Eryn Allen Kane & Noname)","Chance the Rapper, T-Pain, Kirk Franklin, Eryn Allen Kane, Noname",2016,https://open.spotify.com/track/2AgnbuzvnfPvq1sAYNB4pj,,,
1426,playlists,,GRoCERIES,"Chance the Rapper, TisaKorean, Murda Beatz",2019,https://open.spotify.com/track/0yFvWTLs3iIwDbc91noXGT,,,
1427,playlists,,Wraith,"Chance the Rapper, VIC MENSA, Smoko Ono",2022,https://open.spotify.com/track/4GSyA0YDBON0qD8fvqmPan,,,
1428,playlists,,Mixtape (feat. Young Thug & Lil Yachty),"Chance the Rapper, Young Thug, Lil Yachty",2016,https://open.spotify.com/track/0WCbhE2evMrIwRM0DlMy9k,,,
1429,playlists,,Vertebrae,"Channo, Luchii",2020,https://open.spotify.com/track/5bImEFz89tnLPQXiDc3M9d,,,
1430,playlists,,After Midnight,Chappell Roan,2023,https://open.spotify.com/track/4rlQza35DE4Prh5yonxnCs,,,
1431,playlists,,"Good Luck, Babe!",Chappell Roan,2024,https://open.spotify.com/track/0WbMK4wrZ1wFSty9F7FCgu,,,
1432,playlists,,HOT TO GO!,Chappell Roan,2023,https://open.spotify.com/track/3j6CeoBBlm40Msn1JE1SPD,,,
1433,playlists,,Pink Pony Club,Chappell Roan,2023,https://open.spotify.com/track/6393yGahSJ9slVdOwSxOVR,,,
1434,playlists,,Super Graphic Ultra Modern Girl,Chappell Roan,2023,https://open.spotify.com/track/1rNSCrsOoWyhKH4g47mehU,,,
1435,playlists,,The Giver,Chappell Roan,2025,https://open.spotify.com/track/5xHgo5JN0wfsV41HnRaos5,,,
1436,playlists,,I Just Want To Talk To You,"Charles Brown, Sleepy Creek",2021,https://open.spotify.com/track/0amEuqSuEc6YSUSQjhs5Wr,,,
1437,playlists,,Conversations with God,Charles Hamilton,2018,https://open.spotify.com/track/3aaThsUVKfgux4VMEds6tO,,,
1438,playlists,,360,Charli xcx,2024,https://open.spotify.com/track/4w2GLmK2wnioVnb5CPQeex,,,
1439,playlists,,365,Charli xcx,2024,https://open.spotify.com/track/5h68SoVFGleijCtjEja3xG,,,
1440,playlists,,Apple,Charli xcx,2024,https://open.spotify.com/track/19RybK6XDbAVpcdxSbZL1o,,,
1441,playlists,,B2b,Charli xcx,2024,https://open.spotify.com/track/4wTvw1dBiPXNiHTh0zzpcI,,,
1442,playlists,,Chains of Love,Charli xcx,2025,https://open.spotify.com/track/3obedb2fnHaTE8bPlr9TNK,,,
1443,playlists,,Club classics,Charli xcx,2024,https://open.spotify.com/track/0CySZwyRJ0vyUqtSjM9i2k,,,
1444,playlists,,detonate,Charli xcx,2020,https://open.spotify.com/track/1M6VHCglQ2PLWeAsyhgEUH,,,
1445,playlists,,Guess,Charli xcx,2024,https://open.spotify.com/track/0xzBmAsCfu3AzX1W0GYtMJ,,,
1446,playlists,,Hot Girl (Bodies Bodies Bodies),Charli xcx,2022,https://open.spotify.com/track/0FZUbqZ1x2G71vl027d8Ud,,,
1447,playlists,,Mean girls,Charli xcx,2024,https://open.spotify.com/track/1qKCO2Tocwg8CbepJ9uDtd,,,
1448,playlists,,Roll with Me,Charli xcx,2017,https://open.spotify.com/track/0D6VCA9ycrkk9kH9F0p0AB,,,
1449,playlists,,Spring breakers,Charli xcx,2024,https://open.spotify.com/track/3dk7WaeS0y0JG0OMd0FVcg,,,
1450,playlists,,Sympathy is a knife,Charli xcx,2024,https://open.spotify.com/track/5c9tBmJKbTdn1vhzXHeAwW,,,
1451,playlists,,Von dutch,Charli xcx,2024,https://open.spotify.com/track/3Y1EvIgEVw51XtgNEgpz5c,,,
1452,playlists,,Vroom Vroom,Charli xcx,2016,https://open.spotify.com/track/5hyq3LBlCfjRQAFkdQwe8o,,,
1453,playlists,,Club classics featuring bb trickz,"Charli xcx, Bb trickz",2024,https://open.spotify.com/track/4c252FOXsYUwrSRv8g9aei,,,
1454,playlists,,"Shake It (feat. Big Freedia, CupcakKe, Brooke Candy and Pabllo Vittar)","Charli xcx, Big Freedia, cupcakKe, Brooke Candy, Pabllo Vittar",2019,https://open.spotify.com/track/3XbNseJrIK8LzoTh4eA0Xf,,,
1455,playlists,,Guess featuring billie eilish,"Charli xcx, Billie Eilish",2024,https://open.spotify.com/track/3WOhcATHxK2SLNeP5W3v1v,,,
1456,playlists,,Lipgloss (feat. CupcakKe),"Charli xcx, cupcakKe",2017,https://open.spotify.com/track/7niKxzFThgRf5fXlIYdjtZ,,,
1457,playlists,,House featuring John Cale,"Charli xcx, John Cale",2025,https://open.spotify.com/track/6lYUgmE829m06SMC6tG3qD,,,
1458,playlists,,360 featuring robyn & yung lean,"Charli xcx, Robyn, Yung Lean",2024,https://open.spotify.com/track/0VYJseZYvfVP3YOsQZ1tzS,,,
1459,playlists,,365 featuring shygirl,"Charli xcx, Shygirl",2024,https://open.spotify.com/track/5t4xArxems9xV4SJFJjNQB,,,
1460,playlists,,Lancaster Nights,Charlie Burg,2020,https://open.spotify.com/track/48jV8AW50589btXi0Hs5f4,,,
1461,playlists,,Aloha,"Charlie Heat, Denzel Curry",2019,https://open.spotify.com/track/4Mnr3BZXk5OtoGEKjGJ6nT,Aloha,city,medium
1462,playlists,,WWYA,"Charlie Heat, Lil Baby, G Herbo",2018,https://open.spotify.com/track/569V9kC6u4TbVtPpQWhbT5,,,
1463,playlists,,HITZ 4 THE HOOD,Charlie Shell,2025,https://open.spotify.com/track/2hrChmfPMrA0751rZnWwTj,,,
1464,playlists,,Doubt,Charlotte Day Wilson,2018,https://open.spotify.com/track/0CHDrzgeCoIm1ta7rvoYgB,,,
1465,playlists,,Falling Apart,Charlotte Day Wilson,2018,https://open.spotify.com/track/1qR8zWj25L6jxMubRxvk83,,,
1466,playlists,,Funeral,Charlotte Day Wilson,2018,https://open.spotify.com/track/6DpQe7m5AHmIpah83YayrQ,,,
1467,playlists,,Let You Down,Charlotte Day Wilson,2018,https://open.spotify.com/track/4PyEYFLH95hBekIp3M7cFL,,,
1468,playlists,,Nothing New,Charlotte Day Wilson,2018,https://open.spotify.com/track/4AKKa4E3kEAwM8O6hNpegS,,,
1469,playlists,,Stone Woman,Charlotte Day Wilson,2018,https://open.spotify.com/track/7w7S2IeknfGSEEltS9c8wg,,,
1470,playlists,,WOO!,Charmaine,2021,https://open.spotify.com/track/5vYn0idAvSminM8fdyTB1U,,,
1471,playlists,,"Baddadan (feat. IRAH, Flowdan, Trigga & Takura)","Chase & Status, Bou, Flowdan, IRAH, Trigga, Takura",2023,https://open.spotify.com/track/2ZWmmrWUgDBcPSLihBMvhg,,,
1472,playlists,,BACKBONE,"Chase & Status, Stormzy",2024,https://open.spotify.com/track/3HrHhTWonBqF4mDasi8xvC,,,
1473,playlists,,Cafeteria (feat. Gunna),"CHASE B, Don Toliver, Gunna",2020,https://open.spotify.com/track/7l28SBHS3zmKDVnOzG8BM7,,,
1474,playlists,,Ring Ring,"CHASE B, Travis Scott, Don Toliver, Quavo, Ty Dolla $ign",2023,https://open.spotify.com/track/7pFzbZz89oXVsRxhUvO7q2,,,
1475,playlists,,Like Me,Chase Icon,2022,https://open.spotify.com/track/51NYFGDXYKS4FkRqkw98hx,,,
1476,playlists,,MONSTAR,Chase Icon,2026,https://open.spotify.com/track/4xGdA2yVCSoUAqITXqMUC6,,,
1477,playlists,,Ready,"Chaz French, GoldLink",2015,https://open.spotify.com/track/7rRSWai8dKCegNY2eHUJ1x,,,
1478,playlists,,Carnival,"Cheat Codes, Öwnboss",2025,https://open.spotify.com/track/5AlmkwDWQdzqQf6vQYhrz6,,,
1479,playlists,,CC,Cherry Tooth,2024,https://open.spotify.com/track/7H8WpimtnwN9LB0vmBt3LG,,,
1480,playlists,,Doses & Mimosas,Cherub,2013,https://open.spotify.com/track/12ZTpSvqoRhlZh6GZZEvuR,,,
1481,playlists,,Love and Feeling,Chet Faker,2012,https://open.spotify.com/track/5ECMqDv5lwCKCZSzYdHUIi,,,
1482,playlists,,Things I Wish I Could Forget (feat. Vancouver Sleep Clinic),"Chet Porter, Vancouver Sleep Clinic",2024,https://open.spotify.com/track/5eouVZcPAgRGYgQhq0XcSs,,,
1483,playlists,,Escape,Chevy Woods,2020,https://open.spotify.com/track/3xy451LzIkwrMSKRenKgso,,,
1484,playlists,,High Come Down,Chico & Coolwadda,2001,https://open.spotify.com/track/4gc19xZ8SvONdW6ZVHlYSO,Comé,city,medium
1485,playlists,,Somebody's Watching Me,"Chico Rose, 71 Digits",2020,https://open.spotify.com/track/3vrm4dNThrhQ0BArrLIUOV,,,
1486,playlists,,Ray Charles,Chiddy Bang,2012,https://open.spotify.com/track/5su7v8UotZpvE5YXEsiNS5,,,
1487,playlists,,Mind Your Manners (feat. Icona Pop),"Chiddy Bang, Icona Pop",2012,https://open.spotify.com/track/0O986IRZ2rL3qGH5QiD4ZO,,,
1488,playlists,,FWB,CHIKA,2020,https://open.spotify.com/track/5dE1yfno7uUJW5cCylWmUE,,,
1489,playlists,,3005,Childish Gambino,2013,https://open.spotify.com/track/3Z2sglqDj1rDRMF5x0Sz2R,,,
1490,playlists,,53.49,Childish Gambino,2020,https://open.spotify.com/track/2alJKJoqOOEPVU1Do3eIjJ,,,
1491,playlists,,Baby Boy,Childish Gambino,2016,https://open.spotify.com/track/3X7xCWOmb7UdYJDGP4oNIx,,,
1492,playlists,,Bonfire,Childish Gambino,2011,https://open.spotify.com/track/4zGvb8hxGLB2jEPRFiRRqw,,,
1493,playlists,,Boogieman,Childish Gambino,2016,https://open.spotify.com/track/6D2w3GPnTpLJt56dHEIuWW,,,
1494,playlists,,California,Childish Gambino,2016,https://open.spotify.com/track/5sHde7fFQ5TthEulnBllhi,California,us_state,high
1495,playlists,,Got To Be,Childish Gambino,2024,https://open.spotify.com/track/4p2HhC8KX8pGLyNDQ0Ednd,,,
1496,playlists,,Have Some Love,Childish Gambino,2016,https://open.spotify.com/track/5LTgI9VsuL3NKrv2WHBgNx,,,
1497,playlists,,Heartbeat,Childish Gambino,2011,https://open.spotify.com/track/3HooZZPp0evFShqaJ2Pwer,,,
1498,playlists,,IV. Sweatpants,Childish Gambino,2013,https://open.spotify.com/track/2rmq49FcJ4U3wh1Z7C9UxE,,,
1499,playlists,,Me and Your Mama,Childish Gambino,2016,https://open.spotify.com/track/4r0GVpjSsKSR1biv4fOoa5,,,
1500,playlists,,Pop Thieves (Make It Feel Good),Childish Gambino,2014,https://open.spotify.com/track/7jWgkIrTDiB3vF8dm5AUyQ,,,
1501,playlists,,Redbone,Childish Gambino,2016,https://open.spotify.com/track/3kxfsdsCpFgN412fpnW85Y,,,
1502,playlists,,Retro [ROUGH],Childish Gambino,2014,https://open.spotify.com/track/7b9h63I7EafcW2pVS9pcUr,,,
1503,playlists,,Riot,Childish Gambino,2016,https://open.spotify.com/track/2u9kn2AZkrMCb11SuaGGGi,,,
1504,playlists,,Sober,Childish Gambino,2014,https://open.spotify.com/track/6olUplztLFFfU7fMYmFXOP,,,
1505,playlists,,Stand Tall,Childish Gambino,2016,https://open.spotify.com/track/7j8k8M9korrPWTERMyD7mM,,,
1506,playlists,,Summertime Magic,Childish Gambino,2018,https://open.spotify.com/track/4j3GWI86JvSaF0BLdmgcfF,,,
1507,playlists,,Terrified,Childish Gambino,2016,https://open.spotify.com/track/1D1oE9i8sxo8fJ1Jbgr3Ys,,,
1508,playlists,,The Night Me and Your Mama Met,Childish Gambino,2016,https://open.spotify.com/track/5cw7g1XATH9ghXX1Qm82BX,,,
1509,playlists,,This Is America,Childish Gambino,2018,https://open.spotify.com/track/0b9oOr2ZgvyQu88wzixux9,America,region,high
1510,playlists,,Zombies,Childish Gambino,2016,https://open.spotify.com/track/73kAUSAht4YOR7xNPmNb2L,,,
1511,playlists,,I. Pink Toes,"Childish Gambino, Jhené Aiko",2013,https://open.spotify.com/track/1o18SV1lvB4oO6fLquctDS,,,
1512,playlists,,Waiting For My Moment,"Childish Gambino, Jhené Aiko, Vince Staples, Ludwig Göransson",2015,https://open.spotify.com/track/4yFoV6deeZgoXrCbOW0ubc,,,
1513,playlists,,Little Foot Big Foot (feat. Young Nudy),"Childish Gambino, Young Nudy",2024,https://open.spotify.com/track/1SdqlTmK9P97PntBQrtf85,,,
1514,playlists,,Heeby Jeebies,Chinanski,2017,https://open.spotify.com/track/2K2q6OTw40f0Ntqs8PSJhH,,,
1515,playlists,,Impulses,Chinanski,2017,https://open.spotify.com/track/3gkWHvYyIHAWt1qOvJhjGC,,,
1516,playlists,,Right Thurr,Chingy,2003,https://open.spotify.com/track/0l3GEbH3CviUytD6iX4wzg,,,
1517,playlists,,Arboretum,Choker,2018,https://open.spotify.com/track/7MCQFPNuAKoHMHtLMWUtcT,,,
1518,playlists,,Baby Boy,Choker,2018,https://open.spotify.com/track/6Z595dFZYBeaJXAkgl0wRb,,,
1519,playlists,,Daisy,Choker,2018,https://open.spotify.com/track/3UxDyQ1pIVaeFgPcn3vmwT,,,
1520,playlists,,Drift,Choker,2018,https://open.spotify.com/track/4BNqWebyipWrMsupuTmKO9,,,
1521,playlists,,Fuji Unlimited,Choker,2018,https://open.spotify.com/track/0MsRHAh0kBTI0PYtqPFaki,Fuji,landmark,high
1522,playlists,,Guava Tea,Choker,2019,https://open.spotify.com/track/6NQZP3VSj2XjfzX3qPOrfz,,,
1523,playlists,,Guppy,Choker,2019,https://open.spotify.com/track/1YeAGB3LvCOTxhv7YDVLdR,,,
1524,playlists,,Gusher,Choker,2018,https://open.spotify.com/track/6XXtEISe3sjdidySZVwqP3,,,
1525,playlists,,Jet Stereo,Choker,2018,https://open.spotify.com/track/2ar7qizACo9QeyaoYMY0zO,,,
1526,playlists,,Juno,Choker,2018,https://open.spotify.com/track/6OpU3cvY19M2hFxTbLKy5L,,,
1527,playlists,,Lucky,Choker,2019,https://open.spotify.com/track/2QdSGpeLF0ZlAmhsf2lWhv,,,
1528,playlists,,Rocket,Choker,2018,https://open.spotify.com/track/2sjYlOS4LeF11IMBAB4kC8,,,
1529,playlists,,Screw Wave,Choker,2018,https://open.spotify.com/track/7KHr3CkmmdUzhp75pAi1aF,,,
1530,playlists,,Starfruit LA,Choker,2018,https://open.spotify.com/track/3SHfLFtsLu4qjYymz4iYMP,,,
1531,playlists,,Starfruit NYC,Choker,2018,https://open.spotify.com/track/1LXtIkrfk4goR5TEYN60b9,New York,city,high
1532,playlists,,Suzuki Peaches,Choker,2018,https://open.spotify.com/track/3C52kv4XHZ5EwgjuLyxxGe,,,
1533,playlists,,Windbreaker,Choker,2018,https://open.spotify.com/track/1WKr4Sw2yGWUmQkxdvCivr,,,
1534,playlists,,Song of Realization,"Choying Drolma, Steve Tibbetts",2016,https://open.spotify.com/track/5wGXUpZc9fNgPF4UWaaiki,,,
1535,playlists,,Questions,Chris Brown,2017,https://open.spotify.com/track/5XQMr19TL7Mfksq9zihbOu,,,
1536,playlists,,Run It! (feat. Juelz Santana),"Chris Brown, Juelz Santana",2005,https://open.spotify.com/track/7xYnUQigPoIDAMPVK79NEq,,,
1537,playlists,,I Can Transform Ya (feat. Swizz Beatz & Lil' Wayne),"Chris Brown, Swizz Beatz, Lil Wayne",2009,https://open.spotify.com/track/7n6TT5TDeS0A1DqEtSdapf,,,
1538,playlists,,Kiss Kiss (feat. T-Pain),"Chris Brown, T-Pain",2007,https://open.spotify.com/track/4CweuuMMzi71pO0MSRgyaT,,,
1539,playlists,,"Pills & Automobiles (feat. Yo Gotti, A Boogie Wit Da Hoodie & Kodak Black)","Chris Brown, Yo Gotti, A Boogie Wit da Hoodie, Kodak Black",2017,https://open.spotify.com/track/4YkwUfWSIxdKNLDXw0caFO,,,
1540,playlists,,Go Crazy,"Chris Brown, Young Thug",2020,https://open.spotify.com/track/5E1aFH3QO8NHlocnXIPTYo,,,
1541,playlists,,Aria In The Canopy,Chris Buckman,2016,https://open.spotify.com/track/4wZZCLwjGjXdY2T8E4Fysz,,,
1542,playlists,,Savana,Chris Lake,2025,https://open.spotify.com/track/6Uz2230ZgSmqQli5SMaIZY,,,
1543,playlists,,In The Yuma (feat. Aatig),"Chris Lake, Aatig",2022,https://open.spotify.com/track/2e2yKavdT6WQzzMHwNtPFa,Yuma,city,medium
1544,playlists,,Turn off the Lights,"Chris Lake, Alexis Roberts",2018,https://open.spotify.com/track/7dsImih2L25fa6qjNphBI7,,,
1545,playlists,,Beggin',"Chris Lake, Aluna",2023,https://open.spotify.com/track/74nEGIzIefJhJ5qX7NeIAz,,,
1546,playlists,,More Baby,"Chris Lake, Aluna",2023,https://open.spotify.com/track/02QE4LsAj7DBjMRxolGE8a,,,
1547,playlists,,Dubai Dublin,"Chris Lake, Armand Van Helden",2020,https://open.spotify.com/track/3DoBRVWvpcQEwYigCuI82z,Dubai; Dublin,city; city,high
1548,playlists,,The Answer (featuring Arthur Baker & Victor Simonelli),"Chris Lake, Armand Van Helden, Arthur Baker, Victor Simonelli",2020,https://open.spotify.com/track/5whiPPRn248jYANBCMzQoB,,,
1549,playlists,,Beat Freak,"Chris Lake, Riva Starr, lau.ra",2021,https://open.spotify.com/track/2AEmVLAKJL3xjaUNL9mKzM,,,
1550,playlists,,Free Your Body,"Chris Lake, Solardo",2019,https://open.spotify.com/track/5TQxS54o7gw5KOxikHxnUi,,,
1551,playlists,,Pump,Chris Lorenzo,2023,https://open.spotify.com/track/37Jh3OXqliOxKjtl1aO49y,,,
1552,playlists,,California Dreamin' (feat. High Jinx),"Chris Lorenzo, High Jinx",2021,https://open.spotify.com/track/4ASOMWcJUrwEpjJy4GEijz,California,us_state,high
1553,playlists,,She Got A Sugar Daddy,"CHRIST DILLINGER, Ayesha Erotica, Dj Smokey",2024,https://open.spotify.com/track/1qBgDl5TAe7lmUVcn2vTTG,,,
1554,playlists,,The Days - NOTION Remix,"Chrystal, NOTION",2024,https://open.spotify.com/track/2FAZskT9yRjp2Oow9szJD8,,,
1555,playlists,,Can She,"Chuckie, ChildsPlay, Taz's Angels",2016,https://open.spotify.com/track/6RC9QaksOUW9PQfnTuWF9W,,,
1556,playlists,,Tubthumping,Chumbawamba,1997,https://open.spotify.com/track/5YScXJKtefsgdskIy60N7A,,,
1557,playlists,,Roses,CHVRCHES,2026,https://open.spotify.com/track/3cV0ssCRS5OUR6iRUHf56C,,,
1558,playlists,,Oh (feat. Ludacris),"Ciara, Ludacris",2004,https://open.spotify.com/track/7i7UIbm5E0DD7aSOYvwp2v,,,
1559,playlists,,"1, 2 Step (feat. Missy Elliott)","Ciara, Missy Elliott",2004,https://open.spotify.com/track/7uKcScNXuO3MWw6LowBjW1,,,
1560,playlists,,Goodies (feat. Petey Pablo),"Ciara, Petey Pablo",2004,https://open.spotify.com/track/3dFwpxh2yH7C7p9BGEKLVB,,,
1561,playlists,,OoooH,"CID, WILL K",2022,https://open.spotify.com/track/0pirokrbgCxZ0nvZsl5qEU,,,
1562,playlists,,Unfinished Business,City Fidelia,2018,https://open.spotify.com/track/0nyUXf6dc7WGzqCRTqmSgT,,,
1563,playlists,,KenPark - SosMula Solo,"City Morgue, SosMula, Sickboyrari",2018,https://open.spotify.com/track/43nXiKTaUkHmTBfaHLKEgw,,,
1564,playlists,,Aw Shit - Zillakami Solo,"City Morgue, ZillaKami",2018,https://open.spotify.com/track/3oBlwGbihR4DHztLAyPH6n,,,
1565,playlists,,33rd Blakk Glass,"City Morgue, ZillaKami, SosMula",2018,https://open.spotify.com/track/5T0YyRxyxtLDxLYJhLjqWM,,,
1566,playlists,,Arson,"City Morgue, ZillaKami, SosMula",2018,https://open.spotify.com/track/6VCq9JcEi9EbEKl8XIdCgk,,,
1567,playlists,,Caligula,"City Morgue, ZillaKami, SosMula",2018,https://open.spotify.com/track/1hflocGENeOhHRN2jsFTyS,,,
1568,playlists,,Downer,"City Morgue, ZillaKami, SosMula",2018,https://open.spotify.com/track/2muf1caAmZ5AqPUFeIaP9r,,,
1569,playlists,,Lamborghini Getaway,"City Morgue, ZillaKami, SosMula",2018,https://open.spotify.com/track/7Fur0xdBxvYbIT3qNUtYT2,,,
1570,playlists,,Nuka Cola,"City Morgue, ZillaKami, SosMula",2018,https://open.spotify.com/track/2vbdUi6DvdKauWAisnyjNg,,,
1571,playlists,,PTSD,"City Morgue, ZillaKami, SosMula",2018,https://open.spotify.com/track/6W3kWEuBAUmpRMQo1omdoE,,,
1572,playlists,,SHINNERS13,"City Morgue, ZillaKami, SosMula",2018,https://open.spotify.com/track/0T6wsLOq4GmZL4HtOseM4k,,,
1573,playlists,,Sk8 Head,"City Morgue, ZillaKami, SosMula",2018,https://open.spotify.com/track/07miQb315ezd5obb3PPzQB,,,
1574,playlists,,Snow On Tha Bluff,"City Morgue, ZillaKami, SosMula",2018,https://open.spotify.com/track/75bUSwa9lSW9KrBF2p2kND,,,
1575,playlists,,So What,"City Morgue, ZillaKami, SosMula",2018,https://open.spotify.com/track/3qlXiKp8TDa1TQA28gd1IS,,,
1576,playlists,,Gravehop187,"City Morgue, ZillaKami, SosMula, Sickboyrari",2018,https://open.spotify.com/track/4NIxSd3Rlyr0qBb9ejTC2z,,,
1577,playlists,,Blast,Clams Casino,2016,https://open.spotify.com/track/6xr3MVHxQaOtBybv0uD8ir,,,
1578,playlists,,Level 1,Clams Casino,2016,https://open.spotify.com/track/4WPLMVMeTkSfFWlO4lIz3i,,,
1579,playlists,,Skull,Clams Casino,2016,https://open.spotify.com/track/78Y7HjKXOtjGNN3s5Xenrl,,,
1580,playlists,,Be Somebody (feat. A$AP Rocky & Lil B),"Clams Casino, A$AP Rocky, Lil B",2016,https://open.spotify.com/track/0sj2jVLjaomVaFAJZqSZI9,,,
1581,playlists,,A Breath Away (feat. Kelela),"Clams Casino, Kelela",2016,https://open.spotify.com/track/04v5XMgy3zRGXDCQlyYXhB,,,
1582,playlists,,Back to You (feat. Kelly Zutrau),"Clams Casino, Kelly Zutrau",2016,https://open.spotify.com/track/4oprJcopkdLLQb49qiACHR,,,
1583,playlists,,Witness (feat. Lil B),"Clams Casino, Lil B",2016,https://open.spotify.com/track/4TZ0aDbuMxGuYGAj0PV9LG,,,
1584,playlists,,32 Levels (feat. Lil B & Joe Newman),"Clams Casino, Lil B, Joe Newman",2016,https://open.spotify.com/track/1WHFqaE5lL6qB4ACFJ65d5,,,
1585,playlists,,Into the Fire (feat. Mikky Ekko),"Clams Casino, Mikky Ekko",2016,https://open.spotify.com/track/6kokXKEbCgKAlkhcJssgh1,,,
1586,playlists,,Thanks to You (feat. Sam Dew),"Clams Casino, Sam Dew",2016,https://open.spotify.com/track/5AQoDfMaiZDeGBZuUmfiPF,,,
1587,playlists,,Ghost in a Kiss (feat. Samuel T. Herring),"Clams Casino, Samuel T. Herring",2016,https://open.spotify.com/track/7BrVXTUfeyi6vfQhgObyv3,,,
1588,playlists,,All Nite (feat. Vince Staples),"Clams Casino, Vince Staples",2016,https://open.spotify.com/track/65ENznU4hwrR04whyJboxr,,,
1589,playlists,,Samba,Clea Vincent,2017,https://open.spotify.com/track/3AyeEQHxCOzJ22b2mQTUPK,Samba,city,high
1590,playlists,,Rockabye (feat. Sean Paul & Anne-Marie),"Clean Bandit, Anne-Marie, Sean Paul",2016,https://open.spotify.com/track/5knuzwU65gJK7IF5yJsuaW,,,
1591,playlists,,Solo (feat. Demi Lovato),"Clean Bandit, Demi Lovato",2018,https://open.spotify.com/track/6kPJZM97LwdG9QIsT7khp6,,,
1592,playlists,,Symphony (feat. Zara Larsson),"Clean Bandit, Zara Larsson",2017,https://open.spotify.com/track/1x5sYLZiu9r5E43kMlt9f8,,,
1593,playlists,,Commissary,Clever,2019,https://open.spotify.com/track/26qM2qdTdRSUBenp1JhlGU,,,
1594,playlists,,Everything Beautiful,Clever,2021,https://open.spotify.com/track/5foO8AOC1MNFuj2ENna6F9,,,
1595,playlists,,I Don't Socialize,Clever,2022,https://open.spotify.com/track/7egyq8BZauhei1TRLKnLSq,,,
1596,playlists,,Money to the Light,Clever,2019,https://open.spotify.com/track/5K7lZXE9d2ol1KawZzISmc,,,
1597,playlists,,Rolls Royce Umbrella,"Clever, Chris Brown",2021,https://open.spotify.com/track/2aZaHjSPW4I8Ha9LLcMpYf,,,
1598,playlists,,Skittles (feat. Lil Baby),"Clever, Lil Baby",2021,https://open.spotify.com/track/2zsD9MonKfUGB03quqcTni,,,
1599,playlists,,Stick By My Side,"Clever, NLE Choppa",2019,https://open.spotify.com/track/1lDnr10iH0O5sURL5JlGig,,,
1600,playlists,,Gangsta Lean,Clipse,2002,https://open.spotify.com/track/7fhxlqe6RvHhAsQOcJPTIv,,,
1601,playlists,,Ace Trumpets,"Clipse, Pusha T, Malice",2025,https://open.spotify.com/track/6gurRCQTLcBNkakApASMdi,,,
1602,playlists,,Sippin' Yak,Cloonee,2024,https://open.spotify.com/track/1LldihpfcYdxAnCigKijW2,,,
1603,playlists,,XTC,"Cloonee, Jocelyn Enriquez",2026,https://open.spotify.com/track/6bIvgjuhHG2tNldfu6WTZE,,,
1604,playlists,,Stephanie,"Cloonee, Young M.A, InntRaw",2024,https://open.spotify.com/track/3sh2q76qsc7yLkQNmHKfQf,,,
1605,playlists,,Take A Sexy Picture Of Me,CMAT,2025,https://open.spotify.com/track/0gQpTmVvkNauZzh5YSIrHY,,,
1606,playlists,,Good Girls Go Bad (feat. Leighton Meester),"Cobra Starship, Leighton Meester",2009,https://open.spotify.com/track/7kMfu3KUydmrFVGEAhjtyl,,,
1607,playlists,,You Make Me Feel... (feat. Sabi),"Cobra Starship, Sabi",2011,https://open.spotify.com/track/16Of7eeW44kt0a1M0nitHM,,,
1608,playlists,,BRAND NEW BITCH,Cobrah,2022,https://open.spotify.com/track/13DNuiQyuTDcAw6Y8thZFM,,,
1609,playlists,,DIP N DRIP,Cobrah,2021,https://open.spotify.com/track/2BH9ryNKlONkENIhgMM4lq,,,
1610,playlists,,FEMININE ENERGY,Cobrah,2023,https://open.spotify.com/track/0RwUodOQMZwbJktcNYFq6x,,,
1611,playlists,,SUCK,Cobrah,2023,https://open.spotify.com/track/6xr2ZYvmTlL9LzaaqqmOX1,,,
1612,playlists,,U KNOW ME,Cobrah,2019,https://open.spotify.com/track/4lhacsOEAkfReGmzFJhwm2,,,
1613,playlists,,SWEAT IT OUT (TEQUILA Remix),"Cobrah, Only Fire",2024,https://open.spotify.com/track/0ReQoVdisBV5sBVWQKbcq3,Tequila,city,medium
1614,playlists,,COCK AND BALL TORTURE,COCKAHOLICS,2020,https://open.spotify.com/track/56N7cgZsZdnwyPcVuHGWfB,,,
1615,playlists,,Liftin Me Up,Coco & Breezy,2022,https://open.spotify.com/track/0qSllbl7XcVIqz78RgaHSa,,,
1616,playlists,,Moderation,"Cody Ko, Space Rangers",2022,https://open.spotify.com/track/1fikbQbH2oRiyvmnPXifQa,,,
1617,playlists,,Britney,Col3trane,2018,https://open.spotify.com/track/7hBlfkSvYyXPPn68azkODC,,,
1618,playlists,,Chemicals,Col3trane,2018,https://open.spotify.com/track/6aNbyKEgohr6XsqjABhxLq,,,
1619,playlists,,Fear and Loathing,Col3trane,2018,https://open.spotify.com/track/160Lq8xUQxZHNBmFKROgnD,,,
1620,playlists,,Malibu Sleep,Col3trane,2018,https://open.spotify.com/track/0cVquG5bipDxlQ8rLbX52d,Malibu,landmark,high
1621,playlists,,Marie Antoinette - Interlude,Col3trane,2018,https://open.spotify.com/track/4yLIYYYI258wEr7ld7N7u1,,,
1622,playlists,,Mario Kart,Col3trane,2018,https://open.spotify.com/track/5fGsk5qy3J2uL9WC9vyYRJ,,,
1623,playlists,,Momma Bear,Col3trane,2018,https://open.spotify.com/track/01joMlMBZRQB5bytYjvfMa,,,
1624,playlists,,Movie Star,Col3trane,2018,https://open.spotify.com/track/09gpZyNL0s4elflkrxSYj7,,,
1625,playlists,,New Chain,Col3trane,2018,https://open.spotify.com/track/0XKy7RX253fDcYaV29qPC5,,,
1626,playlists,,Outside - Outro,Col3trane,2018,https://open.spotify.com/track/1zXA806qSJVWnHpGWQ3UUC,,,
1627,playlists,,Penelope,Col3trane,2018,https://open.spotify.com/track/75w3hkYlT7dH1IWXMqBdq9,,,
1628,playlists,,Problems In Us,Col3trane,2019,https://open.spotify.com/track/4YU5g8uyWWW882UQQHxLbU,,,
1629,playlists,,Resume,Col3trane,2018,https://open.spotify.com/track/7JZct9DUfJ0iMTtwbf8rKA,,,
1630,playlists,,Roses,Col3trane,2018,https://open.spotify.com/track/3YG5fXztvyFpHDV2wYuX70,,,
1631,playlists,,Someone To Watch Over Me,Col3trane,2020,https://open.spotify.com/track/6BVTyJAJWIgoFUZzSkSeWp,,,
1632,playlists,,Tsarina - Intro,Col3trane,2018,https://open.spotify.com/track/7sSWxb3h60q2n4HBaGkP0o,,,
1633,playlists,,Tyler,Col3trane,2018,https://open.spotify.com/track/6LWstZ3aCECKV5HRO2oYFq,,,
1634,playlists,,Whatchumacallit,Col3trane,2021,https://open.spotify.com/track/6tzPDA4TyPHZi4idbAs3Po,,,
1635,playlists,,X.X.,Col3trane,2018,https://open.spotify.com/track/4PtBhZnsKb4TiM8ymWaIDR,,,
1636,playlists,,Language (feat. Ebenezer),"Col3trane, Ebenezer",2018,https://open.spotify.com/track/6NOdD9M3uXCQbHoxLChMn0,,,
1637,playlists,,Perfect Timing,"Col3trane, FKJ",2019,https://open.spotify.com/track/70ImmsjSK86Qqqy7QYxI0C,,,
1638,playlists,,Superpowers (with GoldLink),"Col3trane, GoldLink",2019,https://open.spotify.com/track/1iZjxPc5GJhEBl6CZOZXTw,,,
1639,playlists,,Clutch (feat. Kiana Ledé),"Col3trane, Kiana Ledé",2020,https://open.spotify.com/track/6QqF0MqjQVotftZIuQUbvf,,,
1640,playlists,,Rendezvous (with Miraa May),"Col3trane, Miraa May",2019,https://open.spotify.com/track/5JPF1NwO99YaxEF7AYFa0Z,,,
1641,playlists,,CANNONBALL 2008 - Colin's Version,Colin Munroe,2021,https://open.spotify.com/track/29DzljUCg6tZ06pEMHUBZF,,,
1642,playlists,,Walk (Remix),"Comethazine, A$AP Rocky",2019,https://open.spotify.com/track/35l8ivgXiWiDCv7TCZ50Da,,,
1643,playlists,,Idol Eyes,Common Saints,2024,https://open.spotify.com/track/5MbgPUiDXvOZE5ZD8OCKXF,,,
1644,playlists,,Firebreak - Edit,Confidence Man,2023,https://open.spotify.com/track/5eD7gQPf53vmuQ0Ka6KUdb,,,
1645,playlists,,gossip,"Confidence Man, JADE",2025,https://open.spotify.com/track/3pgwQNwEqbU12kLNXNDB7Q,,,
1646,playlists,,I Started a Joke (feat. Becky Hanson),"ConfidentialMX, Becky Hanson",2016,https://open.spotify.com/track/7qoiIJeepTkwzXMAItJe8T,,,
1647,playlists,,honey baby,conk creet,2021,https://open.spotify.com/track/4WMROmmBIkGIGJo3sNQCUR,,,
1648,playlists,,Cape Canaveral,Conor Oberst,2008,https://open.spotify.com/track/3MDOdyEXnNUQCEQuEmyGqJ,,,
1649,playlists,,When I Wanna,Consequence,2015,https://open.spotify.com/track/4I7yE69QglZQinZKZjhQ64,,,
1650,playlists,,Scatter Brain (feat. Ludacris & JID),"Conway the Machine, Ludacris, JID",2021,https://open.spotify.com/track/4w7lBzX0EcDuy8tQLQvjC2,,,
1651,playlists,,Shoot Sideways,"Conway the Machine, The Alchemist, ScHoolboy Q",2020,https://open.spotify.com/track/2sl38MxPHtGY4nMopXoKHh,,,
1652,playlists,,Mad as F*ck,Cordae,2024,https://open.spotify.com/track/3hpB20yL4LC0EfUflmnMEa,,,
1653,playlists,,Make Up Your Mind,Cordae,2023,https://open.spotify.com/track/1pi9osnCVKgqMuMrVfAcBM,,,
1654,playlists,,Super,Cordae,2021,https://open.spotify.com/track/1rjnHhnDtoboZAXJyJgzaz,,,
1655,playlists,,The Parables,Cordae,2020,https://open.spotify.com/track/0uinQuLSYDMua89kLVVnjv,,,
1656,playlists,,RNP (feat. Anderson .Paak),"Cordae, Anderson .Paak",2019,https://open.spotify.com/track/5lw8Mgb4LyhriPIC86gV6e,,,
1657,playlists,,Summer Drop (feat. Anderson .Paak),"Cordae, Anderson .Paak",2024,https://open.spotify.com/track/3z8DyeoD1bZOQtEYyCL2wn,,,
1658,playlists,,Two Tens (feat. Anderson .Paak),"Cordae, Anderson .Paak",2023,https://open.spotify.com/track/6clDsO8HwhHEgJDDp88VdL,,,
1659,playlists,,Bad Idea (feat. Chance the Rapper),"Cordae, Chance the Rapper",2019,https://open.spotify.com/track/5yK37zazHUe3WxEvymZs20,,,
1660,playlists,,Saturday Mornings (feat. Lil Wayne),"Cordae, Lil Wayne",2024,https://open.spotify.com/track/2dk1fsLg7YEsKJdVm4P5cu,,,
1661,playlists,,Sinister (feat. Lil Wayne),"Cordae, Lil Wayne",2021,https://open.spotify.com/track/2Tq63TjpS5euE9jT1GWleN,,,
1662,playlists,,Gifted (feat. Roddy Ricch),"Cordae, Roddy Ricch",2020,https://open.spotify.com/track/0mb3uDw5vfFUcZfJYFOMRu,,,
1663,playlists,,Pray (feat. Ty Dolla $ign),"Cordae, Ty Dolla $ign",2024,https://open.spotify.com/track/2D4JnV4FeqeGROcCS2Ebzd,,,
1664,playlists,,Never Surrender,Corey Hart,1985,https://open.spotify.com/track/2d45Y8BRDOlpxFkQMQNmPa,,,
1665,playlists,,Sunglasses at Night - Extended Version,Corey Hart,1983,https://open.spotify.com/track/2NcnRXvKMhilK3CSXm325p,,,
1666,playlists,,Fantasy (feat. Franc Moody),"Cosmo's Midnight, Franc Moody",2024,https://open.spotify.com/track/2VUe72lL2e27cfHZbfnhz8,,,
1667,playlists,,Get To Know (feat. Winston Surfshirt),"Cosmo's Midnight, Winston Surfshirt",2018,https://open.spotify.com/track/1LvASuCm9gPr9684FFNKdt,,,
1668,playlists,,WIZZ - COBRAH REMIX,"COUCOU CHLOE, Cobrah",2022,https://open.spotify.com/track/3b6ZWKonZcaHlhivx6M63z,,,
1669,playlists,,Mr. Jones,Counting Crows,1993,https://open.spotify.com/track/5DiXcVovI0FcY2s0icWWUu,,,
1670,playlists,,Fresh - House of Prayers Poolside Edit,"Crazibiza, House of Prayers",2023,https://open.spotify.com/track/71vqZFDzzvwt7tsTYy1g01,,,
1671,playlists,,Axel F,Crazy Frog,2005,https://open.spotify.com/track/2Ea1iuiNtpR9BcFlQYRE5d,,,
1672,playlists,,Higher,Creed,1999,https://open.spotify.com/track/1ZozJfi8u9cO2Ob8KwiwNT,,,
1673,playlists,,Bad Moon Rising,Creedence Clearwater Revival,1969,https://open.spotify.com/track/20OFwXhEXf12DzwXmaV7fj,,,
1674,playlists,,Fortunate Son,Creedence Clearwater Revival,2016,https://open.spotify.com/track/0xQvrfyrolYl97XYPwzvgp,,,
1675,playlists,,Something About,CRi,2023,https://open.spotify.com/track/1iXnuzL0WMZXOkf7dQClwb,,,
1676,playlists,,Rock Yo Hips,Crime Mob,2007,https://open.spotify.com/track/76dZuMVXjIyLPRLv00skGd,,,
1677,playlists,,Xtra Chromosexual,"CringeKev, Jared Nathan",2022,https://open.spotify.com/track/0FHyPTOyJzWcfzRwcpaKPo,,,
1678,playlists,,Don't Dream It's Over,Crowded House,1986,https://open.spotify.com/track/7G7tgVYORlDuVprcYHuFJh,,,
1679,playlists,,seat,Crumley,2026,https://open.spotify.com/track/0aBzAonq2KkFhdFIWSTPX1,,,
1680,playlists,,Karma Chameleon - Remastered 2002,Culture Club,1983,https://open.spotify.com/track/2wSAWEYUHkt92X4SBAPqZE,,,
1681,playlists,,Dora,cupcakKe,2024,https://open.spotify.com/track/47hGhisWorLg3xYkz6adbA,,,
1682,playlists,,Flying,Curbi,2022,https://open.spotify.com/track/23tSVCziOnXVAyayQt0Bi7,,,
1683,playlists,,Vertigo,"Curbi, PollyAnna",2021,https://open.spotify.com/track/0Cv7pfVZT1KjaqpylUsYQH,,,
1684,playlists,,300 Thousand,Curren$y,2018,https://open.spotify.com/track/3CZmkivge9jnZzWxjm757B,,,
1685,playlists,,A Sign of Things to Come,Curren$y,2018,https://open.spotify.com/track/2TG1SJGxe3dsTqRl15Lyle,Comé,city,medium
1686,playlists,,Feel Nobody,Curren$y,2018,https://open.spotify.com/track/7hTjrU3Wjc0LgwadlLvCjo,,,
1687,playlists,,Never Stop,Curren$y,2018,https://open.spotify.com/track/1TeeW4e6nH18i6onwJ06zn,,,
1688,playlists,,One By One,Curren$y,2018,https://open.spotify.com/track/40lOLykpTrfTmQ8WOTsZiD,,,
1689,playlists,,Prize Money,Curren$y,2018,https://open.spotify.com/track/0H8n2acwuyj4ZSpjK4QLGs,,,
1690,playlists,,Specialist,Curren$y,2018,https://open.spotify.com/track/2QFWSln4pJb1Q306YEo3Po,,,
1691,playlists,,Targa,Curren$y,2018,https://open.spotify.com/track/6KwcnlGora15LoJrdw3Qb9,,,
1692,playlists,,This and That,Curren$y,2018,https://open.spotify.com/track/3u9u4xAkzKuONeP4QD9E3q,,,
1693,playlists,,Bundy & Sincere,"Curren$y, Freddie Gibbs, The Alchemist",2018,https://open.spotify.com/track/7dH8vCo5Q3U9BMfraAlwwP,,,
1694,playlists,,Location Remote,"Curren$y, Freddie Gibbs, The Alchemist",2018,https://open.spotify.com/track/6Winqb2Zb4ijvkdiwd0bmb,,,
1695,playlists,,New Thangs,"Curren$y, Freddie Gibbs, The Alchemist",2018,https://open.spotify.com/track/532dcSo8ZGjxQwM2C3usPO,,,
1696,playlists,,No Window Tints,"Curren$y, Freddie Gibbs, The Alchemist",2018,https://open.spotify.com/track/62twaLERWs9StBbsRb50wt,,,
1697,playlists,,Now & Later Gators,"Curren$y, Freddie Gibbs, The Alchemist",2018,https://open.spotify.com/track/1leBreiEBq9Fz6wVZsXJYe,,,
1698,playlists,,Saturday Night Special,"Curren$y, Freddie Gibbs, The Alchemist",2018,https://open.spotify.com/track/4zjeLlSpk9lAdXRfcYPDaz,,,
1699,playlists,,Tapatio,"Curren$y, Freddie Gibbs, The Alchemist",2018,https://open.spotify.com/track/2AsYf2xEXUTmhW5iz9Rwdp,,,
1700,playlists,,The Blow,"Curren$y, Freddie Gibbs, The Alchemist",2018,https://open.spotify.com/track/5AksM0Q6GRF58aPZ1KGecO,,,
1701,playlists,,Willie Lloyd,"Curren$y, Freddie Gibbs, The Alchemist",2018,https://open.spotify.com/track/0iwOtdhPYur2MuGMsTbVqn,,,
1702,playlists,,Pay Scale (feat. Larry June),"Curren$y, Larry June",2018,https://open.spotify.com/track/5Muj3FaoJE0xr0T5UUsfiF,,,
1703,playlists,,Foreign Summers (feat. T.Y.),"Curren$y, T.Y.",2018,https://open.spotify.com/track/3MVExW9PtvWKS1m6ejskHE,,,
1704,playlists,,Spaceship (feat. T.Y.),"Curren$y, T.Y.",2018,https://open.spotify.com/track/77XTlKkKE9ZGnq5LdUEYna,,,
1705,playlists,,Dat Side (feat. Kanye West),"CyHi, Kanye West",2017,https://open.spotify.com/track/1LgNXucKQHGybDwernsNo2,,,
1706,playlists,,Badness of Madness,"CZARFACE, MF DOOM",2018,https://open.spotify.com/track/2SQ9NJnhD4vzgiezWgQ9sf,,,
1707,playlists,,Bomb Thrown,"CZARFACE, MF DOOM",2018,https://open.spotify.com/track/46efwIlSpvdURIubZCs3jC,,,
1708,playlists,,Captain Brunch,"CZARFACE, MF DOOM",2018,https://open.spotify.com/track/7D7j3FhiVuSUNXDApJPjHS,,,
1709,playlists,,Captain Crunch,"CZARFACE, MF DOOM",2018,https://open.spotify.com/track/434tfsuXXgs7muK9KebirA,,,
1710,playlists,,Close Talker,"CZARFACE, MF DOOM",2018,https://open.spotify.com/track/0mIIS2VhG6h51g11lZDmVt,,,
1711,playlists,,Don't Spoil It,"CZARFACE, MF DOOM",2018,https://open.spotify.com/track/6rjciKpoIKaGufNr9niJir,,,
1712,playlists,,Forever People,"CZARFACE, MF DOOM",2018,https://open.spotify.com/track/2VbP6WUjPXOHj3P9hCYsND,,,
1713,playlists,,Meddle with Metal,"CZARFACE, MF DOOM",2018,https://open.spotify.com/track/6Bau7xvbJLgmHW96Eyb7IF,,,
1714,playlists,,MF Czar,"CZARFACE, MF DOOM",2018,https://open.spotify.com/track/5qihkD13o5T7GwxiIY63mz,,,
1715,playlists,,Nautical Depth,"CZARFACE, MF DOOM",2018,https://open.spotify.com/track/2NyxHxhRXmq1jqCTdvJz7I,,,
1716,playlists,,Sleeping Dogs,"CZARFACE, MF DOOM",2018,https://open.spotify.com/track/12irOI6LnL1cZQQqy8BZGB,,,
1717,playlists,,Stun Gun,"CZARFACE, MF DOOM",2018,https://open.spotify.com/track/5OkRsZsJBBFIOWbCyJq6eL,,,
1718,playlists,,Take Your Medicine,"CZARFACE, MF DOOM",2018,https://open.spotify.com/track/6qfNz0CMQqDy2VpoJu67Gb,,,
1719,playlists,,You Masked for It,"CZARFACE, MF DOOM",2018,https://open.spotify.com/track/4oZxLQ4KZnlQ2ZIb8eilNj,,,
1720,playlists,,Phantoms,"CZARFACE, MF DOOM, Open Mike Eagle, Kendra Morris",2018,https://open.spotify.com/track/7MI23VU7ULV1PaGZoHtiHn,,,
1721,playlists,,Astral Traveling,"CZARFACE, MF DOOM, Vinnie Paz",2018,https://open.spotify.com/track/7bhqleAlNaLpXj2wEbXZQo,,,
1722,playlists,,Let Go,"D Smoke, SiR",2020,https://open.spotify.com/track/1O2wgYfOdpcoWnZbdbrpMh,,,
1723,playlists,,All Mine,D.O.D,2021,https://open.spotify.com/track/55vxJOfCXlkiFzELyNTYQm,,,
1724,playlists,,Set Me Free,D.O.D,2023,https://open.spotify.com/track/5zA3gMIFlgnhNQj39GcTqE,,,
1725,playlists,,Do the Clap - Mason's Re-Clap,"Da Chick, Mason",2016,https://open.spotify.com/track/5HwdWkuiTEQ9KJjAU7OVti,,,
1726,playlists,,So Cold (feat. A$AP Nast & A$AP Ferg),"Da$H, A$AP NAST, A$AP Ferg",2013,https://open.spotify.com/track/0v1ffqE9dwqWwHAa0FHoA2,,,
1727,playlists,,Backend,DaBaby,2019,https://open.spotify.com/track/2ky7vgodn1YedpeS00lUqt,,,
1728,playlists,,Ball If I Want To,DaBaby,2021,https://open.spotify.com/track/0cu0rhnlCnJ7JIeHRiLpj3,,,
1729,playlists,,BLAME IT ON BABY,DaBaby,2020,https://open.spotify.com/track/0jWm0VyD8p3MrSInczpows,,,
1730,playlists,,BOP,DaBaby,2019,https://open.spotify.com/track/6Ozh9Ok6h4Oi1wUSLtBseN,,,
1731,playlists,,Carpet Burn,DaBaby,2019,https://open.spotify.com/track/1N7CHs4eGjgr3gjyUgq75Y,,,
1732,playlists,,Deal Wit It,DaBaby,2019,https://open.spotify.com/track/3yXP1unIs1X9U5FbEarv7e,,,
1733,playlists,,FIND MY WAY,DaBaby,2020,https://open.spotify.com/track/1lGHa2pwYzxQHFBUynhLtO,,,
1734,playlists,,Goin Baby,DaBaby,2019,https://open.spotify.com/track/3WyRgi8CzQnhzO0xw79tTS,,,
1735,playlists,,INTRO,DaBaby,2019,https://open.spotify.com/track/05WepN8vrMLJG5r8XRdLeL,,,
1736,playlists,,Pony,DaBaby,2019,https://open.spotify.com/track/0SsTkfOhM7e87trwjEqBQN,,,
1737,playlists,,Red Light Green Light,DaBaby,2021,https://open.spotify.com/track/1YDebgap5OFwXEBG18NJvy,,,
1738,playlists,,Suge,DaBaby,2019,https://open.spotify.com/track/2gwkD6igEhQbDQegRCcdoB,,,
1739,playlists,,Taking It Out,DaBaby,2019,https://open.spotify.com/track/6B4KWBeFdHrpVezjTqggWr,,,
1740,playlists,,TRICKIN',DaBaby,2023,https://open.spotify.com/track/1jBMZDuirIUrnXyhS2ExfB,,,
1741,playlists,,Tupac,DaBaby,2019,https://open.spotify.com/track/5U8sc8et1PiuDQfIQ2J98a,,,
1742,playlists,,Walker Texas Ranger,DaBaby,2019,https://open.spotify.com/track/6aYi4lYcAohNhlNWsbWfy0,Texas,us_state,high
1743,playlists,,TOES (feat. Lil Baby & Moneybagg Yo),"DaBaby, Lil Baby, Moneybagg Yo",2019,https://open.spotify.com/track/2FvD20Z8aoWIePi7PoN8sG,,,
1744,playlists,,RAW SHIT (feat. Migos),"DaBaby, Migos",2019,https://open.spotify.com/track/1CCDIow4pPYyJYzhtTUYz2,,,
1745,playlists,,Baby Sitter (feat. Offset),"DaBaby, Offset",2019,https://open.spotify.com/track/7f1zjZG77S891Uv4O68yfk,,,
1746,playlists,,Celebrate (feat. Rich Homie Quan),"DaBaby, Rich Homie Quan",2019,https://open.spotify.com/track/7uxbabRF4omY1MhmIgaZ6Y,,,
1747,playlists,,Best Friend (feat. Rich The Kid),"DaBaby, Rich The Kid",2019,https://open.spotify.com/track/2gjPbUsttk6GqJOUAh9WzN,,,
1748,playlists,,Joggers (feat. Stunna 4 Vegas),"DaBaby, Stunna 4 Vegas",2019,https://open.spotify.com/track/6uIpf2e5PrB0ZMufi0AWpL,,,
1749,playlists,,BLIND (feat. Young Thug),"DaBaby, Young Thug",2020,https://open.spotify.com/track/2T5NBwKRySiCR78vVk08vr,,,
1750,playlists,,Bestie,"DaBaby, YoungBoy Never Broke Again",2022,https://open.spotify.com/track/6r9xnueU24r4eoG3HXC87E,,,
1751,playlists,,Day & Night,"Dabeull, HolyBrune",2019,https://open.spotify.com/track/09iktHjNiTzCX6YT5XKScx,,,
1752,playlists,,Last Night,"Dabeull, Jordan Lee",2019,https://open.spotify.com/track/4MYW1nmS6luqgtHcqHqHYA,,,
1753,playlists,,Neckst Up,"Daddy Long Neck, Wide Neck",2018,https://open.spotify.com/track/2MyHEeJsXQjd7nO6fxyqWX,,,
1754,playlists,,One More Time,Daft Punk,2001,https://open.spotify.com/track/0DiWol3AO6WpXZgp0goxAV,,,
1755,playlists,,Technologic - Radio Edit,Daft Punk,2006,https://open.spotify.com/track/4yjlWacI4vXSwtE7Kq7rUH,,,
1756,playlists,,Instant Crush (feat. Julian Casablancas),"Daft Punk, Julian Casablancas",2013,https://open.spotify.com/track/2cGxRwrMyEAp8dEbuZaVv6,,,
1757,playlists,,Touch (feat. Paul Williams),"Daft Punk, Paul Williams",2013,https://open.spotify.com/track/7oaEjLP2dTJLJsITbAxTOz,,,
1758,playlists,,Get Lucky (Radio Edit) [feat. Pharrell Williams and Nile Rodgers],"Daft Punk, Pharrell Williams, Nile Rodgers",2013,https://open.spotify.com/track/2Foc5Q5nqNiosCNqttzHof,,,
1759,playlists,,Seven Nation Army (feat. KOYSINA),"Dance Fruits Music, DMNDS, KOYSINA",2021,https://open.spotify.com/track/05y860js7tl7pqqleQz1Ib,,,
1760,playlists,,Diamonds,Danger Incorporated,2016,https://open.spotify.com/track/2OrMrZo3yQ2zJHOttgZ992,,,
1761,playlists,,OUTTAHISMIND,"Daniel Allan, Port London",2024,https://open.spotify.com/track/65fPnec9ZIWi4YSMYOQXRm,,,
1762,playlists,,Call On Me,Daniel Caesar,2025,https://open.spotify.com/track/1M3O7iJBvb5wCAYQmWGWsC,,,
1763,playlists,,Do You Like Me?,Daniel Caesar,2023,https://open.spotify.com/track/6q4yusLwjDYEcF6jXHdt7J,,,
1764,playlists,,ENTROPY,Daniel Caesar,2019,https://open.spotify.com/track/795p3jKj5stjPf8IFpZkdD,,,
1765,playlists,,Hold Me Down,Daniel Caesar,2017,https://open.spotify.com/track/1Mza2sr6tPhy6jjI3HB9fW,,,
1766,playlists,,Please Do Not Lean (feat. BADBADNOTGOOD),"Daniel Caesar, BADBADNOTGOOD",2022,https://open.spotify.com/track/5uXO1sjZ7VbNKexKaFRna3,,,
1767,playlists,,Moon,"Daniel Caesar, Bon Iver",2025,https://open.spotify.com/track/2jAIpYibcgTSvcchEenQwN,,,
1768,playlists,,Disillusioned (with serpentwithfeet),"Daniel Caesar, serpentwithfeet",2023,https://open.spotify.com/track/4YsnwsPURRSvprBHBY1BCd,,,
1769,playlists,,Bad Day,Daniel Powter,2005,https://open.spotify.com/track/7D02XU0rlcK9ryfPHvSiA3,,,
1770,playlists,,Ain't it Funny,Danny Brown,2016,https://open.spotify.com/track/7ItFoQDmQIh3MAPsxiP6Vt,,,
1771,playlists,,Best Life,Danny Brown,2019,https://open.spotify.com/track/7Eh6MPpRNIFzaFZywrHDMD,,,
1772,playlists,,Dance In The Water,Danny Brown,2016,https://open.spotify.com/track/2kmpyKQjVw5UOcVlmkxnYY,,,
1773,playlists,,Downward Spiral,Danny Brown,2016,https://open.spotify.com/track/6iWbJdNf6Fl9y298RDZfrc,,,
1774,playlists,,Golddust,Danny Brown,2016,https://open.spotify.com/track/6iMo7yzmXqMC57FOHOSotz,,,
1775,playlists,,Grown Up,Danny Brown,2012,https://open.spotify.com/track/1uDrIgjVtFsrrWWctCxoBL,,,
1776,playlists,,Hell For It,Danny Brown,2016,https://open.spotify.com/track/0Sxs6lEQ9FuE9i02bfh2z3,,,
1777,playlists,,Lost,Danny Brown,2016,https://open.spotify.com/track/1IIWODSnr5MIIwpdHyX10P,,,
1778,playlists,,Pneumonia,Danny Brown,2016,https://open.spotify.com/track/6l2Q1Jb5c2VycqDEzp5ZlJ,,,
1779,playlists,,Tantor,Danny Brown,2023,https://open.spotify.com/track/6MmnCLbZ5sEshGK7bJDQB6,,,
1780,playlists,,Tell Me What I Don't Know,Danny Brown,2016,https://open.spotify.com/track/3yM8iyra4fkuyf0H5RFHuE,,,
1781,playlists,,Today,Danny Brown,2016,https://open.spotify.com/track/7kTxncRUYhC8PC1v70moeN,,,
1782,playlists,,When It Rain,Danny Brown,2016,https://open.spotify.com/track/2DGbSEkVncvcUJzFYN0V9y,,,
1783,playlists,,White Lines,Danny Brown,2016,https://open.spotify.com/track/3fqfuK6PQITWU0fCKfo31d,,,
1784,playlists,,Get Hi,"Danny Brown, B-Real",2016,https://open.spotify.com/track/7kKEXvq4NQ9OatQs906MGV,,,
1785,playlists,,From The Ground,"Danny Brown, Kelela",2016,https://open.spotify.com/track/4Hg2p5WhkmqAPASAGaZ7YA,,,
1786,playlists,,Really Doe,"Danny Brown, Kendrick Lamar, Ab-Soul, Earl Sweatshirt",2016,https://open.spotify.com/track/6dHatCnuOb1TdBIeJTK3Y0,,,
1787,playlists,,Rolling Stone,"Danny Brown, Petite Noir",2016,https://open.spotify.com/track/1LUyHPbfI0EXbMkvHR0PNX,,,
1788,playlists,,Copycats,"Danny Brown, underscores",2025,https://open.spotify.com/track/0N8aH4DmGUEZWJMo6WVPbY,,,
1789,playlists,,MC (feat. Vic Mensa & Joey Fernandez),"Danny Diezel, Cadillac Cass, VIC MENSA, Joey Fernandez",2017,https://open.spotify.com/track/3QOOedb4xq11EXEHpVEFV3,,,
1790,playlists,,Turn Up The Radio,Danny Ray,2026,https://open.spotify.com/track/0mxL8LdO634SxsTJ034Vwo,,,
1791,playlists,,Persian Rugs /BossplayaMix (feat. PARTYNEXTDOOR),"Daraja Hakizimana, PARTYNEXTDOOR",2016,https://open.spotify.com/track/1g3FZ42fuvATPIzFOXh2HW,,,
1792,playlists,,Espoir,Darius,2014,https://open.spotify.com/track/3hGc6zv9LgSxGrIlhFdfT6,,,
1793,playlists,,Sandstorm - Radio Edit,Darude,2007,https://open.spotify.com/track/3XWZ7PNB3ei50bTPzHhqA6,,,
1794,playlists,,Private Eyes,Daryl Hall & John Oates,1981,https://open.spotify.com/track/5HQ639Z3ms3hnZx0KfWnkp,,,
1795,playlists,,Rich Girl,Daryl Hall & John Oates,1976,https://open.spotify.com/track/0qRR9d89hIS0MHRkQ0ejxX,,,
1796,playlists,,Sara Smile,Daryl Hall & John Oates,1975,https://open.spotify.com/track/1qjrYozGqc7upUgfN776lZ,,,
1797,playlists,,When the Morning Comes,Daryl Hall & John Oates,1973,https://open.spotify.com/track/75XQk1ewCddGnDuFMYg2iL,,,
1798,playlists,,You Make My Dreams (Come True),Daryl Hall & John Oates,1980,https://open.spotify.com/track/4o6BgsqLIBViaGVbx5rbRk,Comé,city,medium
1799,playlists,,Rainbow in the Dark,Das Racist,2011,https://open.spotify.com/track/27o0wIG4FmpoeeWWlP5m6D,,,
1800,playlists,,SOBER,daste.,2019,https://open.spotify.com/track/15gUsLGaGz43tr2A4ILXFU,,,
1801,playlists,,100M's,Dave,2017,https://open.spotify.com/track/5Z1EX2sRJk1e8tQofsFnVW,,,
1802,playlists,,Black,Dave,2019,https://open.spotify.com/track/0J43IKwcofdlTQPjcbHxCM,,,
1803,playlists,,Drama,Dave,2019,https://open.spotify.com/track/3xyOv3WrB1l7qh7ZsmFPCU,Dráma,city,medium
1804,playlists,,Environment,Dave,2019,https://open.spotify.com/track/7l1P6WtVtq1zQMq6qazNA4,,,
1805,playlists,,Psycho,Dave,2019,https://open.spotify.com/track/0FWAIRd9Uz5uNek7cALYNC,,,
1806,playlists,,Purple Heart,Dave,2019,https://open.spotify.com/track/2HUW8dnie8O8JkDzbo7Ivs,,,
1807,playlists,,Screwface Capital,Dave,2019,https://open.spotify.com/track/65TggCitjPK0sUXtwgOkN9,,,
1808,playlists,,Streatham,Dave,2019,https://open.spotify.com/track/59PUOc7B0WCNNx8Nr4qaA4,Streatham,city,medium
1809,playlists,,Voices,Dave,2019,https://open.spotify.com/track/3un8AsY9s9YyEv2tqTrxVv,,,
1810,playlists,,I Rhymed King with King,"Dave B., Sango",2018,https://open.spotify.com/track/7tdpsoVqGUfQGGBnOkr0bL,,,
1811,playlists,,Welcome Home DMX,"Dave East, Jonezy",2021,https://open.spotify.com/track/2DJi8JG4ydSvZwzeQaft0n,,,
1812,playlists,,NYCHA,"Dave East, Nas",2018,https://open.spotify.com/track/5bZpg1d7joX8Yh6IVK4LTV,,,
1813,playlists,,Phone Jumpin,"Dave East, Wiz Khalifa",2017,https://open.spotify.com/track/6HicBL9RxtWwNK7sS2AHHU,,,
1814,playlists,,Location (feat. Burna Boy),"Dave, Burna Boy",2019,https://open.spotify.com/track/3z4CGd63tpUn9a6oQSG0CI,,,
1815,playlists,,Sprinter,"Dave, Central Cee",2023,https://open.spotify.com/track/2FDTHlrBguDzQkp7PVj16Q,,,
1816,playlists,,Disaster (feat. J Hus),"Dave, J Hus",2019,https://open.spotify.com/track/3rqmxZNh2BRgJ3BiCPFTSG,,,
1817,playlists,,Lesley (feat. Ruelle),"Dave, Ruelle",2019,https://open.spotify.com/track/5F0Bf5M5lTO8SwfRQai4or,,,
1818,playlists,,Babylon,David Gray,1998,https://open.spotify.com/track/1sEDn0QkcjWGVoti0Da4kA,Babylon,landmark,medium
1819,playlists,,Sexy Chick (feat. Akon),"David Guetta, Akon",2010,https://open.spotify.com/track/4MKzCHlZvkwJOQRNkdw4zq,,,
1820,playlists,,Where Them Girls At (feat. Nicki Minaj & Flo Rida),"David Guetta, Flo Rida, Nicki Minaj",2011,https://open.spotify.com/track/63rbP24OzfaQCJjsHWZXnY,,,
1821,playlists,,Memories (feat. Kid Cudi),"David Guetta, Kid Cudi",2009,https://open.spotify.com/track/4dTaAiV9xFFCxnPur9c9yL,,,
1822,playlists,,Bailar,"Day Sulan, YG",2021,https://open.spotify.com/track/3twTx8aoeaKCoQ4dUHsLWl,,,
1823,playlists,,Hip Hop,Dead Prez,2000,https://open.spotify.com/track/3iajlDW8TWwAE3gWvPRTnI,,,
1824,playlists,,How TF,"Deante' Hitchcock, 6LACK",2019,https://open.spotify.com/track/3OKjt7tEwniRCq984dsx7f,,,
1825,playlists,,Déjà Vu (feat. Guapdad 4000),"Deante' Hitchcock, Guapdad 4000",2020,https://open.spotify.com/track/0vBPRzU1L76Pc0CJE7nVY6,,,
1826,playlists,,Flashbacks (feat. Miguel & St. Beauty),"Deante' Hitchcock, Miguel, St. Beauty",2020,https://open.spotify.com/track/2IQjNT6EXEEJhR3x5KnlOU,,,
1827,playlists,,Brazil,Declan McKenna,2017,https://open.spotify.com/track/4sNG6zQBmtq7M8aeeKJRMQ,Brazil,country,high
1828,playlists,,Mulholland's Dinner and Wine,Declan McKenna,2024,https://open.spotify.com/track/2RjD1CgW7MWRWSNkimCPNy,,,
1829,playlists,,The Stutter,Deeper Purpose,2023,https://open.spotify.com/track/6TIZPCn9PQ9kmfK4SbhIKS,,,
1830,playlists,,Up N' Down,"Deeper Purpose, BRN, JmNPR",2023,https://open.spotify.com/track/2JGVEYGtla0PJeHF15Esdo,,,
1831,playlists,,BLACK METAL TERRORIST | 13 M T,Denzel Curry,2018,https://open.spotify.com/track/5vm7y9SmcH0S1NOQanb8rQ,,,
1832,playlists,,BLACKLAND 66.6,Denzel Curry,2019,https://open.spotify.com/track/0L1RASB4kWt9VDqJxX4yBF,,,
1833,playlists,,BUSHY B INTERLUDE,Denzel Curry,2019,https://open.spotify.com/track/2wFwbyCz96QFLm2L6esbgf,,,
1834,playlists,,CLOUT COBAIN | CLOUT CO13A1N,Denzel Curry,2018,https://open.spotify.com/track/2LNMhZ3YijTO7USmqjgJfG,,,
1835,playlists,,MAD I GOT IT | MAD 1 GOT 1T,Denzel Curry,2018,https://open.spotify.com/track/6xXYFVsFDGSLNzeE9zGCiL,,,
1836,playlists,,PERCS | PERCZ,Denzel Curry,2018,https://open.spotify.com/track/2NjeQLvFsfeKdZoA7dbfL1,,,
1837,playlists,,RICKY,Denzel Curry,2019,https://open.spotify.com/track/2QbGvQssb0VLLS4x5NOmyJ,,,
1838,playlists,,SPEEDBOAT,Denzel Curry,2019,https://open.spotify.com/track/2FTOLKjQUswhpdMFq15Raf,,,
1839,playlists,,SUMO | ZUMO,Denzel Curry,2018,https://open.spotify.com/track/7EHAXZenBzmGCpccWCyg8z,,,
1840,playlists,,SUPER SAIYAN SUPERMAN | ZUPER ZA1YAN ZUPERMAN,Denzel Curry,2018,https://open.spotify.com/track/3HXSQWIyz7CUEI96kUurwn,,,
1841,playlists,,SWITCH IT UP | ZWITCH 1T UP,Denzel Curry,2018,https://open.spotify.com/track/7oopoWQa0jicMSf9SFtxMK,,,
1842,playlists,,TABOO | TA13OO,Denzel Curry,2018,https://open.spotify.com/track/4VYmdTVFXDq0LtYMoVswTv,,,
1843,playlists,,THE BLACKEST BALLOON | THE 13LACKEZT 13ALLOON,Denzel Curry,2018,https://open.spotify.com/track/6FhEDaaRFyPRMYqhhXivO9,,,
1844,playlists,,Walkin,Denzel Curry,2022,https://open.spotify.com/track/646sbFnyVg1trhqqxqFUJg,,,
1845,playlists,,YOO,Denzel Curry,2019,https://open.spotify.com/track/3kUV3AVKhoWTNFxdFkCViB,,,
1846,playlists,,ZUU,Denzel Curry,2019,https://open.spotify.com/track/5sG65w8uKtjsJw7nc845Nc,,,
1847,playlists,,CAROLMART FEAT. ICE BILLION BERG,"Denzel Curry, Ice Billion Berg",2019,https://open.spotify.com/track/5OO7ybh0GQlXslHX4U4Vgr,,,
1848,playlists,,SIRENS | Z1RENZ [FEAT. J.I.D | J.1.D],"Denzel Curry, JID",2018,https://open.spotify.com/track/6b4A1mLzePAHGn3XCicLAe,,,
1849,playlists,,VENGEANCE | VENGEANCE [FEAT. JPEGMAFIA & ZILLAKAMI | JPEGMAF1A + Z1LLAKAM1],"Denzel Curry, JPEGMAFIA, ZillaKami",2018,https://open.spotify.com/track/4d8BSdhx6WT5GtTOWpv4rh,,,
1850,playlists,,WISH FEAT. KIDDO MARV,"Denzel Curry, Kiddo Marv",2019,https://open.spotify.com/track/0shSP8DgseLewHgAiMC4UL,,,
1851,playlists,,CASH MANIAC | CAZH MAN1AC [FEAT. NYYJERYA],"Denzel Curry, Nyyjerya",2018,https://open.spotify.com/track/5ZJABzmKr9flocrtQqbINO,,,
1852,playlists,,P.A.T. FEAT. PLAYTHATBOIZAY,"Denzel Curry, PlayThatBoiZay",2019,https://open.spotify.com/track/5WtMpQgVIeZq06bXbYJO01,,,
1853,playlists,,BIRDZ FEAT. RICK ROSS,"Denzel Curry, Rick Ross",2019,https://open.spotify.com/track/0pA0rcw7ci5X5XHrnBpkdn,,,
1854,playlists,,SHAKE 88 FEAT. SAM SNEAK,"Denzel Curry, Sam Sneak",2019,https://open.spotify.com/track/27F7BWz4WuC8GuSIcFbx1a,,,
1855,playlists,,Troubles [Feat. T-Pain],"Denzel Curry, T-Pain",2022,https://open.spotify.com/track/5gAYHuWkL18ccsxM6akJXP,,,
1856,playlists,,AUTOMATIC,"Denzel Curry, Tay Keith",2019,https://open.spotify.com/track/2TqfASuL5JRds7bJX01PdZ,,,
1857,playlists,,BLACK FLAG FREESTYLE (with That Mexican OT),"Denzel Curry, That Mexican OT",2024,https://open.spotify.com/track/5HwYQgUgUsHC3RqfSFMPxq,,,
1858,playlists,,HOT ONE (with TiaCorine & A$AP Ferg),"Denzel Curry, TiaCorine, A$AP Ferg",2024,https://open.spotify.com/track/083HuPvgqYBLUiv82bVxwE,,,
1859,playlists,,BLACK BALLOONS | 13LACK 13ALLOONZ [FEAT. TWELVE'LEN & GOLDLINK | TWELVE'LEN + GOLDL1NK],"Denzel Curry, Twelve'len, GoldLink",2018,https://open.spotify.com/track/5mexbTuWx9d8DPZk4sDGF4,,,
1860,playlists,,Tetris,Derek King,2018,https://open.spotify.com/track/566MMmfMJwlR7oQgRyW2w8,,,
1861,playlists,,Us and Them,Derek Pope,2019,https://open.spotify.com/track/1Ounm82xbJhPkaHzk4owtl,,,
1862,playlists,,After Party,Desiigner,2018,https://open.spotify.com/track/1LVeIxQJhyLiC4uViVqU6W,,,
1863,playlists,,America's Baby,Desiigner,2025,https://open.spotify.com/track/7ITaoibgb4OZpTWjou6Mtq,,,
1864,playlists,,Destiination,Desiigner,2018,https://open.spotify.com/track/52ZD2ftmUNeTUichKoqmZP,,,
1865,playlists,,Diva,Desiigner,2020,https://open.spotify.com/track/1bo1Gh1wElmL8g8cmSkV51,,,
1866,playlists,,Hate Me Now (FREESTYLE),Desiigner,2020,https://open.spotify.com/track/4MZSNH42bE2dkj4a23jYw0,,,
1867,playlists,,HOOD,Desiigner,2018,https://open.spotify.com/track/3x5F5wMcutQ4Fluez44tZm,,,
1868,playlists,,I Get That,Desiigner,2021,https://open.spotify.com/track/5b9qArPaYpmfQiDy1NyOnk,,,
1869,playlists,,Jaguar,Desiigner,2022,https://open.spotify.com/track/0nHKapDyGEnX6uLz6VZZXz,,,
1870,playlists,,LA to NY,Desiigner,2018,https://open.spotify.com/track/5nqJBdFGKzBR6vl6YYlDJU,,,
1871,playlists,,Molly,Desiigner,2020,https://open.spotify.com/track/6bVaBrtu7A4LkCw5achPpU,,,
1872,playlists,,Panda,Desiigner,2016,https://open.spotify.com/track/275a9yzwGB6ncAW4SxY7q3,,,
1873,playlists,,Pop iiT,Desiigner,2018,https://open.spotify.com/track/5rHfU6rMbTlSjR15UCrriR,,,
1874,playlists,,Priice Tag,Desiigner,2018,https://open.spotify.com/track/0w7IgpqkxKyRBTqGuQbZNp,,,
1875,playlists,,Slutty,Desiigner,2021,https://open.spotify.com/track/6FId8BFzzM438igKji9rsO,,,
1876,playlists,,Survivor,Desiigner,2020,https://open.spotify.com/track/23d6F7ZKLNM6t0mAhSA3jp,,,
1877,playlists,,Tiimmy Turner 2,Desiigner,2023,https://open.spotify.com/track/0eoVAYAp4mq7UjT3WW8QMP,,,
1878,playlists,,Tonka,Desiigner,2018,https://open.spotify.com/track/544FLIfmISCEEvPaU0Jn8w,,,
1879,playlists,,Up,Desiigner,2017,https://open.spotify.com/track/5YYjsDIxJKpVgNLkPpBmRA,,,
1880,playlists,,PMR (feat. A Boogie wit da Hoodie),"Desiigner, A Boogie Wit da Hoodie",2023,https://open.spotify.com/track/72etwrPRuhvISzuCc9w81f,,,
1881,playlists,,Tiimmy Turner - Remix,"Desiigner, Kanye West",2016,https://open.spotify.com/track/2vwvGMStv1nEuoOTd4xgMu,,,
1882,playlists,,Overseas (feat. Lil Pump),"Desiigner, Lil Pump",2018,https://open.spotify.com/track/2Q13JqwPOhGIgvuHgdk6eZ,,,
1883,playlists,,Under Your Spell,Desire,2009,https://open.spotify.com/track/2cSRuejq6DU9U6OkSmUw17,,,
1884,playlists,,This Could Be Us but You Playing (feat. Elijah Blake),"DeStorm Power, Elijah Blake",2014,https://open.spotify.com/track/3DrUHTCZbGPuDedIbqsz2G,,,
1885,playlists,,Vowlume,Detlef,2022,https://open.spotify.com/track/6wMVISAUvgKhGLDKn93S5m,,,
1886,playlists,,Bass Down Low,"DEV, Tinie Tempah, The Cataracs",2011,https://open.spotify.com/track/78PIHCvtz26zENEY4XsamK,,,
1887,playlists,,HEAVEN'S GATES (feat. Izzy Camina) - Manila Killa Remix,"Devault, Manila Killa, Izzy Camina",2022,https://open.spotify.com/track/0jT25u5GLiQtqX8k25Rjup,,,
1888,playlists,,Never Like Me,"Devault, Tommy Genesis, Slayyyter",2024,https://open.spotify.com/track/7gJ4fxyVlsTvk9deROJc0F,,,
1889,playlists,,Come On Eileen,Dexys Midnight Runners,1982,https://open.spotify.com/track/3MrWxJaD2AT0W9DjWF64Vm,Comé,city,medium
1890,playlists,,FMF (feat. GoldLink & Audrey Mika),"Diamond Pistols, GoldLink, Audrey Mika",2023,https://open.spotify.com/track/5W7F1XmizXlIo4nambCREY,,,
1891,playlists,,Giraffe,Dice Soho,2018,https://open.spotify.com/track/47bq1BrqXr5nyxTbVSfqaJ,,,
1892,playlists,,Ripped Jeans,Dice Soho,2018,https://open.spotify.com/track/1srNX7do1j0dr4WHnWCGDj,,,
1893,playlists,,Snowflake Emoji,Dice Soho,2018,https://open.spotify.com/track/0pbH7Sv2Wo0TCkJIuBv6vP,,,
1894,playlists,,Time It Is,Dice Soho,2018,https://open.spotify.com/track/12DtbCVyJeQOseEoR4AQxm,,,
1895,playlists,,Watered Down,Dice Soho,2018,https://open.spotify.com/track/1AdXEk4aLiW1rou79NfoG5,,,
1896,playlists,,Y.I.N (feat. Blac Youngsta),"Dice Soho, Blac Youngsta",2018,https://open.spotify.com/track/4ItRqmtJ84wSwhmB2IZcm0,,,
1897,playlists,,Switch (feat. Dougie F) - Mixtape Version,"Dice Soho, Dougie F",2018,https://open.spotify.com/track/7MtvjYtVxz65ZRsNONob8s,,,
1898,playlists,,Came a Long Way (feat. Kap G),"Dice Soho, Kap G",2018,https://open.spotify.com/track/3RomEPxSkiCJLyvWP2SaJy,,,
1899,playlists,,Need More (feat. PNB Rock),"Dice Soho, PnB Rock",2018,https://open.spotify.com/track/2WzSOnfPCNcn7egTyW4P29,,,
1900,playlists,,Orders (feat. Sonny Digital),"Dice Soho, Sonny Digital",2018,https://open.spotify.com/track/3wHvEiLNvvxLHwJYsz8tVQ,,,
1901,playlists,,SSP (feat. Ty Dolla $ign & Desiigner),"Dice Soho, Ty Dolla $ign, Desiigner",2018,https://open.spotify.com/track/0mlf2pozBwftpCsshquLsd,,,
1902,playlists,,She Will (feat. Vory),"Dice Soho, Vory",2018,https://open.spotify.com/track/3poWoT9pUoSkpxMhZijZcM,,,
1903,playlists,,Either Way (feat. Wiz Khalifa),"Dice Soho, Wiz Khalifa",2018,https://open.spotify.com/track/161HXAh6zEPsCTLwXyyOzZ,,,
1904,playlists,,Bad Boy for Life,"Diddy, Black Rob, Mark Curry",2001,https://open.spotify.com/track/2eOuL8KesslTLQERQPu11D,,,
1905,playlists,,Gotta Move On (feat. Bryson Tiller),"Diddy, Bryson Tiller",2022,https://open.spotify.com/track/3K9IrLs25jHtvWjAAFAfav,,,
1906,playlists,,"I Need a Girl (Pt. 2) [feat. Loon, Ginuwine, Mario Winans]","Diddy, Ginuwine, Loon, Mario Winans",2004,https://open.spotify.com/track/6Wt5QBzHp9vdSLAFlvdnDQ,,,
1907,playlists,,Banana Brain,Die Antwoord,2016,https://open.spotify.com/track/6XSEz4r6cUwOZgWvE51zDT,,,
1908,playlists,,Das geht ab - Wir feiern die ganze Nacht,Die Atzen,2019,https://open.spotify.com/track/0TvcLuXOCVXQZwspgXPOZb,,,
1909,playlists,,Das geht ab [wir feiern die ganze Nacht],Die Atzen,2009,https://open.spotify.com/track/1BYS9ZbaVlqBDoQb7FemLL,,,
1910,playlists,,A Little Closer - Oppidan Remix,"Diffrent, Oppidan",2024,https://open.spotify.com/track/2B700PMxvSrrzlSTURPzag,,,
1911,playlists,,Pump 101,"Digga, Still Brickin'",2022,https://open.spotify.com/track/4MKOj49FQ3dlI9gqCOIjIn,,,
1912,playlists,,Do It Like You (feat. Jeremih),"Diggy, Jeremih",2012,https://open.spotify.com/track/3hTfNt05rYtyMamwkxyHaZ,,,
1913,playlists,,rock n roll,Dijon,2020,https://open.spotify.com/track/2mqSzhWWZePP0un56ikszA,,,
1914,playlists,,Whole Lotta Drugs,"Dillon Francis, Ship Wrek",2024,https://open.spotify.com/track/5WYRO89wwasU6XwYVX2uGQ,,,
1915,playlists,,Don't Waste My Time (feat. Sophie Powers),"Dillon Francis, Space Rangers, Sophie Powers",2024,https://open.spotify.com/track/0a8zTjSM9Fqam9aGQIpTil,,,
1916,playlists,,DJ Turn It Up,Dimension,2023,https://open.spotify.com/track/28r1xYNakXXwcQKIXu9Wjw,,,
1917,playlists,,Too Much,"Dimitri Vegas & Like Mike, DVBBS, Roy Woods",2021,https://open.spotify.com/track/3VkoSghZ6EeLizE8meDCX8,,,
1918,playlists,,"Welcome to the Party (with French Montana & Lil Pump, feat. Zhavia Ward) - from Deadpool 2","Diplo, French Montana, Lil Pump, Zhavia",2018,https://open.spotify.com/track/5mqzhMuUpvnMfwNz6iepmO,,,
1919,playlists,,Express Yourself - Mochakk Remix,"Diplo, Mochakk, Nicky Da B",2023,https://open.spotify.com/track/2WNj9pcYFpYuG4jxQ5vrwT,,,
1920,playlists,,Flashlight (ft. Project Pat & Juicy J),"Diplo, Project Pat, Juicy J, d00mscrvll",2025,https://open.spotify.com/track/5IWCKdRNRwKhypkbeSWbvb,,,
1921,playlists,,On My Mind - Purple Disco Machine Remix,"Diplo, SIDEPIECE, Purple Disco Machine",2022,https://open.spotify.com/track/3nl8PyFVqyi1t0qgvaLKvl,,,
1922,playlists,,Dance with Me (feat. Thomas Rhett & Young Thug),"Diplo, Thomas Rhett, Young Thug",2020,https://open.spotify.com/track/6wXgnhpmOPEJ7cUweSyy2B,,,
1923,playlists,,Wish - Trippie Mix,"Diplo, Trippie Redd",2018,https://open.spotify.com/track/6IpvkngH89cA3hhPC84Leg,,,
1924,playlists,,Walk Of Life,Dire Straits,2005,https://open.spotify.com/track/2DmZ7aPhT5jkqLIYxTpQlJ,,,
1925,playlists,,Mind Games,Discip,2025,https://open.spotify.com/track/0eKOn3pMNfyrG2FvJNkbcc,,,
1926,playlists,,Serotonine,Discip,2024,https://open.spotify.com/track/7brE4PDHUmdJMFle4OTTAA,,,
1927,playlists,,"She’s Gone, Dance On",Disclosure,2024,https://open.spotify.com/track/29I9dv9Nq704w0Oc5yFGsR,,,
1928,playlists,,NO CAP,"Disclosure, Anderson .Paak",2025,https://open.spotify.com/track/6zaeVCwnf3A9S8R7QfDHQW,,,
1929,playlists,,You & Me - Flume Remix,"Disclosure, Eliza Doolittle, Flume",2013,https://open.spotify.com/track/1snNAXmmPXCn0dkF9DaPWw,,,
1930,playlists,,Magnets - A-Trak Remix,"Disclosure, Lorde, A-Trak",2015,https://open.spotify.com/track/2M0wZ9iOCsul9PgKCHnIWT,,,
1931,playlists,,Waterfall,"Disclosure, RAYE",2022,https://open.spotify.com/track/3X2Aw6bQ7TfMMKsTzjTlDg,,,
1932,playlists,,Baby Girl,Disco Lines,2022,https://open.spotify.com/track/2cSdAkzAf2T4j4aLvx4LLz,,,
1933,playlists,,Restless Bones,Disco Lines,2022,https://open.spotify.com/track/0ymhaRjiCwNQzeQEjewE7F,,,
1934,playlists,,TECHNO + TEQUILA (feat. Morgan Harvill),"Disco Lines, Morgan Harvill",2022,https://open.spotify.com/track/1Tk7GuYDspyvq16jy2Tpwl,Tequila,city,medium
1935,playlists,,Fuck It Up,"Disco Lines, SIDEPIECE, Mike Sherm",2024,https://open.spotify.com/track/0PBQS0GycsYJ4yJJRjAIXU,,,
1936,playlists,,No Broke Boys,"Disco Lines, Tinashe",2025,https://open.spotify.com/track/3cZajhyr8LmtPfHZ9296tj,,,
1937,playlists,,shine,"Disco Lines, wes mills",2024,https://open.spotify.com/track/002mQ6kXOWDP2i5IZcwDVc,,,
1938,playlists,,Killem With Kindness,Dizzy Wright,2013,https://open.spotify.com/track/3LDvLibID9j32PoWnT6v80,,,
1939,playlists,,Speeding,"Dj Charlie B, Roy Woods",2022,https://open.spotify.com/track/4v0UUSV45rtjYBu3nEZ6Dh,,,
1940,playlists,,"Camera (feat. 1st FKI, Lil Uzi Vert, Mac Miller, and Post Malone)","DJ Drama, FKi 1st, Lil Uzi Vert, Mac Miller, Post Malone",2016,https://open.spotify.com/track/3XQbLWXdJOMzTJ3gFbL76y,,,
1941,playlists,,Hot Summer,"DJ Durel, Migos",2018,https://open.spotify.com/track/3fEpuoSr8ufvyRR7s2jB3U,,,
1942,playlists,,Chek (feat. Future),"DJ ESCO, Future",2018,https://open.spotify.com/track/5SGYanjZguKYg5PgVzFsvR,,,
1943,playlists,,Fuk Faces (feat. Future),"DJ ESCO, Future",2018,https://open.spotify.com/track/5O8T8fzOzHp2wgeNu4Fn5p,,,
1944,playlists,,Warzone (feat. Future),"DJ ESCO, Future",2018,https://open.spotify.com/track/6ivIvKF3Sl5WmqO8o2Fr5x,,,
1945,playlists,,Light Show (feat. Future & Guap Tarantino),"DJ ESCO, Future, Guap Tarantino",2018,https://open.spotify.com/track/3UKEbmVZ1K1jwo1DoXmANL,,,
1946,playlists,,"Xotic (feat. Future, Rich The Kid & Young Thug)","DJ ESCO, Future, Rich The Kid, Young Thug",2018,https://open.spotify.com/track/4VmcVEuTlYnWcc6QksaLyw,,,
1947,playlists,,Code of Honor,"DJ ESCO, Future, ScHoolboy Q",2018,https://open.spotify.com/track/7mNjw4X5I6ZdUorNVyGfqY,,,
1948,playlists,,Psychedelik Smoke (feat. Future & Ty Dolla $ign),"DJ ESCO, Future, Ty Dolla $ign",2018,https://open.spotify.com/track/5lM9sz1JdxvppDlbwgGkg3,,,
1949,playlists,,No Slow Money (feat. Future & Young Thug),"DJ ESCO, Future, Young Thug",2018,https://open.spotify.com/track/1M732H32aWAHYGDBOFU2br,,,
1950,playlists,,Walk Thru (feat. Nas & Future),"DJ ESCO, Nas, Future",2018,https://open.spotify.com/track/6bkSgfytOXAt8KvtAxLfe1,,,
1951,playlists,,Bring it Out (feat. O.T. Genasis & Future),"DJ ESCO, O.T. Genasis, Future",2018,https://open.spotify.com/track/3QshO2od2T7hzANKWPTllf,,,
1952,playlists,,"Showed You (feat. Young Thug, Future, A Boogie Wit Da Hoodie & DeJ Loaf)","DJ ESCO, Young Thug, Future, A Boogie Wit da Hoodie, DeJ Loaf",2018,https://open.spotify.com/track/4pY526gSQi6JshGXBZRUY0,,,
1953,playlists,,Pull Up,"DJ Hanzel, Dillon Francis",2023,https://open.spotify.com/track/14ypcMSqXvuiGFcaMrGreK,,,
1954,playlists,,"Face Down, Ass Up",DJ Isaac,2010,https://open.spotify.com/track/07GTOfIoy65hfmpnw6YtNb,,,
1955,playlists,,Summertime - Single Edit,DJ Jazzy Jeff & The Fresh Prince,2006,https://open.spotify.com/track/1Ckd4d6vkhvOp5HlAc5Ie2,,,
1956,playlists,,"All I Do Is Win - Feat. T-Pain, Ludacris, Snoop Dogg & Rick Ross",DJ Khaled,2010,https://open.spotify.com/track/0RIHDrcRAXtUlnkvTYPW1a,,,
1957,playlists,,Thank You (feat. Big Sean),"DJ Khaled, Big Sean",2019,https://open.spotify.com/track/6H4vsxNsm2NsV8pBAb5WnU,,,
1958,playlists,,"Work for It (feat. Big Sean, Gucci Mane & 2 Chainz)","DJ Khaled, Big Sean, Gucci Mane, 2 Chainz",2016,https://open.spotify.com/track/1O9VGGk8KmFJsEqVNSzzAt,,,
1959,playlists,,"Holy Key (feat. Big Sean, Kendrick Lamar & Betty Wright)","DJ Khaled, Big Sean, Kendrick Lamar, Betty Wright",2016,https://open.spotify.com/track/1fG3GhVjjllIurQSNKiQgx,,,
1960,playlists,,"THIS IS MY YEAR (feat. A Boogie Wit Da Hoodie, Big Sean, Rick Ross & Puff Daddy)","DJ Khaled, Big Sean, Rick Ross, A Boogie Wit da Hoodie, Diddy",2021,https://open.spotify.com/track/3pBt8B92anUJVIllwPrIuR,,,
1961,playlists,,Ima Be Alright (feat. Bryson Tiller & Future),"DJ Khaled, Bryson Tiller, Future",2016,https://open.spotify.com/track/6mz5iJCWkePS2BHbOthZwv,,,
1962,playlists,,Holy Ground (feat. Buju Banton),"DJ Khaled, Buju Banton",2019,https://open.spotify.com/track/1LZPELQqai6rO6JgvZtElr,,,
1963,playlists,,"Holy Mountain (feat. Buju Banton, Sizzla, Mavado & 070 Shake)","DJ Khaled, Buju Banton, Sizzla, Mavado, 070 Shake",2019,https://open.spotify.com/track/74LujaXmzGQi5wRZ2HFh0G,Holy Mountain,pattern,low
1964,playlists,,Wish Wish (feat. Cardi B & 21 Savage),"DJ Khaled, Cardi B, 21 Savage",2019,https://open.spotify.com/track/1Hd2XLitkt1PYCWSbfF5qV,,,
1965,playlists,,"Jealous (feat. Chris Brown, Lil Wayne & Big Sean)","DJ Khaled, Chris Brown, Lil Wayne, Big Sean",2019,https://open.spotify.com/track/6Dq8FZrvx9S28iyaKSwn9x,,,
1966,playlists,,For Free,"DJ Khaled, Drake",2016,https://open.spotify.com/track/20bLudc6r1NChyZcrjRd7T,,,
1967,playlists,,GREECE (feat. Drake),"DJ Khaled, Drake",2020,https://open.spotify.com/track/35RJhm1pEovTBwnNR0zWad,Greece,country,high
1968,playlists,,POPSTAR (feat. Drake),"DJ Khaled, Drake",2020,https://open.spotify.com/track/6EDO9iiTtwNv6waLwa1UUq,,,
1969,playlists,,STAYING ALIVE (feat. Drake & Lil Baby),"DJ Khaled, Drake, Lil Baby",2022,https://open.spotify.com/track/0g2Bbgy7P41pFjMWJuzsf4,,,
1970,playlists,,"Fuck Up the Club (feat. Future, Rick Ross, YG & Yo Gotti)","DJ Khaled, Future, Rick Ross, YG, Yo Gotti",2016,https://open.spotify.com/track/16wJVZU9jUarC4bQrCyjFg,,,
1971,playlists,,Jermaine's Interlude (feat. J. Cole),"DJ Khaled, J. Cole",2016,https://open.spotify.com/track/4yt9jtXkl9ZasDAzkySswh,,,
1972,playlists,,"Don't Ever Play Yourself (feat. Jadakiss, Fabolous, Fat Joe, Busta Rhymes & Kent Jones)","DJ Khaled, Jadakiss, Fabolous, Fat Joe, Busta Rhymes, Kent Jones",2016,https://open.spotify.com/track/6UecBZfT3i9hu6KnjPRnkO,,,
1973,playlists,,I Got the Keys (feat. JAŸ-Z & Future),"DJ Khaled, JAŸ-Z, Future",2016,https://open.spotify.com/track/6X92l986jasw5nvGsblwk0,,,
1974,playlists,,"Top Off (feat. JAY Z, Future & Beyoncé)","DJ Khaled, JAŸ-Z, Future, Beyoncé",2018,https://open.spotify.com/track/1W6wxOOYyJyyok8fqYSZ3m,,,
1975,playlists,,Big Boy Talk (feat. Jeezy & Rick Ross),"DJ Khaled, Jeezy, Rick Ross",2019,https://open.spotify.com/track/6L8MHp94PFckbkfZm2foUJ,,,
1976,playlists,,"No Brainer (feat. Justin Bieber, Chance the Rapper & Quavo)","DJ Khaled, Justin Bieber, Chance the Rapper, Quavo",2019,https://open.spotify.com/track/03nPEoQOYMuDe7KmGljpmd,,,
1977,playlists,,I'm the One,"DJ Khaled, Justin Bieber, Quavo, Chance the Rapper, Lil Wayne",2017,https://open.spotify.com/track/72Q0FQQo32KJloivv5xge2,,,
1978,playlists,,"Pick These Hoes Apart (feat. Kodak Black, Jeezy & French Montana)","DJ Khaled, Kodak Black, Jeezy, French Montana",2016,https://open.spotify.com/track/0VkBGK9w6reXtF0GhXJZVl,,,
1979,playlists,,Freak N You (feat. Lil Wayne & Gunna),"DJ Khaled, Lil Wayne, Gunna",2019,https://open.spotify.com/track/7C0BHTRLmWUONc8OYjOPdW,,,
1980,playlists,,"You Stay (feat. Meek Mill, J Balvin, Lil Baby & Jeremih)","DJ Khaled, Meek Mill, J Balvin, Lil Baby, Jeremih",2019,https://open.spotify.com/track/4U6ubKsTd8RBDP5tPPhh7I,,,
1981,playlists,,Weather the Storm (feat. Meek Mill & Lil Baby),"DJ Khaled, Meek Mill, Lil Baby",2019,https://open.spotify.com/track/6xVhqLT40s5sVhepe9Mckc,,,
1982,playlists,,"Forgive Me Father (feat. Meghan Trainor, Wiz Khalifa & Wale)","DJ Khaled, Meghan Trainor, Wiz Khalifa, Wale",2016,https://open.spotify.com/track/05Vi6lsGJiiUKTkP3ifsHX,,,
1983,playlists,,Nas Album Done (feat. Nas),"DJ Khaled, Nas",2016,https://open.spotify.com/track/2DxmjucrEJZGF0gy9QoEMV,,,
1984,playlists,,Won't Take My Soul (feat. Nas & CeeLo Green),"DJ Khaled, Nas, CeeLo Green",2019,https://open.spotify.com/track/3ErERvCgbRm3KCEc58w5za,,,
1985,playlists,,"Do You Mind (feat. Nicki Minaj, Chris Brown, August Alsina, Jeremih, Future & Rick Ross)","DJ Khaled, Nicki Minaj, Chris Brown, August Alsina, Jeremih, Future, Rick Ross",2016,https://open.spotify.com/track/6ezg5Mm5UEEi3Oqsbb7Cjn,,,
1986,playlists,,Higher (feat. Nipsey Hussle & John Legend),"DJ Khaled, Nipsey Hussle, John Legend",2019,https://open.spotify.com/track/6O10oTtZIZ4DkkUqyfCbrR,,,
1987,playlists,,Wild Thoughts,"DJ Khaled, Rihanna, Bryson Tiller",2017,https://open.spotify.com/track/4IIUaKqGMElZ3rGtuvYlNc,,,
1988,playlists,,Just Us (feat. SZA),"DJ Khaled, SZA",2019,https://open.spotify.com/track/0BnTBAGmr9FtYwkZrwKhwS,,,
1989,playlists,,Tourist (feat. Travis Scott & Lil Wayne),"DJ Khaled, Travis Scott, Lil Wayne",2016,https://open.spotify.com/track/4CeBNMk8Zo22V9p8LTcD8E,,,
1990,playlists,,Celebrate (feat. Travis Scott & Post Malone),"DJ Khaled, Travis Scott, Post Malone",2019,https://open.spotify.com/track/0b6UoVjUzFyZNpHI0aAhKt,,,
1991,playlists,,"Elevate (feat. Denzel Curry, YBN Cordae, SwaVay, Trevor Rich)","DJ Khalil, Denzel Curry, Cordae, SWAVAY, Trevor Rich",2018,https://open.spotify.com/track/6kiauSlWtddVQx4JwJx51p,,,
1992,playlists,,Might Be,DJ Luke Nasty,2015,https://open.spotify.com/track/7KLB6Jptw9wyQXkSLiO8qh,,,
1993,playlists,,"Hands Up - Feat. Francisco & Gemeni, Main Club Mix","Dj Ogb, Gemeni, Francisco",2010,https://open.spotify.com/track/2GP7camm3KmxJ0qrqIJyUE,,,
1994,playlists,,Ole Ole Ole (The Name of the Game) - Radio Mix,"DJ Ostkurve, Soccer DJ",2006,https://open.spotify.com/track/2m3hE8NsWNcZHrrW6CV2eb,,,
1995,playlists,,I Have A Dream (Gay),dj pressed,2023,https://open.spotify.com/track/271A7nvnRVCGZFyvcOhCUK,,,
1996,playlists,,Montagem Faz Macete 3.0,"DJ Roca, Dj Vitinho Beat, Love Fluxos",2022,https://open.spotify.com/track/0ws9bpZRq4GyBNawfZB32E,,,
1997,playlists,,Soda (feat. Take A Daytrip),"DJ Scheme, Cordae, Ski Mask The Slump God, Take A Daytrip",2020,https://open.spotify.com/track/3C9D1X8NkG2Ak1RaGpRnnQ,,,
1998,playlists,,How You Feel? (Freestyle) (feat. Lil Yachty & Ski Mask The Slump God),"DJ Scheme, Danny Towers, Lil Yachty, Ski Mask The Slump God",2019,https://open.spotify.com/track/67cpn8ZBO7QU67jky8Fh47,,,
1999,playlists,,Hey Mister (feat. Ski Mask The Slump God),"DJ Scheme, Ski Mask The Slump God",2019,https://open.spotify.com/track/7iWrFAkeGeyK66RaYkJoNy,,,
2000,playlists,,Intro (A86),DJ Snake,2016,https://open.spotify.com/track/21yo11TFsfpDtuYyCbqhZS,,,
2001,playlists,,Propaganda,DJ Snake,2016,https://open.spotify.com/track/7sn0OyaKn1XKx18JjUZkSw,,,
2002,playlists,,Future Pt 2,"DJ Snake, Bipolar Sunshine",2016,https://open.spotify.com/track/5PsLICW9HfBbHZ64TT1liT,,,
2003,playlists,,Middle,"DJ Snake, Bipolar Sunshine",2016,https://open.spotify.com/track/0g5EKLgdKvNlln7TNqBByK,,,
2004,playlists,,U Are My High (with Future),"DJ Snake, Future",2021,https://open.spotify.com/track/0ITaSRuI0L1RNL7ZNYTTi7,,,
2005,playlists,,4 Life,"DJ Snake, GASHI",2016,https://open.spotify.com/track/2cs9NbGdcutSqoy0SEmyuY,,,
2006,playlists,,Talk,"DJ Snake, George Maple",2016,https://open.spotify.com/track/5Mf84BbHYdrewDABZOH5H6,,,
2007,playlists,,The Half,"DJ Snake, Jeremih, Young Thug, Swizz Beatz",2016,https://open.spotify.com/track/69bDRy5MeWQl1lNeEJQIBE,,,
2008,playlists,,Sober,"DJ Snake, JRY",2016,https://open.spotify.com/track/6NsxPxFzZ18TKBcTgxX3dh,,,
2009,playlists,,Let Me Love You,"DJ Snake, Justin Bieber",2016,https://open.spotify.com/track/0lYBSQXN6rCTvUZvg9S0lU,,,
2010,playlists,,"Recognize (with Mercer, feat. Majid Jordan) - Mercer Remix","DJ Snake, Majid Jordan, Mercer",2020,https://open.spotify.com/track/2CduHacQCtMuVezgCiMfzz,,,
2011,playlists,,Pigalle,"DJ Snake, Moksi",2016,https://open.spotify.com/track/6GTxdh4FiA8XyCLFK1vvgG,Pigalle,region,high
2012,playlists,,Here Comes The Night,"DJ Snake, Mr Hudson",2016,https://open.spotify.com/track/1CpCIb8zybdjskLQRL6rEC,,,
2013,playlists,,Run It (feat. Rick Ross & Rich Brian),"DJ Snake, Rick Ross, Rich Brian",2021,https://open.spotify.com/track/282R6Lvm9nLtpx8AzUwJe0,,,
2014,playlists,,"Enzo (with Sheck Wes, feat. Offset, 21 Savage & Gucci Mane)","DJ Snake, Sheck Wes, Offset, 21 Savage, Gucci Mane",2019,https://open.spotify.com/track/6mCqxnyOhr4tHMbRbQL4Yn,,,
2015,playlists,,Sahara,"DJ Snake, Skrillex",2016,https://open.spotify.com/track/5GokpIAufFJxKqkJgRtdKD,Sahara,landmark,high
2016,playlists,,Oh Me Oh My,"DJ Snake, Travis Scott, Migos, GASHI",2016,https://open.spotify.com/track/56urRCfhQX5H3tfGt6q3uU,,,
2017,playlists,,Ocho Cinco,"DJ Snake, Yellow Claw",2016,https://open.spotify.com/track/7LWPWw7PtYHrDn194kNCPA,,,
2018,playlists,,"Adult Swim (feat. Tyga, Jeremih, & Velous)","DJ SpinKing, Velous, Jeremih, Tyga",2014,https://open.spotify.com/track/0CioIaUQ2Gi8i0CCViIQ7d,,,
2019,playlists,,Basic Being Basic,Djo,2025,https://open.spotify.com/track/03zWQa4ZQEMofug2Gmh6io,,,
2020,playlists,,Carry The Name,Djo,2025,https://open.spotify.com/track/51KMcWr99QkVAlfEQgIytv,,,
2021,playlists,,End of Beginning,Djo,2022,https://open.spotify.com/track/3qhlB30KknSejmIvZZLjOD,,,
2022,playlists,,Link,Djo,2025,https://open.spotify.com/track/20VA6k70DYLmIaVbZhfRZG,,,
2023,playlists,,Blood Red,DMX,2016,https://open.spotify.com/track/3LDXjmTUDS7fcRkoSP9OHJ,,,
2024,playlists,,X Gon' Give It To Ya,DMX,2010,https://open.spotify.com/track/2NeHnSFnwNp1Z5WYgcjJ8L,,,
2025,playlists,,Kissing Strangers,"DNCE, Nicki Minaj",2017,https://open.spotify.com/track/1NkwZ9TnIs8js6G0M6M7RU,,,
2026,playlists,,Sonic,DNVR,2024,https://open.spotify.com/track/7od6Dag3ZGFBLQJVzsiJJg,,,
2027,playlists,,NISSAN ALTIMA,Doechii,2024,https://open.spotify.com/track/2dKkVF2m160z0RNDN2dddc,,,
2028,playlists,,Alter Ego (with JT),"Doechii, JT",2024,https://open.spotify.com/track/2xaaJcmvMOmpDbTwlWnjFh,,,
2029,playlists,,Agora Hills,Doja Cat,2023,https://open.spotify.com/track/2G7SW5LADSzkwk3PTz7EMO,Agora Hills,pattern,low
2030,playlists,,Balut,Doja Cat,2023,https://open.spotify.com/track/3PvChJcbDMKFCQppIRYQo9,,,
2031,playlists,,Get Into It (Yuh),Doja Cat,2021,https://open.spotify.com/track/0W6I02J9xcqK8MtSeosEXb,,,
2032,playlists,,Need to Know,Doja Cat,2021,https://open.spotify.com/track/10hcDov7xmcRviA8jLwEaI,,,
2033,playlists,,URRRGE!!!!!!!!!! (feat. A$AP Rocky),"Doja Cat, A$AP Rocky",2024,https://open.spotify.com/track/0mxMMetknt24PVQxAHwXAZ,,,
2034,playlists,,Streets - Party Favor Remix,"Doja Cat, Party Favor",2021,https://open.spotify.com/track/7lyJr2p7ib6hUwYCqOJmFH,,,
2035,playlists,,Kiss Me More (feat. SZA),"Doja Cat, SZA",2021,https://open.spotify.com/track/748mdHapucXQri7IAO8yFK,,,
2036,playlists,,9 to 5,Dolly Parton,1980,https://open.spotify.com/track/4w3tQBXhn5345eUXDGBWZG,,,
2037,playlists,,Miracle Maker,"Dom Dolla, Clementine Douglas",2022,https://open.spotify.com/track/6txvQu0zUbiqG24A8XMLnK,,,
2038,playlists,,Define,"Dom Dolla, Go Freek",2015,https://open.spotify.com/track/2C2Bz7sauB37bnacn2KQyF,,,
2039,playlists,,Eat Your Man (with Nelly Furtado),"Dom Dolla, Nelly Furtado",2023,https://open.spotify.com/track/6Ea2oEzysv4UECGNxL1IEW,,,
2040,playlists,,MAGAZINE,"Dom Valentino, Celeste, Jeshi, Fredwave, Elijah Waters",2025,https://open.spotify.com/track/5wbEHn2qQKIRhgpJfQALfT,,,
2041,playlists,,I’m Not Ready,Domani,2019,https://open.spotify.com/track/4GFqARUxp7eZ0Jb9G6iLrw,,,
2042,playlists,,Dirty Secret,Dombresky,2023,https://open.spotify.com/track/7BnnEny1hfJYK8bkq45R0D,,,
2043,playlists,,LIFT OFF,Dombresky,2023,https://open.spotify.com/track/2T8Yxn4uXQoeBivDQNYCel,,,
2044,playlists,,3 Nights,Dominic Fike,2018,https://open.spotify.com/track/1tNJrcVe6gwLEiZCtprs1u,,,
2045,playlists,,Babydoll,Dominic Fike,2018,https://open.spotify.com/track/1SocftHhtuqF7k83eUhHiz,,,
2046,playlists,,Cancel Me,Dominic Fike,2020,https://open.spotify.com/track/2FMO2IFR4cJSe5D4BlpDV8,,,
2047,playlists,,Chicken Tenders,Dominic Fike,2020,https://open.spotify.com/track/3D8sT8D3f5egWSQnF0fbqu,,,
2048,playlists,,Dancing In The Courthouse,Dominic Fike,2023,https://open.spotify.com/track/4ZwgD4frTwoDdOUsjyoqAJ,,,
2049,playlists,,Double Negative (Skeleton Milkshake),Dominic Fike,2020,https://open.spotify.com/track/7ACT6YaXbYvl7hRWEOOEHQ,,,
2050,playlists,,King of Everything,Dominic Fike,2018,https://open.spotify.com/track/5IWW129DwGyMVQAbaJz3rS,,,
2051,playlists,,Politics & Violence,Dominic Fike,2020,https://open.spotify.com/track/24a9UsAbEK5jB49zZyae58,,,
2052,playlists,,Rollerblades,Dominic Fike,2019,https://open.spotify.com/track/7iSNEgSJYlc42H73xePMLh,,,
2053,playlists,,She Wants My Money,Dominic Fike,2018,https://open.spotify.com/track/2VMJkgrhqfOOYBlZif2nvX,,,
2054,playlists,,Socks,Dominic Fike,2018,https://open.spotify.com/track/32KU85vllRfxfaV7ZNvHwT,,,
2055,playlists,,Vampire,Dominic Fike,2020,https://open.spotify.com/track/0SRPuTnr5QOKRoIxMvvlgK,,,
2056,playlists,,Westcoast Collective,Dominic Fike,2018,https://open.spotify.com/track/582ndoUAn4YIN30NUnK6S2,,,
2057,playlists,,Phone Numbers,"Dominic Fike, Kenny Beats",2019,https://open.spotify.com/track/3f9Mzvd3URfbbIJBX4pz9Z,,,
2058,playlists,,Feelings,Domo Wilson,2019,https://open.spotify.com/track/79fjK41trDftrAvBBXZ2Sn,,,
2059,playlists,,Fire,"Don Changolini 4000, Berner, Shantell",2016,https://open.spotify.com/track/42vdhH9ppaRDkKhI0wb0Qb,,,
2060,playlists,,American Pie,Don McLean,1971,https://open.spotify.com/track/1fDsrQ23eTAVFElUMaf38X,,,
2061,playlists,,Back 2 Back,Don Q,2018,https://open.spotify.com/track/3RCweU5i1Llef1IuTlej88,,,
2062,playlists,,Clarity,Don Q,2018,https://open.spotify.com/track/0WUXgAXZAS2DMYzyCi3kfv,,,
2063,playlists,,Don Season pt. 2,Don Q,2018,https://open.spotify.com/track/5YHyJxng3X5N8HZwXwnihC,,,
2064,playlists,,He The Man,Don Q,2018,https://open.spotify.com/track/1gxH6Sl9cpnUapuB50zjXo,,,
2065,playlists,,Intervention,Don Q,2018,https://open.spotify.com/track/4m7aHGpwPklv8JNXw6Bdlu,,,
2066,playlists,,Intro,Don Q,2018,https://open.spotify.com/track/5XvuKyz5BClOf7gtOZO6XY,,,
2067,playlists,,Sauce Dripping,Don Q,2018,https://open.spotify.com/track/3AsL3fKDwc95jM2OVIDkoC,,,
2068,playlists,,Still Feel Me,Don Q,2018,https://open.spotify.com/track/73R4Z3FbtDyZiLPMqjh0fD,,,
2069,playlists,,Weakness,Don Q,2018,https://open.spotify.com/track/6JJl2d9XS9UKA31rXFVhDK,,,
2070,playlists,,I Can't Lie (feat. A Boogie Wit da Hoodie),"Don Q, A Boogie Wit da Hoodie",2018,https://open.spotify.com/track/7iFFrsyfFUDi2jt3dSg6Hf,,,
2071,playlists,,Yeah Yeah (feat. 50 Cent and Murda Beatz),"Don Q, A Boogie Wit da Hoodie, 50 Cent, Murda Beatz",2018,https://open.spotify.com/track/3OvNXm7fnRtTAwi1mYiotJ,,,
2072,playlists,,"Pull Up (feat. G Herbo, Dave East)","Don Q, Dave East, G Herbo",2018,https://open.spotify.com/track/4QZGgQpcyRVCQUDGAVNHa6,,,
2073,playlists,,Pick Up (feat. Hoodrich Pablo Juan),"Don Q, HoodRich Pablo Juan",2018,https://open.spotify.com/track/0d0606UjbgWr9C6R8e7wI7,,,
2074,playlists,,Roll My Weed (feat. Jay Critch),"Don Q, Jay Critch",2018,https://open.spotify.com/track/5wvQsBGMQioqKIC6l9DVj4,,,
2075,playlists,,Long Night (feat. Lil Durk),"Don Q, Lil Durk",2018,https://open.spotify.com/track/2dfTMMUuQUI3E3c6e3MK5L,,,
2076,playlists,,Insomnia (feat. Moneybagg Yo),"Don Q, Moneybagg Yo",2018,https://open.spotify.com/track/27ps8NRnzue20TvVD6QhTq,,,
2077,playlists,,Victory (feat. Trap Manny),"Don Q, Trap Manny",2018,https://open.spotify.com/track/0cuxvSXrd7lFySIey8gJT6,,,
2078,playlists,,It's a Good Day (feat. Young Scooter),"Don Q, Young Scooter",2018,https://open.spotify.com/track/1qxO5GxfCEDvqywHrfxuvF,,,
2079,playlists,,2AM,Don Toliver,2021,https://open.spotify.com/track/1HpAxf0kdqZSAisutLE5CW,,,
2080,playlists,,4X4,Don Toliver,2024,https://open.spotify.com/track/62qGV0G7Nu2IEqL5sWKuSB,,,
2081,playlists,,BANDIT,Don Toliver,2024,https://open.spotify.com/track/7sTyAjxDXq9afwfSQy6D0s,,,
2082,playlists,,Clap - From Road To Fast 9 Mixtape,Don Toliver,2020,https://open.spotify.com/track/2xypqRTnVOL7MjMJ6B79au,,,
2083,playlists,,DEEP IN THE WATER,Don Toliver,2024,https://open.spotify.com/track/2dshtwEGNpyrE0x69wUiHj,,,
2084,playlists,,Do It Right,Don Toliver,2022,https://open.spotify.com/track/4ZevD501qZiFK7FY8DFn0V,,,
2085,playlists,,Get Throwed,Don Toliver,2021,https://open.spotify.com/track/3nfARfVxSqwFahp3yY53aD,,,
2086,playlists,,HARDSTONE NATIONAL ANTHEM,Don Toliver,2024,https://open.spotify.com/track/72mqSiSQNHHNYSM6dOJYGr,,,
2087,playlists,,Swangin’ On Westheimer,Don Toliver,2021,https://open.spotify.com/track/0sze9rycXZswg5emYTFklv,,,
2088,playlists,,Talk No More,Don Toliver,2018,https://open.spotify.com/track/0TBI2aZeFxIIsmvKiptYey,,,
2089,playlists,,What You Need,Don Toliver,2021,https://open.spotify.com/track/6LcX2hBbXaJcK4AuefE936,,,
2090,playlists,,WON'T STOP,Don Toliver,2021,https://open.spotify.com/track/5QrmygpdyE3IbrZzJsZ4uj,,,
2091,playlists,,ATTITUDE (FEAT. CHARLIE WILSON & CASH COBAIN),"Don Toliver, Charlie Wilson, Cash Cobain",2024,https://open.spotify.com/track/0KFXE2mLTFdOKkTZEDgJPv,,,
2092,playlists,,Euphoria (feat. Travis Scott & Kaash Paige),"Don Toliver, Kaash Paige, Travis Scott",2020,https://open.spotify.com/track/13QU8HBEBaSTZGq1HzQe9S,,,
2093,playlists,,Drugs N Hella Melodies (feat. Kali Uchis),"Don Toliver, Kali Uchis",2021,https://open.spotify.com/track/3Bi3ws3uigvFSmfTcSLjnp,,,
2094,playlists,,BROTHER STONE (FEAT. KODAK BLACK),"Don Toliver, Kodak Black",2024,https://open.spotify.com/track/093MlZS93ZKlHpGkmb3k3W,,,
2095,playlists,,Leave the Club (feat. Lil Durk & GloRilla),"Don Toliver, Lil Durk, GloRilla",2023,https://open.spotify.com/track/1CJ8e0zc8uvAmkqdeXrq4u,,,
2096,playlists,,Cinderella (feat. Toro y Moi),"Don Toliver, Toro y Moi",2023,https://open.spotify.com/track/7kIMrbJ0U0TKnPQpdyPvUn,,,
2097,playlists,,ICE AGE (FEAT. TRAVIS SCOTT),"Don Toliver, Travis Scott",2024,https://open.spotify.com/track/4nhcjelU9PidsBzUkazfZs,,,
2098,playlists,,"Bad Girls - 12"" Version",Donna Summer,1979,https://open.spotify.com/track/0qWZZsiCMibvawWrBOAyhD,,,
2099,playlists,,Icy Titties,"Doobie, Caskey",2018,https://open.spotify.com/track/4MBxX1P21a0yEZJEHA7zw1,,,
2100,playlists,,Burn,"Doobie, Clever",2019,https://open.spotify.com/track/0PySEtTGXF8rv2hYjpOmVW,,,
2101,playlists,,Hold On,Doov,2026,https://open.spotify.com/track/1Kobu2uaTORid5MzRtueCC,,,
2102,playlists,,"Talk About Me (feat. Kid Cudi, Denzel Curry & JID)","Dot Da Genius, Kid Cudi, Denzel Curry, JID",2022,https://open.spotify.com/track/3tmpJN9fGVkrhlNkZVgH90,,,
2103,playlists,,Smoke Something Fuck Something,Double Barrel,2011,https://open.spotify.com/track/1XDOpswcvnCRaeAYuJUH9r,,,
2104,playlists,,Horizon,Dougald,2020,https://open.spotify.com/track/7oTZ3XOo0vzEtVsZ376CKK,,,
2105,playlists,,Whoa Is Me,Down With Webster,2009,https://open.spotify.com/track/0in0E4LNaB217ERYvqb6Sc,,,
2106,playlists,,Your Man,Down With Webster,2009,https://open.spotify.com/track/4TPffFD4gwGRkTlRBHCfLN,,,
2107,playlists,,Where'd All the Time Go?,Dr. Dog,2010,https://open.spotify.com/track/0UV5zxRMz6AO4ZwUOZNIKI,,,
2108,playlists,,"Nuthin' But A ""G"" Thang",Dr. Dre,2007,https://open.spotify.com/track/72xXeUmBQDakumKfsTn3io,,,
2109,playlists,,Forgot About Dre,"Dr. Dre, Eminem",1999,https://open.spotify.com/track/0Zh5U48tZNeAzzLTV1CVBE,,,
2110,playlists,,Gospel (with Eminem),"Dr. Dre, Eminem",2022,https://open.spotify.com/track/3a2jFwnts4Cf0OwJbK61SL,,,
2111,playlists,,What's The Difference,"Dr. Dre, Eminem, Xzibit",1999,https://open.spotify.com/track/1SWVDBtw6h3tm9OehOkDhv,,,
2112,playlists,,Xxplosive,"Dr. Dre, Hittman, Six-Two, Nate Dogg, Kurupt",1999,https://open.spotify.com/track/2g9E9UyZ3pdJ1eqUQW0tfQ,,,
2113,playlists,,The Scenic Route (with Rick Ross & Anderson .Paak),"Dr. Dre, Rick Ross, Anderson .Paak",2022,https://open.spotify.com/track/4cEmMB907Xi22vV9RIOSQE,,,
2114,playlists,,Still D.R.E.,"Dr. Dre, Snoop Dogg",1999,https://open.spotify.com/track/503OTo2dSqe7qk76rgsbep,,,
2115,playlists,,The Next Episode,"Dr. Dre, Snoop Dogg",1999,https://open.spotify.com/track/4LwU4Vp6od3Sb08CsP99GC,,,
2116,playlists,,"ETA (with Snoop Dogg, Busta Rhymes & Anderson .Paak)","Dr. Dre, Snoop Dogg, Busta Rhymes, Anderson .Paak",2022,https://open.spotify.com/track/0bzX26mfmUi0djOLemE2b8,,,
2117,playlists,,Sexy Eyes - Single Version,Dr. Hook,2009,https://open.spotify.com/track/6uxGAruWvj6O2hVBBTNITa,,,
2118,playlists,,0 To 100 / The Catch Up,Drake,2013,https://open.spotify.com/track/4jtyUzZm9WLc2AdaJ1dso7,,,
2119,playlists,,10 Bands,Drake,2015,https://open.spotify.com/track/12d5QFwzh60IIHlsSnAvps,,,
2120,playlists,,6 God,Drake,2015,https://open.spotify.com/track/3a8tAZFJxlmBwOtrf5L1oC,,,
2121,playlists,,8 Out Of 10,Drake,2018,https://open.spotify.com/track/5fcM0StdQxMjzulVGhFkHN,,,
2122,playlists,,9,Drake,2016,https://open.spotify.com/track/4uCAKqQQYJaIvyzq4sZkaO,,,
2123,playlists,,Back To Back,Drake,2015,https://open.spotify.com/track/5lFDtgWsjRJu8fPOAyJIAK,,,
2124,playlists,,Behind Barz - Bonus,Drake,2019,https://open.spotify.com/track/5r7WvQtyPfy1xch5zMgGRp,,,
2125,playlists,,Best I Ever Had,Drake,2009,https://open.spotify.com/track/3fyMH1t6UPeR5croea9PrR,,,
2126,playlists,,Blem,Drake,2017,https://open.spotify.com/track/2XlHu0HcujBCkWMdIAvrqt,,,
2127,playlists,,Blue Tint,Drake,2018,https://open.spotify.com/track/1Jrj3k5L36dPkU6KAclU7g,,,
2128,playlists,,Cameras / Good Ones Go Interlude - Medley,Drake,2011,https://open.spotify.com/track/68XnQ8fE6Lm8KMGLYifPph,,,
2129,playlists,,Can't Have Everything,Drake,2017,https://open.spotify.com/track/5f5r2N4Lp9WoULWPH9zp2W,,,
2130,playlists,,Can’t Take A Joke,Drake,2018,https://open.spotify.com/track/7cfvP13Bqb1EyCZQiYsLum,,,
2131,playlists,,Childs Play,Drake,2016,https://open.spotify.com/track/0k9RIzZtAo4DTQu0ZM6lNZ,,,
2132,playlists,,Connect,Drake,2013,https://open.spotify.com/track/2cx10hB95ygrUp2RsZW7Oh,,,
2133,playlists,,Controlla,Drake,2016,https://open.spotify.com/track/4CpKEkdGbOJV51cSvx7SoG,,,
2134,playlists,,Do Not Disturb,Drake,2017,https://open.spotify.com/track/2KvHC9z14GSl4YpkNMX384,,,
2135,playlists,,Elevate,Drake,2018,https://open.spotify.com/track/4uloft7ZE54WflsuqFmjC7,,,
2136,playlists,,Emotionless,Drake,2018,https://open.spotify.com/track/1v1IXPXl73Z7zy6f5tUa9n,,,
2137,playlists,,Energy,Drake,2015,https://open.spotify.com/track/79XrkTOfV1AqySNjVlygpW,,,
2138,playlists,,Fake Love,Drake,2016,https://open.spotify.com/track/2Vr6FETnu1h4ZoeU0f5XOS,,,
2139,playlists,,Feel No Ways,Drake,2016,https://open.spotify.com/track/12C1XYFQGZYXRYJNbsgDc7,,,
2140,playlists,,Final Fantasy,Drake,2018,https://open.spotify.com/track/7ijJ5crvsnCvCLJbHpyq3j,,,
2141,playlists,,Finesse,Drake,2018,https://open.spotify.com/track/590bUp2TKTfTS9NfiD4Nmn,,,
2142,playlists,,Fire & Desire,Drake,2016,https://open.spotify.com/track/4bEGp4AapA0B3Q5PpnSq3K,,,
2143,playlists,,Free Smoke,Drake,2017,https://open.spotify.com/track/05KOgYg8PGeJyyWBPi5ja8,,,
2144,playlists,,God's Plan,Drake,2018,https://open.spotify.com/track/2VWbHHhWnMzKWPUs4IEEW9,,,
2145,playlists,,Gyalchester,Drake,2017,https://open.spotify.com/track/6UjfByV1lDLW0SOVQA4NAi,,,
2146,playlists,,Hotline Bling,Drake,2015,https://open.spotify.com/track/6nmz4imkDcmtwMjocAzFSx,,,
2147,playlists,,Hype,Drake,2016,https://open.spotify.com/track/07GilNHSfS5oicUgHgU7VG,,,
2148,playlists,,I'm Upset,Drake,2018,https://open.spotify.com/track/1iSZPndzmY6NvL1jAtIvY1,,,
2149,playlists,,In My Feelings,Drake,2018,https://open.spotify.com/track/0bAkKNCQfWkexHFn7fIKns,,,
2150,playlists,,Is There More,Drake,2018,https://open.spotify.com/track/2QoOyCFpDo4NblMLP7vBRT,,,
2151,playlists,,Jaded,Drake,2018,https://open.spotify.com/track/3jipFRgLyKK0oJoG1pKicx,,,
2152,playlists,,Jorja Interlude,Drake,2017,https://open.spotify.com/track/13e6f8t7RKXuxZ0JdaaJRG,,,
2153,playlists,,Jungle,Drake,2015,https://open.spotify.com/track/7JXZq0JgG2zTrSOAgY8VMC,,,
2154,playlists,,Keep The Family Close,Drake,2016,https://open.spotify.com/track/7sBwAWyXfiIgrYQ8BaJESH,,,
2155,playlists,,Know Yourself,Drake,2015,https://open.spotify.com/track/5InOp6q2vvx0fShv3bzFLZ,,,
2156,playlists,,Landed,Drake,2020,https://open.spotify.com/track/3KixNgUEaDtrKJVzdqjU5q,,,
2157,playlists,,Legend,Drake,2015,https://open.spotify.com/track/1ID1QFSNNxi0hiZCNcwjUC,,,
2158,playlists,,Lose You,Drake,2017,https://open.spotify.com/track/2Na0z2gfN67Rzf0vp74Wi3,,,
2159,playlists,,Madiba Riddim,Drake,2017,https://open.spotify.com/track/76gUmNLXGQVOsGhfcshkFP,,,
2160,playlists,,Madonna,Drake,2015,https://open.spotify.com/track/4v7SAP4KD96BFLWiCd1vF0,,,
2161,playlists,,March 14,Drake,2018,https://open.spotify.com/track/40IiSjljbAhrSbdJ3HxSfH,,,
2162,playlists,,Marvins Room,Drake,2011,https://open.spotify.com/track/2z3htsNRuhDN923ITatc56,,,
2163,playlists,,Massive,Drake,2022,https://open.spotify.com/track/0oiv4E896TUTTeQU0cmIui,,,
2164,playlists,,Mob Ties,Drake,2018,https://open.spotify.com/track/7txPE73wHbuXYkM1h8zNrG,,,
2165,playlists,,Nice For What,Drake,2018,https://open.spotify.com/track/0HVv5bEOiI9a0QfgcASXpX,,,
2166,playlists,,No Face,Drake,2024,https://open.spotify.com/track/1560osUcXrnov6yuOjXvc1,,,
2167,playlists,,No Tellin',Drake,2015,https://open.spotify.com/track/2durxb17bXcmQJHSt8JAdO,,,
2168,playlists,,NOKIA,Drake,2025,https://open.spotify.com/track/2u9S9JJ6hTZS3Vf22HOZKg,,,
2169,playlists,,Nonstop,Drake,2018,https://open.spotify.com/track/2Vx8E3K5icPZR7OCklWBXX,,,
2170,playlists,,Nothings Into Somethings,Drake,2017,https://open.spotify.com/track/6MbH1QiphMCPTqVEVC7UYi,,,
2171,playlists,,Passionfruit,Drake,2017,https://open.spotify.com/track/5mCPDVBb16L4XQwDdbRUpz,,,
2172,playlists,,Peak,Drake,2018,https://open.spotify.com/track/2RAeY8dPj6KmStROfEigjV,,,
2173,playlists,,Pop Style,Drake,2016,https://open.spotify.com/track/334S9SWZMjyRDN0wrHw7wk,,,
2174,playlists,,Ratchet Happy Birthday,Drake,2018,https://open.spotify.com/track/16x6tqeSkIjoLEf7SJLlYy,,,
2175,playlists,,Redemption,Drake,2016,https://open.spotify.com/track/6qGgrhiZ20Qrir3MNGUJq4,,,
2176,playlists,,Right Hand,Drake,2015,https://open.spotify.com/track/4KI2Cj22TKBXvjVZVHCrsI,,,
2177,playlists,,Sandra’s Rose,Drake,2018,https://open.spotify.com/track/1sPLURKAosM3Jampgp9AWq,,,
2178,playlists,,Signs,Drake,2017,https://open.spotify.com/track/6Na5uKk5SsqZimk0hAWo8y,,,
2179,playlists,,Skepta Interlude,Drake,2017,https://open.spotify.com/track/2dfqS3MRtbLZSZA1IL8xY5,,,
2180,playlists,,Star67,Drake,2015,https://open.spotify.com/track/2mmUoyPxzbxehpfm1TpTRK,,,
2181,playlists,,Started From the Bottom,Drake,2013,https://open.spotify.com/track/2XDdHuoRmBeOaBIOSclj2k,,,
2182,playlists,,Sticky,Drake,2022,https://open.spotify.com/track/0C6ShwHWvn4JyvcJc1LjbS,,,
2183,playlists,,Still Here,Drake,2016,https://open.spotify.com/track/4YJmZfvlheSziXem8HBWrj,,,
2184,playlists,,Summer Games,Drake,2018,https://open.spotify.com/track/0w1ZtnzQmtmuuoKxHT0pLL,,,
2185,playlists,,Summer Sixteen,Drake,2016,https://open.spotify.com/track/17Q87zeXgsAi9iQQbMu9v0,,,
2186,playlists,,Survival,Drake,2018,https://open.spotify.com/track/71SEHJPt1iDwGkBhUOAXDP,,,
2187,playlists,,Teenage Fever,Drake,2017,https://open.spotify.com/track/6n3HGiq4v35D6eFOSwqYuo,,,
2188,playlists,,That’s How You Feel,Drake,2018,https://open.spotify.com/track/0SVsEdvot6vU4byv5yW0oj,,,
2189,playlists,,The Ride,Drake,2011,https://open.spotify.com/track/7awgTYACpqYb96XHqRULCA,,,
2190,playlists,,U With Me?,Drake,2016,https://open.spotify.com/track/4MSjMv3kpbLEeyGfIh52qH,,,
2191,playlists,,Views,Drake,2016,https://open.spotify.com/track/6oeCLDX1ML2tPOPT1JuyaJ,,,
2192,playlists,,Weston Road Flows,Drake,2016,https://open.spotify.com/track/0P7HlSwSY8mJCWIk4yunb0,Weston; Weston Road,city; pattern,medium
2193,playlists,,What Would Pluto Do,Drake,2023,https://open.spotify.com/track/1DAibqbopEYULPEtE8WHTE,,,
2194,playlists,,All Me,"Drake, 2 Chainz, Big Sean",2013,https://open.spotify.com/track/4kNvYhyl8R6m1vykVkcuBu,,,
2195,playlists,,Sacrifices,"Drake, 2 Chainz, Young Thug",2017,https://open.spotify.com/track/0xl1w2q4VLojeXp4JfazPL,,,
2196,playlists,,Jimmy Cooks (feat. 21 Savage),"Drake, 21 Savage",2022,https://open.spotify.com/track/3F5CgOj3wFlRv51JsHbxhe,,,
2197,playlists,,Major Distribution,"Drake, 21 Savage",2022,https://open.spotify.com/track/46s57QULU02Voy0Kup6UEb,,,
2198,playlists,,More M’s,"Drake, 21 Savage",2022,https://open.spotify.com/track/29YW2xXlo6Pc6M0SBTCXYN,,,
2199,playlists,,Rich Flex,"Drake, 21 Savage",2022,https://open.spotify.com/track/1bDbXMyjaUIooNwFE9wn0N,,,
2200,playlists,,Sneakin’,"Drake, 21 Savage",2016,https://open.spotify.com/track/4ckuS4Nj4FZ7i3Def3Br8W,,,
2201,playlists,,Knife Talk (with 21 Savage ft. Project Pat),"Drake, 21 Savage, Project Pat",2021,https://open.spotify.com/track/2BcMwX1MPV6ZHP4tUT9uq6,,,
2202,playlists,,Get It Together,"Drake, Black Coffee, Jorja Smith",2017,https://open.spotify.com/track/7y6c07pgjZvtHI9kuMVqk1,,,
2203,playlists,,Which One (feat. Central Cee),"Drake, Central Cee",2025,https://open.spotify.com/track/5FMyXeZ0reYloRTiCkPprT,,,
2204,playlists,,Faithful,"Drake, dvsn, Pimp C",2016,https://open.spotify.com/track/4dWVEAVhqNUjvsBHUo477f,,,
2205,playlists,,Desires (with Future),"Drake, Future",2020,https://open.spotify.com/track/7eYAHC0RbBF9eaqWzT34Aq,,,
2206,playlists,,Grammys,"Drake, Future",2016,https://open.spotify.com/track/2JfeUjJvP1lJkCSne9g0de,,,
2207,playlists,,Jumpman,"Drake, Future",2015,https://open.spotify.com/track/27GmP9AWRs744SzKcpJsTZ,,,
2208,playlists,,Scholarships,"Drake, Future",2015,https://open.spotify.com/track/0B5OTb36fzLayn6XQHg5A1,,,
2209,playlists,,KMT,"Drake, Giggs",2017,https://open.spotify.com/track/2jTujnt0y344ai1rNOywgr,,,
2210,playlists,,No Long Talk,"Drake, Giggs",2017,https://open.spotify.com/track/6CfrYuD3YRDYdYvH9jNtXY,,,
2211,playlists,,Chicago Freestyle (feat. Giveon),"Drake, GIVĒON",2020,https://open.spotify.com/track/4wVOKKEHUJxHCFFNUWDn0B,Chicago,city,high
2212,playlists,,Evil Ways (feat. J. Cole),"Drake, J. Cole",2023,https://open.spotify.com/track/2ut4BOQSqxLpcX5MtPjzYa,,,
2213,playlists,,First Person Shooter (feat. J. Cole),"Drake, J. Cole",2023,https://open.spotify.com/track/7aqfrAY2p9BUSiupwk3svU,,,
2214,playlists,,Talk Up,"Drake, JAŸ-Z",2018,https://open.spotify.com/track/3Yw09dj3cTXsAzlLjgBfIP,,,
2215,playlists,,From Time,"Drake, Jhené Aiko",2013,https://open.spotify.com/track/10VBBaul4zVD0reteuIHM2,,,
2216,playlists,,Glow,"Drake, Kanye West",2017,https://open.spotify.com/track/28irpKCCK9nn9DZSik2zEx,,,
2217,playlists,,Wants and Needs (feat. Lil Baby),"Drake, Lil Baby",2021,https://open.spotify.com/track/65OVbaJR5O1RmwOQx0875b,,,
2218,playlists,,Laugh Now Cry Later (feat. Lil Durk),"Drake, Lil Durk",2020,https://open.spotify.com/track/2SAqBLGA283SUiwJ3xOUVI,,,
2219,playlists,,The Motto,"Drake, Lil Wayne",2011,https://open.spotify.com/track/4Kz4RdRCceaA9VgTqBhBfa,,,
2220,playlists,,The Real Her,"Drake, Lil Wayne, André 3000",2011,https://open.spotify.com/track/7csi0PZxAyKmaC19KWMFqR,,,
2221,playlists,,Summers Over Interlude,"Drake, Majid Jordan",2016,https://open.spotify.com/track/04CpzA2BdOLEz7EMp5uwTU,,,
2222,playlists,,Don’t Matter To Me,"Drake, Michael Jackson",2018,https://open.spotify.com/track/36ONiya0OANYknz0GgJmwB,,,
2223,playlists,,Preach,"Drake, PARTYNEXTDOOR",2015,https://open.spotify.com/track/1OHoBC4icbuNhpSxP400sv,,,
2224,playlists,,Since Way Back,"Drake, PARTYNEXTDOOR",2017,https://open.spotify.com/track/5JUu0unA8VwhTZ9LkMWUVI,,,
2225,playlists,,With You,"Drake, PARTYNEXTDOOR",2016,https://open.spotify.com/track/5PMNu7kMZ4msbxiKnDTOt0,,,
2226,playlists,,Portland,"Drake, Quavo, Travis Scott",2017,https://open.spotify.com/track/2bjwRfXMk4uRgOD9IBYl9h,Portland,city,medium
2227,playlists,,Lord Knows,"Drake, Rick Ross",2011,https://open.spotify.com/track/1lPmhOHDqcIvciN2QUh6hR,,,
2228,playlists,,Money In The Grave (Drake ft. Rick Ross),"Drake, Rick Ross",2019,https://open.spotify.com/track/5ry2OE6R2zPQFDO85XkgRb,,,
2229,playlists,,Take Care,"Drake, Rihanna",2011,https://open.spotify.com/track/4wTMBYRE6xVTIUQ6fEudsJ,,,
2230,playlists,,Too Good,"Drake, Rihanna",2016,https://open.spotify.com/track/7fJtPlEZKxu6gvkfBFc5tW,,,
2231,playlists,,4422,"Drake, Sampha",2017,https://open.spotify.com/track/2fkeWbM6iqTw7oGHTYm2lw,,,
2232,playlists,,After Dark,"Drake, Static Major, Ty Dolla $ign",2018,https://open.spotify.com/track/4IvenHmD0spfFDOKphoUDp,,,
2233,playlists,,Slime You Out (feat. SZA),"Drake, SZA",2023,https://open.spotify.com/track/3RaCGXCiiMufRPoexXxGkV,,,
2234,playlists,,Fancy,"Drake, T.I., Swizz Beatz",2010,https://open.spotify.com/track/3fpTMuD1u3gJlVI4FadVHs,,,
2235,playlists,,Crew Love,"Drake, The Weeknd",2011,https://open.spotify.com/track/0TiC3GtlMCskf2hIUIBcDV,,,
2236,playlists,,Company,"Drake, Travis Scott",2015,https://open.spotify.com/track/6ImxYXeLDQPIv4qo7bMhSk,,,
2237,playlists,,One Dance,"Drake, Wizkid, Kyla",2016,https://open.spotify.com/track/1zi7xx7UVEFkmKfv06H8x0,,,
2238,playlists,,IDGAF (feat. Yeat),"Drake, Yeat",2023,https://open.spotify.com/track/2YSzYUF3jWqb9YP9VXmpjE,,,
2239,playlists,,Ice Melts,"Drake, Young Thug",2017,https://open.spotify.com/track/7bJ4mu7MHa3rHiNyKjOoSl,,,
2240,playlists,,It's Up (feat. Young Thug & 21 Savage),"Drake, Young Thug, 21 Savage",2024,https://open.spotify.com/track/4VQO1UdVIecQqB49PlANHz,,,
2241,playlists,,Talk To Me,"Drakeo the Ruler, Drake",2021,https://open.spotify.com/track/3Kwdm0iLyEiRB8InsZoo6n,,,
2242,playlists,,Best Hugs,DRAM,2018,https://open.spotify.com/track/3FISzZeOXxIw20PB0n5ed4,,,
2243,playlists,,Cash Machine,DRAM,2016,https://open.spotify.com/track/2UzQdfooGVIeGjqcUMOBWY,,,
2244,playlists,,Sundress,DRAM,2018,https://open.spotify.com/track/1lJlcytaNfNjf3JaBXTYlL,,,
2245,playlists,,WWYD?,DRAM,2018,https://open.spotify.com/track/0QpKEpkQccqjMJFhCRF0iu,,,
2246,playlists,,Broccoli,"DRAM, Lil Yachty",2016,https://open.spotify.com/track/0qy5D3OJre7SPJNMOL9I71,,,
2247,playlists,,Caretaker (feat. SZA),"DRAM, SZA",2015,https://open.spotify.com/track/4XQQovRSltOGWevTCgacXY,,,
2248,playlists,,I Do - Vandelux Remix,"DRAMA, Vandelux",2022,https://open.spotify.com/track/5muXOWzcV0ckxYq0ATO1EW,,,
2249,playlists,,Warm (feat. Mia),"Dre'es, Mia",2017,https://open.spotify.com/track/3kBofOTKMUZ62a311eUwvx,,,
2250,playlists,,"Got Me (feat. Ari Lennox, Omen, Ty Dolla $ign & Dreezy)","Dreamville, Ari Lennox, Omen, Ty Dolla $ign, Dreezy",2019,https://open.spotify.com/track/2q8X0AA5YHDu0GelavXvUU,,,
2251,playlists,,"Costa Rica (feat. Bas, JID, Guapdad 4000, Reese LAFLARE, Jace, Mez, Smokepurpp, Buddy & Ski Mask The Slump God)","Dreamville, Bas, JID, Guapdad 4000, Reese LAFLARE, Jace, Mez, Smokepurpp, Buddy, Ski Mask The Slump God",2019,https://open.spotify.com/track/1MJYFJ2igOWZpTo2kDcolx,Costa Rica,country,high
2252,playlists,,Sacrifices (with EARTHGANG & J. Cole feat. Smino & Saba),"Dreamville, EARTHGANG, J. Cole, Smino, Saba",2019,https://open.spotify.com/track/7wTA0NKIm6T7nP2kaymU2a,,,
2253,playlists,,Adonis Interlude (The Montage) (with J. Cole),"Dreamville, J. Cole",2023,https://open.spotify.com/track/5Mkbqot9JUaN5XhRgqITME,,,
2254,playlists,,"Down Bad (feat. JID, Bas, J. Cole, EARTHGANG & Young Nudy)","Dreamville, JID, Bas, J. Cole, EARTHGANG, Young Nudy",2019,https://open.spotify.com/track/4eqrNsKy9Mvg1fvfsTVIAE,,,
2255,playlists,,Up Up Away (with JID & EARTHGANG feat. Vince Staples),"Dreamville, JID, EARTHGANG, Vince Staples",2020,https://open.spotify.com/track/6k6QKZTfsSkLcARPA3VY4D,,,
2256,playlists,,Stick (with JID & J. Cole feat. Kenny Mason & Sheck Wes),"Dreamville, JID, J. Cole, Kenny Mason, Sheck Wes",2022,https://open.spotify.com/track/1BzXvBpIFWJgu0P8P6xmP4,,,
2257,playlists,,Still Dreamin (with JID & Lute feat. 6LACK),"Dreamville, JID, Lute, 6LACK",2020,https://open.spotify.com/track/1hp7uTRi0jYcN6wgFP077U,,,
2258,playlists,,"Ladies, Ladies, Ladies (with JID feat. T.I.)","Dreamville, JID, T.I.",2019,https://open.spotify.com/track/3QBnJDkME3teXvf52Sfslk,,,
2259,playlists,,Spar (feat. 6LACK & Kodak Black),"Dreezy, 6LACK, Kodak Black",2017,https://open.spotify.com/track/24lORMRGMv9sXpZJdN1PVm,,,
2260,playlists,,You'll Be There,Drinks On Me,2020,https://open.spotify.com/track/7lrPlOCR3zXpXR9ZNHAOkX,,,
2261,playlists,,Dance The Night,Dua Lipa,2023,https://open.spotify.com/track/11C4y2Yz1XbHmaQwO06s9f,,,
2262,playlists,,New Rules,Dua Lipa,2017,https://open.spotify.com/track/6tF92PMv01Ug9Dh8Rmy6nH,,,
2263,playlists,,Levitating (feat. DaBaby),"Dua Lipa, DaBaby",2020,https://open.spotify.com/track/5nujrmhLynf4yMoMtj8AQF,,,
2264,playlists,,Bernal Heights,Duckwrth,2017,https://open.spotify.com/track/2LdbF40p7euLqEsaxpt70i,Bernal Heights,pattern,low
2265,playlists,,NOBODY FALLS,"Duckwrth, Kiana Ledé, Terrace Martin, Medasin",2019,https://open.spotify.com/track/19Z7HLXE1wQWD84atodCHK,,,
2266,playlists,,Start a Riot,"Duckwrth, Shaboozey",2018,https://open.spotify.com/track/6V81K1OcvYgHEnCA6A2Qx9,,,
2267,playlists,,Power Power (feat. Shaun Ross),"Duckwrth, Shaun Ross",2022,https://open.spotify.com/track/5XzBAMcPTnB3p1xzYyVhxc,,,
2268,playlists,,Crunk Ain't Dead - Remix,"Duke Deuce, Lil Jon, Juicy J, Project Pat",2020,https://open.spotify.com/track/4tk6OHvTaRiVPjSx0I6A2H,,,
2269,playlists,,Ocean Drive,Duke Dumont,2015,https://open.spotify.com/track/0k93MXOj0kSXo84SvSDeUz,Ocean Drive,street,high
2270,playlists,,Harambe,Dumbfoundead,2016,https://open.spotify.com/track/6d5jlIcDe4V4WJcMSDegLe,,,
2271,playlists,,Hungry Like the Wolf - 2009 Remaster,Duran Duran,1982,https://open.spotify.com/track/39lSeqnyjZJejRuaREfyLL,,,
2272,playlists,,Rio - 2009 Remaster,Duran Duran,1982,https://open.spotify.com/track/43eBgYRTmu5BJnCJDBU5Hb,Rio,city,high
2273,playlists,,Praise The Lord (Da Shine) (feat. Skepta) - Durdenhauer Edit,"Durdenhauer, A$AP Rocky, Skepta",2022,https://open.spotify.com/track/7jQkiAaa4XYYsPH3rcfcWo,,,
2274,playlists,,The Breach,Dustin Tebbutt,2014,https://open.spotify.com/track/1WXVfFRD89EtVURD4Tbixo,,,
2275,playlists,,Tinted Eyes,"DVBBS, blackbear, 24kGoldn",2020,https://open.spotify.com/track/68UW3plyDDNg1dkNIZRezJ,,,
2276,playlists,,Angela,dvsn,2016,https://open.spotify.com/track/7JbUcaINpE5XP5ZeeJIyfO,,,
2277,playlists,,Another One,dvsn,2016,https://open.spotify.com/track/72e5ilFtd3OoPFGzmQwja1,,,
2278,playlists,,Do It Well,dvsn,2016,https://open.spotify.com/track/6pNX8XgYqVHYSoVNF81NKR,,,
2279,playlists,,Don't Take Your Love,dvsn,2022,https://open.spotify.com/track/35fBkyvLRrHKO4edE69LtA,,,
2280,playlists,,Hallucinations,dvsn,2016,https://open.spotify.com/track/0UE0RhnRaEYsiYgXpyLoZc,,,
2281,playlists,,In + Out,dvsn,2016,https://open.spotify.com/track/5ZHX24mb5eqoOdNLEh940c,,,
2282,playlists,,SEPT 5TH,dvsn,2016,https://open.spotify.com/track/79FMVy7Jjfu2igaxm5cy9F,,,
2283,playlists,,The Line,dvsn,2016,https://open.spotify.com/track/582YjxdRTGri2bdGlG7xaS,,,
2284,playlists,,Think About Me,dvsn,2017,https://open.spotify.com/track/4LkLfPYc3yjOta7Gk8FDRB,,,
2285,playlists,,Too Deep,dvsn,2016,https://open.spotify.com/track/3uSSjnDMmoyERaAK9KvpJR,,,
2286,playlists,,Try / Effortless,dvsn,2016,https://open.spotify.com/track/4XudCa7ZGffGtHPv05iYzq,,,
2287,playlists,,With Me,dvsn,2016,https://open.spotify.com/track/6AIte2Iej1QKlaofpjCzW1,,,
2288,playlists,,No Cryin (feat. Future),"dvsn, Future",2019,https://open.spotify.com/track/6P0Ki6KDNiCo03buu3fYGt,,,
2289,playlists,,Friends (feat. PARTYNEXTDOOR),"dvsn, PARTYNEXTDOOR",2020,https://open.spotify.com/track/0tdyynUXfnTTtOXRXdDqqQ,,,
2290,playlists,,Dangerous City (feat. Buju Banton),"dvsn, Ty Dolla $ign, Buju Banton",2020,https://open.spotify.com/track/4ylOLt7XCUxq4UTsh08uF4,,,
2291,playlists,,I Believed It (feat. Mac Miller),"dvsn, Ty Dolla $ign, Mac Miller",2021,https://open.spotify.com/track/6oIahjoSHQ3GQJg0hrLdzY,,,
2292,playlists,,Changes,Dylan Williams,2016,https://open.spotify.com/track/3H6BFC1UJT4vIgtGG1Ke2m,,,
2293,playlists,,In My Mind,"Dynoro, GIGI D'AGOSTINO",2018,https://open.spotify.com/track/0E9ZjEAyAwOXZ7wJC0PD33,,,
2294,playlists,,Slappin,"E-40, Nef The Pharaoh, DRAM",2016,https://open.spotify.com/track/4UrGGEcUz6rQOZDrYVxb79,,,
2295,playlists,,Chase The Money,"E-40, Quavo, Roddy Ricch, A$AP Ferg, ScHoolboy Q",2019,https://open.spotify.com/track/3808TY2N8RQG8OcRCHoZvD,,,
2296,playlists,,Hotel California - 2013 Remaster,Eagles,1976,https://open.spotify.com/track/40riOy7x9W7GXjyGp4pjAv,Hotel California,landmark,high
2297,playlists,,One of These Nights - 2013 Remaster,Eagles,1975,https://open.spotify.com/track/608xszaAxVh4m7NcKJiAbF,,,
2298,playlists,,2010,Earl Sweatshirt,2021,https://open.spotify.com/track/5kUgMxXcpAdsnKumXs4J5Z,,,
2299,playlists,,Azucar,Earl Sweatshirt,2018,https://open.spotify.com/track/1mAEQbdq0dZQWfujWG6rCd,,,
2300,playlists,,Cold Summers,Earl Sweatshirt,2018,https://open.spotify.com/track/0xUbrvxYljD4OZ02BbuPpK,,,
2301,playlists,,December 24,Earl Sweatshirt,2018,https://open.spotify.com/track/0LppLsxXXDBTqihx84BJGo,,,
2302,playlists,,Eclipse,Earl Sweatshirt,2018,https://open.spotify.com/track/1L0UPMI58AfRHG7wsUklFA,,,
2303,playlists,,Loosie,Earl Sweatshirt,2018,https://open.spotify.com/track/77Zm1VR4gVmpUL9n7QOcmD,,,
2304,playlists,,Nowhere2go,Earl Sweatshirt,2018,https://open.spotify.com/track/2KrHM3YwVwewEAxss7iuj7,,,
2305,playlists,,Peanut,Earl Sweatshirt,2018,https://open.spotify.com/track/4N5QbNdzjLT9jSdnCgIOxP,,,
2306,playlists,,Red Water,Earl Sweatshirt,2018,https://open.spotify.com/track/6GsLY75eZHnOAWFqdKmZ4b,,,
2307,playlists,,Riot!,Earl Sweatshirt,2018,https://open.spotify.com/track/6cmt9CRoK0KGcNg9Tpje53,,,
2308,playlists,,Shattered Dreams,Earl Sweatshirt,2018,https://open.spotify.com/track/2LQb3iYBzoxbxct2IexjBc,,,
2309,playlists,,The Bends,Earl Sweatshirt,2018,https://open.spotify.com/track/2O2l5DJirlZAwLwpOAVbXR,,,
2310,playlists,,Veins,Earl Sweatshirt,2018,https://open.spotify.com/track/2EQMxDwbcaaGIKb7EPDfLF,,,
2311,playlists,,Playing Possum (feat. Cheryl Harris & Keorapetse Kgositsile),"Earl Sweatshirt, Cheryl Harris, Keorapetse Kgositsile",2018,https://open.spotify.com/track/1qqEKh4wmdcQGG1c2z8sH0,,,
2312,playlists,,WHOLE WORLD (feat. Maxo),"Earl Sweatshirt, Maxo",2020,https://open.spotify.com/track/6zW8vtUkHvo6PfpYhh3T53,,,
2313,playlists,,The Mint (feat. Navy Blue),"Earl Sweatshirt, Navy Blue",2018,https://open.spotify.com/track/5uLZ3YIQGC0mOk6q3lJ6Ng,,,
2314,playlists,,Ontheway! (feat. Standing On The Corner),"Earl Sweatshirt, Standing On The Corner",2018,https://open.spotify.com/track/4HJ4L8hpX9YjTwipKTYwaW,,,
2315,playlists,,September,"Earth, Wind & Fire",1992,https://open.spotify.com/track/5nNmj1cLH3r4aA4XDJ2bgY,,,
2316,playlists,,ALL EYES ON ME,EARTHGANG,2022,https://open.spotify.com/track/3EgG8FCbyTpVBU0BgDpiMF,,,
2317,playlists,,AMERICAN HORROR STORY,EARTHGANG,2021,https://open.spotify.com/track/0ZwLWAwAte17DldUatgEdj,,,
2318,playlists,,Bank,EARTHGANG,2019,https://open.spotify.com/track/0uqJQ1k1N63nl4tAYW8t2A,Bānk,city,medium
2319,playlists,,UP,EARTHGANG,2019,https://open.spotify.com/track/1MXCuifP9G4nGoU0LLRpfj,,,
2320,playlists,,Meditate (feat. J.I.D.),"EARTHGANG, JID",2017,https://open.spotify.com/track/0Eqm7hD828cATBLUx2fJox,,,
2321,playlists,,Fields (feat. Malik),"EARTHGANG, Malik Baptiste",2019,https://open.spotify.com/track/1UTVkHERZzuPn9MjIDKBM8,,,
2322,playlists,,Options (with Wale),"EARTHGANG, Wale",2020,https://open.spotify.com/track/4BcJTOfO1EI6sn1TEKZUyR,,,
2323,playlists,,Proud Of U (feat. Young Thug),"EARTHGANG, Young Thug",2019,https://open.spotify.com/track/6SIR9Zx1I9VaFDPj99z9JW,,,
2324,playlists,,Boyz-N-The-Hood,Eazy-E,2016,https://open.spotify.com/track/45nWPWka5usNPZokYvmS2G,,,
2325,playlists,,100% Battery,Ebenezer,2018,https://open.spotify.com/track/1VWm2OWva7nuXvlOH5Jkbd,,,
2326,playlists,,Interlude 1,Ebenezer,2018,https://open.spotify.com/track/1m0FOc8GvQmoyagkxPgUKx,,,
2327,playlists,,Interlude 2,Ebenezer,2018,https://open.spotify.com/track/2mH3rZmwm0Xf6CpOZhGPmQ,,,
2328,playlists,,Interlude 3,Ebenezer,2018,https://open.spotify.com/track/54nEjSfWYYEu4ydzFFBW3i,,,
2329,playlists,,Nostalgia,Ebenezer,2018,https://open.spotify.com/track/3qOr1HFlesfEDthFVia8r1,,,
2330,playlists,,South Of France,Ebenezer,2018,https://open.spotify.com/track/0MFe23Ylf59JOhojBpcyr6,France,country,high
2331,playlists,,Till I Die,Ebenezer,2018,https://open.spotify.com/track/7m6WpIe95UhJX3fDHrfW3C,,,
2332,playlists,,Catch Feelings,"Ebenezer, ADP",2018,https://open.spotify.com/track/7iIqBxeYrPON7JO5bQ8NM3,,,
2333,playlists,,Stats,"Ebenezer, Col3trane",2018,https://open.spotify.com/track/6xsg61nMbqctDRBs2l1J0K,,,
2334,playlists,,Castle on the Hill,Ed Sheeran,2017,https://open.spotify.com/track/66qlqxhEMpSHOzjRK4il0b,,,
2335,playlists,,Shape of You,Ed Sheeran,2017,https://open.spotify.com/track/7qiZfU4dY1lWllzX7mPBI3,,,
2336,playlists,,Cross Me (feat. Chance the Rapper & PnB Rock),"Ed Sheeran, Chance the Rapper, PnB Rock",2019,https://open.spotify.com/track/543bCW2ruMPmxUBWirQ3MR,,,
2337,playlists,,2step (feat. Lil Baby),"Ed Sheeran, Lil Baby",2022,https://open.spotify.com/track/2UN0lp72LAusrXi8LLVomt,,,
2338,playlists,,1000 Nights (feat. Meek Mill & A Boogie Wit da Hoodie),"Ed Sheeran, Meek Mill, A Boogie Wit da Hoodie",2019,https://open.spotify.com/track/4vIKzWqtn44umal5jXq4wE,,,
2339,playlists,,Antisocial (with Travis Scott),"Ed Sheeran, Travis Scott",2019,https://open.spotify.com/track/1DhRbox3xkceP64k3JeYfW,,,
2340,playlists,,Home,Edward Sharpe & The Magnetic Zeros,2009,https://open.spotify.com/track/7w5cxTEzp1rfV3KCy0Bd5N,,,
2341,playlists,,"Kill 'Em With Success (with Eearz, ScHoolboy Q & 2 Chainz)","Eearz, ScHoolboy Q, 2 Chainz, Mike WiLL Made-It",2018,https://open.spotify.com/track/1iFN9GbSzkj2nRNxz5NxbK,,,
2342,playlists,,FNF - Remix,Eemiaj,2022,https://open.spotify.com/track/1PcGEtIp4nJl6GdRfrjkBr,,,
2343,playlists,,Coronao Now,"El Alfa, Lil Pump",2019,https://open.spotify.com/track/7FbKipScVxkjQxQXwTd0gL,,,
2344,playlists,,Don't Bring Me Down,Electric Light Orchestra,1979,https://open.spotify.com/track/72ahyckBJfTigJCFCviVN7,,,
2345,playlists,,Last Train to London,Electric Light Orchestra,1979,https://open.spotify.com/track/6xE6ZWzK1YDDSYzqOCoQlz,London,city,high
2346,playlists,,Bang Your Line (feat. Ty Dolla $ign),"ELHAE, Ty Dolla $ign",2017,https://open.spotify.com/track/2v63nsrBRoEkFZGKaTXA2q,,,
2347,playlists,,Lately (with 6LACK),"Eli Derby, 6LACK",2022,https://open.spotify.com/track/6QyNMgB28X9oCdz2rAEnp7,,,
2348,playlists,,Made It (Can't Stay),Eli Sostre,2020,https://open.spotify.com/track/1yg9tK2AhC1IjmbmdYmMUY,,,
2349,playlists,,Motorola,Eli Sostre,2018,https://open.spotify.com/track/7efofHV4HYIa0hZ1ItgD8v,,,
2350,playlists,,New Addy,Eli Sostre,2017,https://open.spotify.com/track/783HW2WzbtDifgPrQDaxvZ,,,
2351,playlists,,Frenemies,Elijah Blake,2020,https://open.spotify.com/track/1EulXkYiwv2XLpvKs8R1ta,,,
2352,playlists,,B.O.T.A. (Baddest Of Them All) - Edit,"Eliza Rose, Interplanetary Criminal",2022,https://open.spotify.com/track/39JofJHEtg8I4fSyo7Imft,,,
2353,playlists,,Love Me Like That (Champion Love),Ella Mai,2018,https://open.spotify.com/track/5kUMB8d7Xa6X7VNe8qTY9k,,,
2354,playlists,,MONEY ON THE DASH - SPED UP,"Elley Duhé, Whethan",2023,https://open.spotify.com/track/086THPnabbu1zfDjRsxpoN,,,
2355,playlists,,CRASH OUT,Ellisar,2026,https://open.spotify.com/track/30iwchOICt2DWbb7WBoWDU,,,
2356,playlists,,NOT ENOUGH,Ellisar,2026,https://open.spotify.com/track/4OcYBdphLn0MEY8cQYrpja,,,
2357,playlists,,Tiny Dancer,Elton John,1971,https://open.spotify.com/track/2TVxnKdb3tqe1nhQWwwZCO,,,
2358,playlists,,Hold Me Closer,"Elton John, Britney Spears",2022,https://open.spotify.com/track/72yP0DUlWPyH8P7IoxskwN,,,
2359,playlists,,Always Love You,"Elton John, Young Thug, Nicki Minaj",2021,https://open.spotify.com/track/12MHScs4Y5gDdxy0eQYCkr,,,
2360,playlists,,Starchild,Elujay,2018,https://open.spotify.com/track/13Gt4A1ZbYkZbfdQsjKGR6,,,
2361,playlists,,EmiLy,Emily Montes,2020,https://open.spotify.com/track/7sOFFBP0VKt4EMVUUuxsMs,,,
2362,playlists,,Emily montes,Emily Montes,2020,https://open.spotify.com/track/2AQXqXZlFdB5EBiMoTL46U,,,
2363,playlists,,Houdini,Eminem,2024,https://open.spotify.com/track/2HYFX63wP3otVIvopRS99Z,,,
2364,playlists,,My Name Is,Eminem,2005,https://open.spotify.com/track/4rc9kQ6qyssElIccFJgbJb,,,
2365,playlists,,The Real Slim Shady,Eminem,2005,https://open.spotify.com/track/7Bi0aRtNAdchLnVBPjDrcx,,,
2366,playlists,,Without Me,Eminem,2016,https://open.spotify.com/track/1dWXQWIjjYWafYgw0zVGnG,,,
2367,playlists,,Is This Love ('09) (feat. 50 Cent),"Eminem, 50 Cent",2022,https://open.spotify.com/track/7rK0iM6jwuo1oizdx8suQA,,,
2368,playlists,,Godzilla (feat. Juice WRLD),"Eminem, Juice WRLD",2020,https://open.spotify.com/track/7FIWs0pqAYbP91WWM0vlTQ,,,
2369,playlists,,Shake That,"Eminem, Nate Dogg",2005,https://open.spotify.com/track/0fGh0trRN1xz3s41r7V5ce,,,
2370,playlists,,From The D 2 The LBC (with Snoop Dogg),"Eminem, Snoop Dogg",2022,https://open.spotify.com/track/7My9ca9QEIR8MvIOdIrTWA,,,
2371,playlists,,Promises I've Made,Emitt Rhodes,2009,https://open.spotify.com/track/3ncX1PNhONlpP8vzeyNIle,,,
2372,playlists,,Somebody Made For Me,Emitt Rhodes,2009,https://open.spotify.com/track/2hq50hCUUknhUXZ9uL3wgq,,,
2373,playlists,,"Shine, Glow, Glisten","Emma Louise, Flume",2025,https://open.spotify.com/track/5MTaywYh6VyGvSV2urrzoB,,,
2374,playlists,,Changes,Empire Of The Sun,2024,https://open.spotify.com/track/1eWpwmgJO9ZUINjCttvK4L,,,
2375,playlists,,Chrysalis,Empire Of The Sun,2008,https://open.spotify.com/track/3Wu1laMLkRxvDSB6zchkwf,,,
2376,playlists,,Music On The Radio,Empire Of The Sun,2024,https://open.spotify.com/track/0FoEQ5MUMwOrnQ4pWyrfrA,,,
2377,playlists,,Walking On A Dream,Empire Of The Sun,2008,https://open.spotify.com/track/5r5cp9IpziiIsR6b93vcnQ,,,
2378,playlists,,Way To Go,Empire Of The Sun,2016,https://open.spotify.com/track/1cKfbgfOojLCCBTYvH6J57,,,
2379,playlists,,We Are The People,Empire Of The Sun,2008,https://open.spotify.com/track/3zEN0ii6s4DHHBpnTp3RP7,,,
2380,playlists,,Big Chungus,Endigo,2018,https://open.spotify.com/track/1zPWTZRStEg3Vye5HtagV5,,,
2381,playlists,,Pump It Up,Endor,2020,https://open.spotify.com/track/4tcPIwy0UvLYjhXLrMyx89,,,
2382,playlists,,I Like It,"Enrique Iglesias, Pitbull",2010,https://open.spotify.com/track/4nVyHATevhl5RC6Qmoko5H,,,
2383,playlists,,MOVE TO MIAMI,"Enrique Iglesias, Pitbull",2018,https://open.spotify.com/track/1BuTNbYxxFYezD1tT8AJR9,Miami,city,high
2384,playlists,,Proper Education - Radio Edit,"Eric Prydz, Floyd",2006,https://open.spotify.com/track/4rcsbFROlI68TGD7U8Cdm1,,,
2385,playlists,,WTF,"Erick the Architect, Col3trane",2020,https://open.spotify.com/track/0AcoNytjjtCBhs858uYDD5,,,
2386,playlists,,Let It Go,"Erick the Architect, Loyle Carner, FARR",2020,https://open.spotify.com/track/7c9T1m1RrtAWopKQVvFC3D,,,
2387,playlists,,Sarabande,Errol Silk,2016,https://open.spotify.com/track/1emyhz2IK6I9g0X4j57R2A,,,
2388,playlists,,Darling,Esbe,2015,https://open.spotify.com/track/6ncNLU982iaD9WFb2gTwKd,,,
2389,playlists,,Love Vibration,ESSEL,2021,https://open.spotify.com/track/5B2Fil0dJNfob1W8gpL5E4,,,
2390,playlists,,Sweat,ESSEL,2023,https://open.spotify.com/track/5Ly2w3jKYFvHbOv6Jf4HNM,,,
2391,playlists,,American Boy,"Estelle, Kanye West",2008,https://open.spotify.com/track/6etwirSInfuJrSOlogS6Sh,,,
2392,playlists,,American Teenager,Ethel Cain,2022,https://open.spotify.com/track/4ltqfN12ohaVZdM6C45gMg,,,
2393,playlists,,The Final Countdown,Europe,1986,https://open.spotify.com/track/3MrRksHupTVEQ7YbA0FsZK,,,
2394,playlists,,Sweet Dreams (Are Made of This) - 2005 Remaster,"Eurythmics, Annie Lennox, Dave Stewart",1983,https://open.spotify.com/track/1TfqLAPs4K3s2rJMoCokcS,,,
2395,playlists,,Chariots Of Fire - Edit,"Evangelos Papathanassiou, Vangelis",2024,https://open.spotify.com/track/4Kb6Z3oN3JYolzFrCOpHCU,,,
2396,playlists,,Satisfaction,Eve,2002,https://open.spotify.com/track/1gfKtc7kmusVxGHgbzusyX,,,
2397,playlists,,Tambourine,Eve,2007,https://open.spotify.com/track/1U16aNzvnlfARgjWXjKmQj,,,
2398,playlists,,Inside Out,Eve 6,1998,https://open.spotify.com/track/4GiVcDqNQI0fc0yYuRGH9m,,,
2399,playlists,,Let Me Blow Ya Mind,"Eve, Gwen Stefani",2001,https://open.spotify.com/track/3RmKpob8xzv1pzHEQrMJah,,,
2400,playlists,,Santa Monica,Everclear,1995,https://open.spotify.com/track/37EJtTS7jT5WUyXGZzrwnI,Santa Monica,city,high
2401,playlists,,Final Boss,"Excision, Dion Timmer",2016,https://open.spotify.com/track/53MokEbARtbIRAsluTFgCy,,,
2402,playlists,,Breathe,Fabolous,2004,https://open.spotify.com/track/7fuoqve1SOEBmhc2PoQTF0,,,
2403,playlists,,You Be Killin Em,Fabolous,2010,https://open.spotify.com/track/5I6YA7oHtraxwWQzzCugDt,,,
2404,playlists,,"Trade It All, Pt. 2 (feat. P. Diddy & Jagged Edge)","Fabolous, Diddy, Jagged Edge",2003,https://open.spotify.com/track/6h7PQQIUQSNSAWqRe98MBU,,,
2405,playlists,,Into You (feat. Tamia) - Main Mix,"Fabolous, Tamia",2003,https://open.spotify.com/track/1Jm1I3APcmVz3MqPr5vfTx,,,
2406,playlists,,PICK IT UP (feat. A$AP Rocky),"Famous Dex, A$AP Rocky",2018,https://open.spotify.com/track/0dSIrRkA4PadGll16TgbnV,,,
2407,playlists,,When I See U,Fantasia,2006,https://open.spotify.com/track/4iuNZTcvT9diFySSzVsnVS,,,
2408,playlists,,Like A G6,"Far East Movement, The Cataracs, DEV",2010,https://open.spotify.com/track/4DvhkX2ic4zWkQeWMwQ2qf,,,
2409,playlists,,Heal Me - Biscits Remix,"FARR, Biscits",2020,https://open.spotify.com/track/1ld3ibWlGwo4oBFPb6pmKk,,,
2410,playlists,,Pepas,Farruko,2021,https://open.spotify.com/track/5fwSHlTEWpluwOM0Sxnh5k,,,
2411,playlists,,The Crack Attack,Fat Joe,1998,https://open.spotify.com/track/7t4O4gsLAVEtZJwIwoSS4e,,,
2412,playlists,,So Excited,"Fat Joe, Dre",2017,https://open.spotify.com/track/4MnHvx4W6eMx4d2vZP5ONK,,,
2413,playlists,,What's Luv? (feat. Ja-Rule & Ashanti),"Fat Joe, Ja Rule, Ashanti",2001,https://open.spotify.com/track/2mKouqwAIdQnMP43zxR89r,,,
2414,playlists,,All The Way Up (feat. Infared),"Fat Joe, Remy Ma, French Montana, InfaRed",2016,https://open.spotify.com/track/61QSuw5VlC0LTS8WMO356g,,,
2415,playlists,,Satisfaction Skank - High Contrast Remix,"Fatboy Slim, The Rolling Stones, High Contrast",2026,https://open.spotify.com/track/61Z0yfhBej1doIseuLpo2d,,,
2416,playlists,,Throw It,Father,2018,https://open.spotify.com/track/3S8Gd1Hdw8jLLgeLceTl0d,,,
2417,playlists,,Real Love Baby,Father John Misty,2016,https://open.spotify.com/track/0Z57YWES04xGh3AImDz6Qr,,,
2418,playlists,,Why Don't U,"Father, ABRA, ILOVEMAKONNEN",2016,https://open.spotify.com/track/63MqIhiI18VJ8Hsy5Ep3eg,,,
2419,playlists,,Time Will Tell - (Lady Bee & Mr. Wonder Club Mix),"Faya, Mr. Wonder, Lady Bee",2017,https://open.spotify.com/track/1Wwgunbn3r08LDcgvZXVBn,,,
2420,playlists,,Homie Don’t Shake,Fcukers,2024,https://open.spotify.com/track/3jlacMjHZ9VGCOmz5CjHE0,,,
2421,playlists,,I Like It Like That,Fcukers,2025,https://open.spotify.com/track/70EG3KoKRu3jvsBlFVZYkJ,,,
2422,playlists,,Play Me,Fcukers,2025,https://open.spotify.com/track/20UnbY4JAUTbSCf38TKDdz,,,
2423,playlists,,Probation,Felly,2014,https://open.spotify.com/track/6Ps7BEz3qsaC61JUYBozEI,,,
2424,playlists,,"Honey, There's No Time",Feng Suave,2017,https://open.spotify.com/track/6utl2puTMct2t0ntNnZc68,,,
2425,playlists,,Sink into the Floor,Feng Suave,2017,https://open.spotify.com/track/4UCiDcv0yO9tNLZbkZeBBA,,,
2426,playlists,,Venus Flytrap,Feng Suave,2018,https://open.spotify.com/track/6B1Q7hi48RVUvak1SLoiJX,,,
2427,playlists,,London Bridge,Fergie,2006,https://open.spotify.com/track/7jRoWfRlLnGYEIEn4t4kbq,London Bridge,landmark,high
2428,playlists,,Glamorous,"Fergie, Ludacris",2006,https://open.spotify.com/track/4KTtYhxFtFL7mBwnjkKfLm,,,
2429,playlists,,Fergalicious,"Fergie, will.i.am",2006,https://open.spotify.com/track/1D066zixBwqFYqBhKgdPzp,,,
2430,playlists,,Again,Fetty Wap,2015,https://open.spotify.com/track/3ESSGgWzRf1xvP7G5hHMhB,,,
2431,playlists,,Jack Boy,Fetty Wap,2021,https://open.spotify.com/track/4aIPK1rjbF0sP7wZzQvuIS,,,
2432,playlists,,RGF Island,Fetty Wap,2015,https://open.spotify.com/track/5az4fckVxzi1tUyIrwRdos,RGF Island,pattern,low
2433,playlists,,Trap Queen,Fetty Wap,2014,https://open.spotify.com/track/3twQx3psUMJKj4wna5d1zU,,,
2434,playlists,,Birthday (feat. Monty),"Fetty Wap, Monty",2019,https://open.spotify.com/track/3VN7XvP708u6V9U0CxOlzi,,,
2435,playlists,,679 (feat. Remy Boyz),"Fetty Wap, Remy Boyz",2015,https://open.spotify.com/track/5NQbUaeTEOGdD6hHcre0dZ,,,
2436,playlists,,Westside (feat. Snoop Dogg),"Fetty Wap, Snoop Dogg",2016,https://open.spotify.com/track/7fy2ZJGYU1ll1BiTLEMUzx,West Side,region,medium
2437,playlists,,She Drives Me Crazy,Fine Young Cannibals,1988,https://open.spotify.com/track/4d6eqRtpDX7tydHJGDZUBQ,,,
2438,playlists,,Paralyzer,Finger Eleven,2007,https://open.spotify.com/track/28IEbk5a7twNTbUEvWslUb,,,
2439,playlists,,Just Feels Tight,FISHER,2021,https://open.spotify.com/track/2cegJfpyiaWXclqj5HRsZG,,,
2440,playlists,,Palm Beach Banga,FISHER,2022,https://open.spotify.com/track/5ys9prr50sDqyHBofCG1pA,Palm Beach; Banga,city; city,medium
2441,playlists,,Stay,FISHER,2025,https://open.spotify.com/track/74y1VgzL668hynrvA59WQB,,,
2442,playlists,,Wanna Go Dancin',FISHER,2020,https://open.spotify.com/track/2SweUwDKRlXeCDyaJddhWJ,,,
2443,playlists,,Ya Kidding,FISHER,2017,https://open.spotify.com/track/23u8Srx4MNpBjrM66Tj7On,,,
2444,playlists,,You Little Beauty,FISHER,2019,https://open.spotify.com/track/1gRQxbfL4ULWyTosgXSbWT,,,
2445,playlists,,Take It Off,"FISHER, Aatig",2023,https://open.spotify.com/track/0OUGLr0XvMg1uynU1tn6pq,,,
2446,playlists,,Ocean,"FISHER, AR/CO",2024,https://open.spotify.com/track/6jhAJgaS9OttFwP5Cn8WII,,,
2447,playlists,,Blackberries,"FISHER, bbyclose",2025,https://open.spotify.com/track/1QDpXIgR0U7ta48CwEYBeL,,,
2448,playlists,,HandClap,Fitz and The Tantrums,2016,https://open.spotify.com/track/0y3fi7fknIXOxnkbUgzT3n,,,
2449,playlists,,Story Time,Fivio Foreign,2021,https://open.spotify.com/track/10HF71PuUpSj45eENr2hxx,,,
2450,playlists,,Slime Them (feat. Lil Yachty),"Fivio Foreign, Lil Yachty",2022,https://open.spotify.com/track/15PbmOjutHh9O5IRp5yW6Z,,,
2451,playlists,,Bop It (feat. Polo G),"Fivio Foreign, Polo G, Kenny Beats",2020,https://open.spotify.com/track/0ASHuncZLdgqTcoGMIgUxR,,,
2452,playlists,,Magic City (feat. Quavo),"Fivio Foreign, Quavo",2022,https://open.spotify.com/track/6qHhHEBX3W1ahFasgShdih,,,
2453,playlists,,cellophane,FKA twigs,2019,https://open.spotify.com/track/7x8pIrhMu9FCmqqHNyuH0P,,,
2454,playlists,,Perfectly,FKA twigs,2025,https://open.spotify.com/track/2kTnXxFUsLjpdkCf4PEPKg,,,
2455,playlists,,Two Weeks,FKA twigs,2014,https://open.spotify.com/track/6V0LX0hP1S0qH513CChAKt,,,
2456,playlists,,holy terrain,"FKA twigs, Future",2019,https://open.spotify.com/track/0ND36delZlYUcwNaCk9Uf5,,,
2457,playlists,,Drums of Death,"FKA twigs, Koreless",2024,https://open.spotify.com/track/1xefwf39r1PWiOKS40Z31n,,,
2458,playlists,,tears in the club (feat. the weeknd),"FKA twigs, The Weeknd",2021,https://open.spotify.com/track/60wMNCIWYZwbOywZXgfQ9P,,,
2459,playlists,,The Meaning,"FKi 1st, Post Malone",2016,https://open.spotify.com/track/6BC5qv70s01qQpFyKSsuLV,,,
2460,playlists,,Risk,"FKJ, Bas",2019,https://open.spotify.com/track/2QDFsehUg5Fui2LOVpCw3Q,,,
2461,playlists,,Afterlife,Flatbush Zombies,2020,https://open.spotify.com/track/42dLRNmTqdwPZIiG0NRBWH,,,
2462,playlists,,Ask Courtney,Flatbush Zombies,2018,https://open.spotify.com/track/2nrwYWM1eUguD5F07SMmow,,,
2463,playlists,,Best American,Flatbush Zombies,2018,https://open.spotify.com/track/18QDjWQnHOyrHdM28Q2xYk,,,
2464,playlists,,Big Shrimp,Flatbush Zombies,2018,https://open.spotify.com/track/1gHC5zFCmKnjKDBtDBoUQZ,,,
2465,playlists,,Chunky,Flatbush Zombies,2018,https://open.spotify.com/track/1r1oITz34K73OEbz1ogvxk,,,
2466,playlists,,Headstone,Flatbush Zombies,2018,https://open.spotify.com/track/0PWP4LIOI5xjVkaWqES7ek,,,
2467,playlists,,HELL-O,Flatbush Zombies,2018,https://open.spotify.com/track/2swu91llDBxeb75tMETplV,,,
2468,playlists,,M. Bison,Flatbush Zombies,2018,https://open.spotify.com/track/0KjTPvyjSz7j2FS4ftKeCq,,,
2469,playlists,,New World Order,Flatbush Zombies,2018,https://open.spotify.com/track/5hymY2bRVvk9XabRFZF1ze,,,
2470,playlists,,Palm Trees,Flatbush Zombies,2013,https://open.spotify.com/track/1h29y63PqkBoEXbyiumalC,,,
2471,playlists,,Proxies,Flatbush Zombies,2018,https://open.spotify.com/track/5UYsSuc4S1pE5akZ6mjNyr,,,
2472,playlists,,Trapped,Flatbush Zombies,2018,https://open.spotify.com/track/4TUcevHtl39GI8qGqIDpGl,,,
2473,playlists,,YouAreMySunshine,Flatbush Zombies,2018,https://open.spotify.com/track/6w1xCFcN4NlXaqLAv1dYcv,,,
2474,playlists,,Leather Symphony (feat. A$AP Twelvyy),"Flatbush Zombies, A$AP Twelvyy",2018,https://open.spotify.com/track/0DsXQUA2OJW70LFmC95C7S,,,
2475,playlists,,Reel Girls (feat. Bun B),"Flatbush Zombies, Bun B",2018,https://open.spotify.com/track/2HEACm14WJGvQZpQ2TKoqK,,,
2476,playlists,,The Goddess (feat. Dave B.),"Flatbush Zombies, Dave B.",2018,https://open.spotify.com/track/352gVtB5hVJFWzjLfRsAJy,,,
2477,playlists,,The Glory (feat. Denzel Curry),"Flatbush Zombies, Denzel Curry",2018,https://open.spotify.com/track/58yJ902sAZLSNYzXKpyDM9,,,
2478,playlists,,U&I (feat. Dia),"Flatbush Zombies, Dia",2018,https://open.spotify.com/track/3DiCcOpGyqBzd2MDoUnD6K,,,
2479,playlists,,Facts (feat. Jadakiss),"Flatbush Zombies, Jadakiss",2018,https://open.spotify.com/track/1PNfhBdmFikFn4vkrwiq05,,,
2480,playlists,,Vacation (feat. Joey Bada$$),"Flatbush Zombies, Joey Bada$$",2018,https://open.spotify.com/track/3ZO6UxR61HavlXuyohc14T,,,
2481,playlists,,Misunderstood (feat. Nyck Caution),"Flatbush Zombies, Nyck Caution",2018,https://open.spotify.com/track/3nMnJUqpxlfX7j1E3BquKe,,,
2482,playlists,,Crown (feat. Portugal. The Man),"Flatbush Zombies, Portugal. The Man",2018,https://open.spotify.com/track/0kDHiwkrZutBHfjypFUzc2,,,
2483,playlists,,Don't Stop - 2004 Remaster,Fleetwood Mac,1977,https://open.spotify.com/track/4bEb3KE4mSKlTFjtWJQBqO,,,
2484,playlists,,Dreams - 2004 Remaster,Fleetwood Mac,1977,https://open.spotify.com/track/0ofHAoxe9vBkTCp2UQIavz,,,
2485,playlists,,Everywhere - 2017 Remaster,Fleetwood Mac,1987,https://open.spotify.com/track/254bXAqt3zP6P50BdQvEsq,,,
2486,playlists,,Future Games,Fleetwood Mac,1971,https://open.spotify.com/track/021JldNpXGATNSC69edcBT,,,
2487,playlists,,Go Your Own Way - 2004 Remaster,Fleetwood Mac,1977,https://open.spotify.com/track/07GvNcU1WdyZJq3XxP0kZa,,,
2488,playlists,,Gypsy - 2016 Remaster,Fleetwood Mac,1982,https://open.spotify.com/track/5J0aNEUTxJWKXnQmyY3vUp,,,
2489,playlists,,Landslide,Fleetwood Mac,1975,https://open.spotify.com/track/5ihS6UUlyQAfmp48eSkxuQ,,,
2490,playlists,,Monday Morning,Fleetwood Mac,1975,https://open.spotify.com/track/0qjfjKFoP7LaqLI2KI9M1Q,,,
2491,playlists,,Rhiannon,Fleetwood Mac,1988,https://open.spotify.com/track/5TWPfkeN07aERO0Yn2D2t2,,,
2492,playlists,,Say You Love Me,Fleetwood Mac,1975,https://open.spotify.com/track/6lrQo6KAYvb92MGk6ZuZlt,,,
2493,playlists,,Silver Springs - 2004 Remaster,Fleetwood Mac,1977,https://open.spotify.com/track/4nZi6XNe36Ut4Nij3IQ1yC,,,
2494,playlists,,The Chain - 2004 Remaster,Fleetwood Mac,1977,https://open.spotify.com/track/5e9TFTbltYBg2xThimr0rU,,,
2495,playlists,,Crave You,"Flight Facilities, Giselle",2014,https://open.spotify.com/track/4ESWJepzBtY2lR9oZDYVaP,,,
2496,playlists,,How I Move (feat. Lil Baby),"Flipp Dinero, Lil Baby",2019,https://open.spotify.com/track/0jBJIQuToUUOEx7JJkiPzm,,,
2497,playlists,,Keep It Warm,Flo & Eddie,1976,https://open.spotify.com/track/0LoMT7TGL2p2n1TFx1cNRT,,,
2498,playlists,,Whistle,Flo Rida,2012,https://open.spotify.com/track/3bC1ahPIYt1btJzSSEyyrF,,,
2499,playlists,,Right Round,"Flo Rida, Kesha",2009,https://open.spotify.com/track/3GpbwCm3YxiWDvy29Uo3vP,,,
2500,playlists,,Low (feat. T-Pain),"Flo Rida, T-Pain",2008,https://open.spotify.com/track/7jOuIhMrkiKj7bvYhRqaym,,,
2501,playlists,,In the Ayer (feat. will.I.am),"Flo Rida, will.i.am",2008,https://open.spotify.com/track/6RpiAj9Ofv0Uqp6n2OuRoh,,,
2502,playlists,,Long & Lost,Florence + The Machine,2015,https://open.spotify.com/track/5eSpqylqJdZPEX85nTGEVp,,,
2503,playlists,,H.O.L.Y.,Florida Georgia Line,2016,https://open.spotify.com/track/0BCy325UZyR9z0t0uxwn2N,,,
2504,playlists,,Soundclash,"Flosstradamus, TroyBoi",2015,https://open.spotify.com/track/2XFak3Sx0XCoXJpPt5TeeR,,,
2505,playlists,,Pepper,"Flowdan, Lil Baby, Skrillex",2023,https://open.spotify.com/track/0OCFIEsSrmKueOiPK6S3xq,,,
2506,playlists,,71m3,Flume,2019,https://open.spotify.com/track/0ey919whlLSELPSw6cItG6,,,
2507,playlists,,Amber,Flume,2019,https://open.spotify.com/track/38WzEVZO8ZSroX1RJxqERp,,,
2508,playlists,,Daze 22.00,Flume,2019,https://open.spotify.com/track/5sLoLqEFzmgq91nb6Q4cWv,,,
2509,playlists,,Dreamtime,Flume,2019,https://open.spotify.com/track/6exPfsexVWEsVf8MHsmASw,,,
2510,playlists,,Ecdysis,Flume,2019,https://open.spotify.com/track/1EFPehJv13my9zvLFzGE8Z,,,
2511,playlists,,Hi This Is Flume,Flume,2019,https://open.spotify.com/track/2qsEen3JNWQfEwZZRR2id6,,,
2512,playlists,,Holdin On,Flume,2013,https://open.spotify.com/track/6hj7rfEI1u8xIL60V1uUKt,,,
2513,playlists,,Jewel,Flume,2019,https://open.spotify.com/track/7cPO2IPraPDlGIguekShlV,,,
2514,playlists,,MUD,Flume,2019,https://open.spotify.com/track/425KAU2QSkjYhTSDcgIHjO,,,
2515,playlists,,Upgrade,Flume,2019,https://open.spotify.com/track/38I7MPiXXpx3pvqkEsF25W,,,
2516,playlists,,Vitality,Flume,2019,https://open.spotify.com/track/6bBAntbHP2JaLFpyeR3b46,,,
2517,playlists,,Wormhole,Flume,2019,https://open.spotify.com/track/0A2pSv44QouqvTdFyVpWoT,,,
2518,playlists,,╜φ°⌂▌╫§╜φ°⌂▌╫§╜φ°⌂▌╫§╜φ°⌂▌╫§╜φ°⌂▌╫§╜φ°⌂▌╫§╜φ°⌂▌╫§╜φ°⌂▌╫§╜φ°⌂▌╫§╜φ°⌂▌╫§╜φ°⌂▌╫§╜φ°⌂▌╫§╜φ°⌂▌╫§╜φ°⌂▌╫§╜φ°⌂▌╫§╜φ°⌂▌╫§╜φ°⌂▌╫§╜φ°⌂▌,Flume,2019,https://open.spotify.com/track/2YF4eWmwwFA8fkx2IE0djt,,,
2519,playlists,,Spring,"Flume, Eprom",2019,https://open.spotify.com/track/7CGeuhEwxg4edNO5eLLCxm,,,
2520,playlists,,High Beams,"Flume, HWLS, slowthai",2019,https://open.spotify.com/track/5JivFvyCCaznVexlRLpZqK,,,
2521,playlists,,How To Build A Relationship,"Flume, JPEGMAFIA",2019,https://open.spotify.com/track/1Ttu4TYbFIXYDFzOgfVedO,,,
2522,playlists,,Enough,"Flume, Pusha T",2017,https://open.spotify.com/track/57O9wvanius3PMAO2TlzEx,,,
2523,playlists,,Is It Cold In The Water? - Flume & Eprom Remix,"Flume, SOPHIE, Eprom",2019,https://open.spotify.com/track/5z4TlJ5NN7OQfEBq0InOvM,,,
2524,playlists,,Voices,"Flume, SOPHIE, KUČKA",2019,https://open.spotify.com/track/3Xuhi20r1A2FGQHAisL551,,,
2525,playlists,,The Difference,"Flume, Toro y Moi",2020,https://open.spotify.com/track/4nlvKIIetOWGIMyhjQXgOZ,,,
2526,playlists,,Smoke & Retribution (feat. Vince Staples & Kučka),"Flume, Vince Staples, KUČKA",2016,https://open.spotify.com/track/52WyhmhBgVbCuRJkJbLfTw,,,
2527,playlists,,2001 - Myd Remix,"Foals, Myd",2022,https://open.spotify.com/track/3n8VH7bl8Qh4RG3k5Kgngb,,,
2528,playlists,,All My Life,Foo Fighters,2002,https://open.spotify.com/track/6tsojOQ5wHaIjKqIryLZK6,,,
2529,playlists,,Learn to Fly,Foo Fighters,1999,https://open.spotify.com/track/5OQsiBsky2k2kDKy2bX2eT,,,
2530,playlists,,Remember the Name (feat. Styles of Beyond),"Fort Minor, Styles Of Beyond",2005,https://open.spotify.com/track/6ndmKwWqMozN2tcZqzCX4K,,,
2531,playlists,,Pumped Up Kicks,Foster The People,2011,https://open.spotify.com/track/7w87IxuO7BDcJ3YUqCyMTT,,,
2532,playlists,,Sit Next to Me,Foster The People,2017,https://open.spotify.com/track/4BdGO1CaObRD4La9l5Zanz,,,
2533,playlists,,Stacy's Mom,Fountains Of Wayne,2003,https://open.spotify.com/track/27L8sESb3KR79asDUBu8nW,,,
2534,playlists,,gold fronts (feat. Lil Wayne),"Fousheé, Lil Wayne",2021,https://open.spotify.com/track/7yOEBtOgzkgN52pfM7SOnm,,,
2535,playlists,,One Winter Morning,Fowler And Branca,2016,https://open.spotify.com/track/0ITLfQT4Jf913w5ucG6q3b,,,
2536,playlists,,Bad Religion,Frank Ocean,2012,https://open.spotify.com/track/2pMPWE7PJH1PizfgGRMnR9,,,
2537,playlists,,Cayendo (Side A - Acoustic),Frank Ocean,2020,https://open.spotify.com/track/72794Eag03xdy7TO0KNuid,,,
2538,playlists,,Chanel,Frank Ocean,2017,https://open.spotify.com/track/6Nle9hKrkL1wQpwNfEkxjh,,,
2539,playlists,,Crack Rock,Frank Ocean,2012,https://open.spotify.com/track/5lcyIeEfwZTs8Ajw3kdF7P,,,
2540,playlists,,Dear April (Side A - Acoustic),Frank Ocean,2020,https://open.spotify.com/track/62ljuuXo0zrcrtJnnOhfxT,,,
2541,playlists,,End,Frank Ocean,2012,https://open.spotify.com/track/05tFLPSXJ1BbqIXy4Jeqfh,,,
2542,playlists,,Fertilizer,Frank Ocean,2012,https://open.spotify.com/track/6jypaMkKsoc5npsVzxhksl,,,
2543,playlists,,Forrest Gump,Frank Ocean,2012,https://open.spotify.com/track/4YZbVct8l9MnAVIROnLQdx,,,
2544,playlists,,In My Room,Frank Ocean,2019,https://open.spotify.com/track/4S4Mfvv03M1cHgIOJcbUCL,,,
2545,playlists,,Ivy,Frank Ocean,2016,https://open.spotify.com/track/2ZWlPOoWh0626oTaHrnl2a,,,
2546,playlists,,Lens,Frank Ocean,2017,https://open.spotify.com/track/371H6HjS4SXGbQ9IVfFUIL,,,
2547,playlists,,Lost,Frank Ocean,2012,https://open.spotify.com/track/3GZD6HmiNUhxXYf8Gch723,,,
2548,playlists,,Monks,Frank Ocean,2012,https://open.spotify.com/track/0msrDPXxZpts4FRnoX0bFr,,,
2549,playlists,,Nights,Frank Ocean,2016,https://open.spotify.com/track/7eqoqGkKwgOaWNNHx90uEZ,,,
2550,playlists,,Nikes,Frank Ocean,2016,https://open.spotify.com/track/19YKaevk2bce4odJkP5L22,,,
2551,playlists,,Not Just Money,Frank Ocean,2012,https://open.spotify.com/track/3iW3y326xuRpNVXzOMBZy5,,,
2552,playlists,,Pilot Jones,Frank Ocean,2012,https://open.spotify.com/track/2ohegz9maxzroKBu9YhcCM,,,
2553,playlists,,Pink + White,Frank Ocean,2016,https://open.spotify.com/track/3xKsf9qdS1CyvXSMEid6g8,,,
2554,playlists,,Pyramids,Frank Ocean,2012,https://open.spotify.com/track/4QhWbupniDd44EDtnh2bFJ,,,
2555,playlists,,Self Control,Frank Ocean,2016,https://open.spotify.com/track/5GUYJTQap5F3RDQiCOJhrS,,,
2556,playlists,,Sierra Leone,Frank Ocean,2012,https://open.spotify.com/track/1HwbgJAU9PZ7YbzKgVgoIF,Sierra Leone,country,high
2557,playlists,,Start,Frank Ocean,2012,https://open.spotify.com/track/0GAE689kVy7sFT2QWZH1Xa,,,
2558,playlists,,Sweet Life,Frank Ocean,2012,https://open.spotify.com/track/6MEDfjHxnVNcYmHe3mM6L2,,,
2559,playlists,,Swim Good,Frank Ocean,2011,https://open.spotify.com/track/3CgZCQyuyxHRMWB9BTwmni,,,
2560,playlists,,Thinkin Bout You,Frank Ocean,2012,https://open.spotify.com/track/7DfFc7a6Rwfi3YQMRbDMau,,,
2561,playlists,,White Ferrari,Frank Ocean,2016,https://open.spotify.com/track/2LMkwUfqC6S6s6qDVlEuzV,,,
2562,playlists,,Pink Matter,"Frank Ocean, André 3000",2012,https://open.spotify.com/track/1fOkmYW3ZFkkjIdOZSf596,,,
2563,playlists,,Super Rich Kids,"Frank Ocean, Earl Sweatshirt",2012,https://open.spotify.com/track/0725YWm6Z0TpZ6wrNk64Eb,,,
2564,playlists,,Biking,"Frank Ocean, JAŸ-Z, Tyler, The Creator",2017,https://open.spotify.com/track/2q0VexHJirnUPnEOhr2DxK,,,
2565,playlists,,White,"Frank Ocean, John Mayer",2012,https://open.spotify.com/track/1VMdwVq0yaTc4DeqSCi7DO,,,
2566,playlists,,Out The Fire (At The Hotel) - Original Mix,"Franky Rizardo, Ros T, Eunice Collins",2021,https://open.spotify.com/track/5msQVXZyyV9CIZYaTjk7KG,,,
2567,playlists,,No You Girls,Franz Ferdinand,2009,https://open.spotify.com/track/4VP8QiCeaZq8BeTIUrMQOG,,,
2568,playlists,,Das geht ab - Wir feiern die ganze Nacht - Atzen Musik Mix,"Frauenarzt, Manny Marc",2009,https://open.spotify.com/track/2htzIJ4B3XBJteChnc1H3m,,,
2569,playlists,,places to be,"Fred again.., Anderson .Paak, CHIKA",2024,https://open.spotify.com/track/561pBFcFL2Pwb9HPO9tU8J,,,
2570,playlists,,leavemealone,"Fred again.., Baby Keem",2023,https://open.spotify.com/track/1MVqeIAwhD4T44AKVkIfic,,,
2571,playlists,,..FEISTY,"Fred again.., BIA",2025,https://open.spotify.com/track/0rn8BcTBTPGWb4NRCBST0k,,,
2572,playlists,,where will i be,"Fred again.., Emmylou Harris",2024,https://open.spotify.com/track/4S05mkyTtAiWy5l4umch0X,,,
2573,playlists,,ten,"Fred again.., Jozzy",2023,https://open.spotify.com/track/5QOBT97OmYCZo1W5u7tRrB,,,
2574,playlists,,stayinit,"Fred again.., Lil Yachty, Overmono",2024,https://open.spotify.com/track/6WS2TcsMEGOFtveWbtbuwZ,,,
2575,playlists,,adore u,"Fred again.., Obongjayar",2024,https://open.spotify.com/track/1rf4SX7dduNbrNnOmupLzi,,,
2576,playlists,,Victory Lap,"Fred again.., Skepta, PlaqueBoyMax",2025,https://open.spotify.com/track/1lbNgoJ5iMrMluCyhI4OQP,,,
2577,playlists,,Victory Lap Five,"Fred again.., Skepta, PlaqueBoyMax, Denzel Curry, Hanumankind, That Mexican OT, D Double E, LYNY",2022,https://open.spotify.com/track/7vV6MiU4BHLuNyu4P87z9k,,,
2578,playlists,,Baby again..,"Fred again.., Skrillex, Four Tet",2022,https://open.spotify.com/track/6dVgCHMZrWG0tQ4HPeu4aw,,,
2579,playlists,,Turn On The Lights again.. (feat. Future),"Fred again.., Swedish House Mafia, Future",2022,https://open.spotify.com/track/6gdDu39yYqPcaTgCwYEW8i,,,
2580,playlists,,Big Boss Rabbit,Freddie Gibbs,2021,https://open.spotify.com/track/26NyJM0Y3eXi4h07V7zQCC,,,
2581,playlists,,Rabbit Mode,Freddie Gibbs,2026,https://open.spotify.com/track/7tSvP9ABqDWwjSssEhpo9r,,,
2582,playlists,,Weight,Freddie Gibbs,2018,https://open.spotify.com/track/21QNvLDoeQS1G4FxRvZNBL,,,
2583,playlists,,4 Thangs (feat. Big Sean & Hit-Boy),"Freddie Gibbs, Hit-Boy, Big Sean",2022,https://open.spotify.com/track/78Tqi4M6TYBwqRvLDhOMOF,,,
2584,playlists,,Black Illuminati (feat. Jadakiss),"Freddie Gibbs, Jadakiss",2021,https://open.spotify.com/track/3HicZmZQqn09gi8xG7v9iZ,,,
2585,playlists,,Cataracts,"Freddie Gibbs, Madlib",2019,https://open.spotify.com/track/4SN5Kkig8iJ8vdwsOoP7IO,,,
2586,playlists,,Crime Pays,"Freddie Gibbs, Madlib",2019,https://open.spotify.com/track/4w5m4X0OZ2IslxNOgtntTN,,,
2587,playlists,,Fake Names,"Freddie Gibbs, Madlib",2019,https://open.spotify.com/track/4JnnZWtx4XB14vUX2MIh9I,,,
2588,playlists,,Flat Tummy Tea,"Freddie Gibbs, Madlib",2019,https://open.spotify.com/track/6eF5uKCQV2d0bhblAxLujV,,,
2589,playlists,,Practice,"Freddie Gibbs, Madlib",2019,https://open.spotify.com/track/5Dx5nWIf6QKWjLsLUCXoml,,,
2590,playlists,,Thuggin’,"Freddie Gibbs, Madlib",2014,https://open.spotify.com/track/6m192NGYZHIbO5UBkkM4oN,,,
2591,playlists,,Giannis (feat. Anderson .Paak),"Freddie Gibbs, Madlib, Anderson .Paak",2019,https://open.spotify.com/track/2fHIIgFA9r7oPDpeFZ7eOK,,,
2592,playlists,,Shame (feat. BJ The Chicago Kid),"Freddie Gibbs, Madlib, BJ The Chicago Kid",2014,https://open.spotify.com/track/5sesHCQziHg85y8dlnNWJC,,,
2593,playlists,,Palmolive (feat. Pusha T & Killer Mike),"Freddie Gibbs, Madlib, Pusha T, Killer Mike",2019,https://open.spotify.com/track/0w9aWiDqZPCOCOtRTLkTPd,,,
2594,playlists,,Too Much (feat. Moneybagg Yo),"Freddie Gibbs, Moneybagg Yo",2022,https://open.spotify.com/track/7pZeacKYnK4unCplCmI2qb,,,
2595,playlists,,Ice Cream (feat. Rick Ross),"Freddie Gibbs, Rick Ross",2022,https://open.spotify.com/track/2S9oc7DcLyDxKfJ8vY7SDi,,,
2596,playlists,,Gang Signs (feat. ScHoolboy Q),"Freddie Gibbs, ScHoolboy Q",2021,https://open.spotify.com/track/6snYsavG9vq3C7RGN98dst,,,
2597,playlists,,God Is Perfect,"Freddie Gibbs, The Alchemist",2020,https://open.spotify.com/track/5V9lnDn1hePoudMfKfCTNl,,,
2598,playlists,,Ensalada (feat. Anderson .Paak),"Freddie Gibbs, The Alchemist, Anderson .Paak",2025,https://open.spotify.com/track/06ZX08uRQDK02emdw9mN28,,,
2599,playlists,,Gangsta,"Free Nationals, A$AP Rocky, Anderson .Paak",2024,https://open.spotify.com/track/49oKnEjgRSs3DMXScEU2G1,,,
2600,playlists,,Time,"Free Nationals, Mac Miller, Kali Uchis",2019,https://open.spotify.com/track/05v5mPkLAOoa7M5tnXXOwq,,,
2601,playlists,,Lovin' Feeling,"French 79, Kid Francescoli",2016,https://open.spotify.com/track/5pxtj7cCnv2hZe6mbS2MBx,,,
2602,playlists,,Wiggle It (feat. City Girls),"French Montana, City Girls",2019,https://open.spotify.com/track/4vfsh1GHqHZtTlkusq9j5E,,,
2603,playlists,,No Shopping,"French Montana, Drake",2016,https://open.spotify.com/track/40E5efT6JgokV1plboHo1I,,,
2604,playlists,,No Stylist (feat. Drake),"French Montana, Drake",2018,https://open.spotify.com/track/04MLEeAMuV9IlHEsD8vF6A,,,
2605,playlists,,Panicking (with Fivio Foreign),"French Montana, Fivio Foreign",2021,https://open.spotify.com/track/3s35uW66tb8s9KfXBuEeXm,,,
2606,playlists,,Bricks & Bags,"French Montana, Harry Fraud, Jadakiss, Benny The Butcher",2022,https://open.spotify.com/track/3XhRkia2pZ0apnY1Yp2DfK,,,
2607,playlists,,Kind of Girl,"French Montana, Harry Fraud, Rick Ross",2022,https://open.spotify.com/track/39HH3TTdJOxcklLvocgemQ,,,
2608,playlists,,Touch The Sky (with John Legend & Rick Ross),"French Montana, John Legend, Rick Ross",2021,https://open.spotify.com/track/0lOwJsHPk6GsvChQ8C7j2l,,,
2609,playlists,,Twisted (feat. Logic & A$AP Rocky),"French Montana, Juicy J, Logic, A$AP Rocky",2019,https://open.spotify.com/track/5xEWiG0ug0rOymOjlzSGzx,,,
2610,playlists,,Okay,"French Montana, Lil Baby, ATL Jacob",2023,https://open.spotify.com/track/0VJXWgw0GWsprapvlpbuyu,,,
2611,playlists,,Pop That,"French Montana, Rick Ross, Drake, Lil Wayne",2013,https://open.spotify.com/track/3Jv1XgMPVjdN5xGfnRJ20s,,,
2612,playlists,,Unforgettable,"French Montana, Swae Lee",2017,https://open.spotify.com/track/1F2HXIJrE2Xn81OzT2zZvW,,,
2613,playlists,,Wish U Well,"French Montana, Swae Lee, Lojay, Jess Glynne",2023,https://open.spotify.com/track/6BWI8WNmCwYHfJC5BLvks4,,,
2614,playlists,,Cold (feat. Tory Lanez),"French Montana, Tory Lanez",2020,https://open.spotify.com/track/5wMh9hhqKQ4JfqLuvqAC7s,,,
2615,playlists,,Travis! (Niagara Falls),friz.Leaks,2020,https://open.spotify.com/track/3GxnEKywnYz1O6V3gLsqOv,Niagara; Niagara Falls,landmark; pattern,high
2616,playlists,,RADIO (feat. Kim Petras),"Frost Children, Kim Petras",2025,https://open.spotify.com/track/648EfIeWCsM2ssgEAB3s4k,,,
2617,playlists,,Fu-Gee-La,"Fugees, Ms. Lauryn Hill, Wyclef Jean, Pras",1996,https://open.spotify.com/track/1rJM37Dd4OcSJvzI84yCcP,,,
2618,playlists,,Ready or Not,"Fugees, Ms. Lauryn Hill, Wyclef Jean, Pras",1996,https://open.spotify.com/track/3vZO25GdYuqFrR1kzZADnp,,,
2619,playlists,,31 DAYS,Future,2018,https://open.spotify.com/track/7MywASx2OFZngfoORjo1yy,,,
2620,playlists,,712PM,Future,2022,https://open.spotify.com/track/1YWE7cMqo4iVNdPTpH4Khj,,,
2621,playlists,,Accepting My Flaws,Future,2020,https://open.spotify.com/track/6n6CmyLTCIXJCPZnv7h2rn,,,
2622,playlists,,Afterlife,Future,2018,https://open.spotify.com/track/4hEbkVAl2qRs8vZy03tsDi,,,
2623,playlists,,Ain't Coming Back,Future,2019,https://open.spotify.com/track/0SCEdR34DyPTgNWvho3zLF,,,
2624,playlists,,BACK TO THE BASICS,Future,2022,https://open.spotify.com/track/7lKXLwSddyhTuKZL8mayAy,,,
2625,playlists,,Baptiize,Future,2019,https://open.spotify.com/track/01sjbEk3X7KNXFvXXXN5MY,,,
2626,playlists,,Call the Coroner,Future,2019,https://open.spotify.com/track/1WlU4jsJ8AoTB96dgd8LJA,,,
2627,playlists,,Codeine Crazy,Future,2014,https://open.spotify.com/track/0joQFwiBKmi6X1Iq5R1ubH,,,
2628,playlists,,Crushed Up,Future,2019,https://open.spotify.com/track/7wcyO1rrH3Ru4t659IjG41,,,
2629,playlists,,CUDDLE MY WRIST,Future,2018,https://open.spotify.com/track/5UVNjOSh27encRBqTpBWup,,,
2630,playlists,,Draco,Future,2017,https://open.spotify.com/track/67dyMPOUsbZ9Yg06PnfAAh,,,
2631,playlists,,Extra,Future,2019,https://open.spotify.com/track/6z6YV7ANb27fmra1O3wAOD,,,
2632,playlists,,F&N,Future,2019,https://open.spotify.com/track/5YP6yKgGGsXKukqxXypVAf,,,
2633,playlists,,Faceshot,Future,2019,https://open.spotify.com/track/5R2pz8i4k4bvRAqiIFXzKz,,,
2634,playlists,,Feds Did a Sweep,Future,2017,https://open.spotify.com/track/7sMBRW8Y8iL19IchYMAogN,,,
2635,playlists,,Flip,Future,2017,https://open.spotify.com/track/1RLRjT3mBJ7PW83rIvE2bu,,,
2636,playlists,,Fresh Air,Future,2017,https://open.spotify.com/track/70nMgdn0StiYRaDqTGJeCO,,,
2637,playlists,,Goin Dummi,Future,2019,https://open.spotify.com/track/6QFzUXTIZXOLesQcgmGOsR,,,
2638,playlists,,Good Dope,Future,2017,https://open.spotify.com/track/3yaq0WhtGS0Y6r7vDkw4lc,,,
2639,playlists,,Government Official,Future,2019,https://open.spotify.com/track/2QEnZJ8FwpBoyLKcFcgceT,,,
2640,playlists,,HATE THE REAL ME,Future,2018,https://open.spotify.com/track/4pXiV088jJbJzQgU9XcZXQ,,,
2641,playlists,,High Demand,Future,2017,https://open.spotify.com/track/3CyICSGQGqUaFeYvMJgpnt,,,
2642,playlists,,I Serve the Base,Future,2015,https://open.spotify.com/track/1Rq4GtIucW9CAcF8B6PAbW,,,
2643,playlists,,I'm so Groovy,Future,2017,https://open.spotify.com/track/4lozYCMRLtEc46exlhoK2Q,,,
2644,playlists,,Incredible,Future,2017,https://open.spotify.com/track/3IJPE9ICRq5PxVZxdv1sEv,,,
2645,playlists,,Jumpin on a Jet,Future,2019,https://open.spotify.com/track/1I3ZAmPmbFV78oNKnibOiW,,,
2646,playlists,,Krazy but True,Future,2019,https://open.spotify.com/track/465mhRDuwxjrJ61UrvRvrZ,,,
2647,playlists,,Love Thy Enemies,Future,2019,https://open.spotify.com/track/6voLIzmNKZ9ZN53rQ4yQn1,,,
2648,playlists,,Mask Off,Future,2017,https://open.spotify.com/track/3rOSwuTsUlJp0Pu0MkN8r8,,,
2649,playlists,,Massage In My Room,Future,2017,https://open.spotify.com/track/2Yimo750CLgO2mDPPndSK6,,,
2650,playlists,,MASSAGING ME,Future,2022,https://open.spotify.com/track/5hs2urSRIvZbmcQwvxEtat,,,
2651,playlists,,Might as Well,Future,2017,https://open.spotify.com/track/572NmogOEHowA9JdNqh036,,,
2652,playlists,,Never Stop,Future,2019,https://open.spotify.com/track/1AGPmw3QJBNfOK6XioDhZp,,,
2653,playlists,,Outer Space Bih,Future,2020,https://open.spotify.com/track/6b3i6FDLfhuB3OB8zeANrH,,,
2654,playlists,,Outta Time,Future,2017,https://open.spotify.com/track/133V82vMO7TB1WYehNUMwW,,,
2655,playlists,,Overdose,Future,2019,https://open.spotify.com/track/5OUHuypXfqeKaHNO44ojio,,,
2656,playlists,,Please Tell Me,Future,2019,https://open.spotify.com/track/4ANFPo7dzs2DdPuONXC9bp,,,
2657,playlists,,POA,Future,2017,https://open.spotify.com/track/7BzjpnOxxngXt1LZiVXhND,,,
2658,playlists,,Poppin' Tags,Future,2017,https://open.spotify.com/track/77zIq99gy96DGkMak3a2wF,,,
2659,playlists,,Pray For A Key,Future,2020,https://open.spotify.com/track/5D2M4HrTJjrksPGDOKa3tY,,,
2660,playlists,,Promise U That,Future,2019,https://open.spotify.com/track/7EB2UpfRbS4QVjZQlKLi3Z,,,
2661,playlists,,PUFFIN ON ZOOTIEZ,Future,2022,https://open.spotify.com/track/5qgFgsrrxOjyPmX5YCuK2E,,,
2662,playlists,,RACKS BLUE,Future,2018,https://open.spotify.com/track/4lc61NBCDzy2srBHDQeTfN,,,
2663,playlists,,RED LIGHT,Future,2018,https://open.spotify.com/track/3AALcuKu2uN5VChEChnD7v,,,
2664,playlists,,Rent Money,Future,2017,https://open.spotify.com/track/4Zxdw0Hno7YDu0IzvY76Qo,,,
2665,playlists,,Rocket Ship,Future,2019,https://open.spotify.com/track/4HfaOznGhHYWqPtpLYz2PB,,,
2666,playlists,,Scrape,Future,2017,https://open.spotify.com/track/3s2rQnjOKEENte75MloNMq,,,
2667,playlists,,Servin Killa Kam,Future,2019,https://open.spotify.com/track/5FWyHjKMW85oZoqgG1zD9b,,,
2668,playlists,,Shotgun,Future,2019,https://open.spotify.com/track/3TirmOKwMAD738H0DOVrB9,,,
2669,playlists,,SOME MORE,Future,2018,https://open.spotify.com/track/5sT2yQrTJbs0aubnGwuuiw,,,
2670,playlists,,St. Lucia,Future,2019,https://open.spotify.com/track/4lrSsZ9nRgkrHXekhM8Fy0,,,
2671,playlists,,Stick to the Models,Future,2019,https://open.spotify.com/track/0F7FlaQBiyNkV8iakTocsW,,,
2672,playlists,,Super Trapper,Future,2017,https://open.spotify.com/track/5e0RPsQUTQu0A29wqD6bZR,,,
2673,playlists,,Talk Shit Like a Preacher,Future,2019,https://open.spotify.com/track/2aR4gdgyCgacqHGqUZ91YS,,,
2674,playlists,,Temptation,Future,2019,https://open.spotify.com/track/2gXOzCwbVXACCaYRj4Qrep,,,
2675,playlists,,The Percocet & Stripper Joint,Future,2015,https://open.spotify.com/track/1yCVsVH2hQ72SxNI8QTDaB,,,
2676,playlists,,Too Comfortable,Future,2020,https://open.spotify.com/track/0biVzpdI2z0vAxwfU9xuuA,,,
2677,playlists,,Tricks on Me,Future,2019,https://open.spotify.com/track/2HEsewd9dzzLg4751JIS4p,,,
2678,playlists,,Turn On The Lights,Future,2012,https://open.spotify.com/track/4U8hMes3PqpsLJBeMXD71p,,,
2679,playlists,,Up the River,Future,2020,https://open.spotify.com/track/5i8AHhRU9tfp8c3drQetaa,,,
2680,playlists,,WHEN I THINK ABOUT IT,Future,2018,https://open.spotify.com/track/7JrAZVBsIxO42bLi9HnRYp,,,
2681,playlists,,When I Was Broke,Future,2017,https://open.spotify.com/track/4IcwdrlHrNF7IxMMMloEBh,,,
2682,playlists,,Wicked,Future,2016,https://open.spotify.com/track/6BbINUfGabVyiNFJpQXn3x,,,
2683,playlists,,WIFI LIT,Future,2018,https://open.spotify.com/track/6WlxcZKpEV6Bwe9InoVhMp,,,
2684,playlists,,WORST DAY,Future,2022,https://open.spotify.com/track/70pwY1UfPmSVE3ybPjFy0p,,,
2685,playlists,,XanaX Damage,Future,2019,https://open.spotify.com/track/3tZ4zv4UuenjJGSNUMfBNG,,,
2686,playlists,,Zoom,Future,2017,https://open.spotify.com/track/7iAiOtm19uRwipMm7TH6lw,,,
2687,playlists,,Benz Friendz (Whatchutola) (feat. André 3000),"Future, André 3000",2014,https://open.spotify.com/track/4E7H6rqgxHdSoeGSS28CTY,,,
2688,playlists,,100 Shooters (feat. Meek Mill),"Future, Doe Boy, Meek Mill",2019,https://open.spotify.com/track/2j7mcsEz4n5XxMMqqjjB6p,,,
2689,playlists,,Life Is Good (feat. Drake),"Future, Drake",2020,https://open.spotify.com/track/5yY9lUy8nbvjM1Uyo1Uqoc,,,
2690,playlists,,WAIT FOR U (feat. Drake & Tems),"Future, Drake, Tems",2022,https://open.spotify.com/track/1NUSXgqkenc0sP7idI2s8g,,,
2691,playlists,,D4L,"Future, Drake, Young Thug",2020,https://open.spotify.com/track/5fHrHoJKfCgBd35zwIBmUK,,,
2692,playlists,,7 Am Freestyle,"Future, Juice WRLD",2018,https://open.spotify.com/track/1hHe7cirScEJWgAS0JFqTL,,,
2693,playlists,,Astronauts,"Future, Juice WRLD",2018,https://open.spotify.com/track/2vs5ubqg8QUbfyWZpMfvWe,,,
2694,playlists,,Fine China,"Future, Juice WRLD",2018,https://open.spotify.com/track/5274I4mUMnYczyeXkGDWZN,China,country,medium
2695,playlists,,Hard Work Pays Off,"Future, Juice WRLD",2018,https://open.spotify.com/track/6gzIcEUuswJQGfJNPYMjjv,,,
2696,playlists,,No Issue,"Future, Juice WRLD",2018,https://open.spotify.com/track/7L95O7D34EWhwtDCQkwGMR,,,
2697,playlists,,Realer N Realer,"Future, Juice WRLD",2018,https://open.spotify.com/track/4VMiNOpnjRwSCwmHaUfOMM,,,
2698,playlists,,Shorty,"Future, Juice WRLD",2018,https://open.spotify.com/track/5ExHDzOoOhC4xZGPh9zyQZ,,,
2699,playlists,,WRLD On Drugs,"Future, Juice WRLD",2018,https://open.spotify.com/track/3xBHLZwRfi0fjO9euaj5zf,,,
2700,playlists,,Ain't Livin Right (feat. Gunna),"Future, Juice WRLD, Gunna",2018,https://open.spotify.com/track/0JR7iZZ6Ql79sXW3rbiS3F,,,
2701,playlists,,Jet Lag (feat. Young Scooter),"Future, Juice WRLD, Young Scooter",2018,https://open.spotify.com/track/2OsDoAzo5SGq10qwmKSQBv,,,
2702,playlists,,Red Bentley (feat. Young Thug),"Future, Juice WRLD, Young Thug",2018,https://open.spotify.com/track/3fFBZvG777xoKyvcrBq7lc,Bentley,city,medium
2703,playlists,,Different (feat. Yung Bans),"Future, Juice WRLD, Yung Bans",2018,https://open.spotify.com/track/3thLnNvO9IctWoccbsZyJV,,,
2704,playlists,,KEEP IT BURNIN (feat. Kanye West),"Future, Kanye West",2022,https://open.spotify.com/track/4Ew8VKrbgrjCt9r2AuItFm,,,
2705,playlists,,VOODOO (feat. Kodak Black),"Future, Kodak Black",2022,https://open.spotify.com/track/1i1G1sKzBDraMBPKuAMtRO,,,
2706,playlists,,Last Name (feat. Lil Durk),"Future, Lil Durk",2019,https://open.spotify.com/track/1wTH87zcNcR4vn1iJLDv0c,,,
2707,playlists,,Oxy (feat. Lil Wayne),"Future, Lil Wayne",2018,https://open.spotify.com/track/0nWMTq3fBceV1uZlhFn6of,,,
2708,playlists,,This Sunday,"Future, Metro Boomin",2024,https://open.spotify.com/track/5pF8pF6U8ZDGTQmTY71hYn,,,
2709,playlists,,Like That,"Future, Metro Boomin, Kendrick Lamar",2024,https://open.spotify.com/track/2tudvzsrR56uom6smgOcSf,,,
2710,playlists,,Everyday Hustle,"Future, Metro Boomin, Rick Ross",2024,https://open.spotify.com/track/3Vg7nPYlOrCkcV1abKbRQ1,,,
2711,playlists,,Always Be My Fault,"Future, Metro Boomin, The Weeknd",2024,https://open.spotify.com/track/1FIwzmULOKGNmo5bOJqW0P,,,
2712,playlists,,Cinderella,"Future, Metro Boomin, Travis Scott",2024,https://open.spotify.com/track/0hKtu53OlIFXVuYkZwcn3o,,,
2713,playlists,,Transformer (feat. Nicki Minaj),"Future, Nicki Minaj",2018,https://open.spotify.com/track/2MfcvcvWSUkstTDZXYIakq,,,
2714,playlists,,No Shame,"Future, PARTYNEXTDOOR",2018,https://open.spotify.com/track/0X1E66rZySEgEOP9LTC1y4,,,
2715,playlists,,Comin Out Strong (feat. The Weeknd),"Future, The Weeknd",2017,https://open.spotify.com/track/3mRcWCyteY2133a7xVMrYw,,,
2716,playlists,,Low Life (feat. The Weeknd),"Future, The Weeknd",2016,https://open.spotify.com/track/7EiZI6JVHllARrX9PUvAdX,,,
2717,playlists,,First Off (feat. Travis Scott),"Future, Travis Scott",2019,https://open.spotify.com/track/3WRIaWsws011vHMd9uzPjG,,,
2718,playlists,,DOH DOH (feat. Young Scooter),"Future, Young Scooter",2018,https://open.spotify.com/track/0U06Yqe0nkkJlptlr7O4uO,,,
2719,playlists,,Mink Flow,"Future, Young Thug",2017,https://open.spotify.com/track/1KF7iLK6wK3hjjtqxjRiym,,,
2720,playlists,,Unicorn Purp (feat. Young Thug & Gunna),"Future, Young Thug, Gunna",2019,https://open.spotify.com/track/2U3LJfQB0ALLxC7Yy0QW7l,,,
2721,playlists,,Patek Water (feat. Offset),"Future, Young Thug, Offset",2017,https://open.spotify.com/track/7r6LNJT2LqpLpEyZQJPygt,,,
2722,playlists,,Bag,"Future, Yung Bans",2018,https://open.spotify.com/track/54eAFbL6XaeAOfGnmcwtjS,,,
2723,playlists,,Glass in the Face,"G Herbo, A Boogie Wit da Hoodie",2020,https://open.spotify.com/track/414fIBz9pQgFWkKwSFbMQH,,,
2724,playlists,,PTSD,"G Herbo, Juice WRLD, Lil Uzi Vert, Chance the Rapper",2020,https://open.spotify.com/track/3jT2LKH0RSbQ8jIUNFzXm5,,,
2725,playlists,,Calm Down,G-Eazy,2015,https://open.spotify.com/track/7xq3uN2toVZ8IbNzfTucyJ,,,
2726,playlists,,Free Porn Cheap Drugs,G-Eazy,2020,https://open.spotify.com/track/2NSCi7JG99IZgJPAk0T74G,,,
2727,playlists,,Random,G-Eazy,2015,https://open.spotify.com/track/422lAAWQO9TqL1LxIPdhOn,,,
2728,playlists,,Stan By Me,G-Eazy,2020,https://open.spotify.com/track/6kwFW9NEAmnQdLeU5Tvu6V,,,
2729,playlists,,The Announcement (Sex Drugs & Rock and Roll),G-Eazy,2021,https://open.spotify.com/track/4OiBN3pUfo2ykf2xaEHWA6,,,
2730,playlists,,You Got Me,G-Eazy,2015,https://open.spotify.com/track/4ztaHDRJVuQe61KVCIpgqw,,,
2731,playlists,,No Limit,"G-Eazy, A$AP Rocky, Cardi B",2017,https://open.spotify.com/track/2Xqd0wUttjueBfdcltADOv,,,
2732,playlists,,"Me, Myself & I","G-Eazy, Bebe Rexha",2015,https://open.spotify.com/track/40YcuQysJ0KlGQTeGUosTC,,,
2733,playlists,,West Coast,"G-Eazy, Blueface",2019,https://open.spotify.com/track/2O8gSQ9z52tZSLJnuzjkcG,West Coast,region,high
2734,playlists,,Provide (feat. Chris Brown & Mark Morrison),"G-Eazy, Chris Brown, Mark Morrison",2021,https://open.spotify.com/track/0tQmgwFKw9069z1BXniOiA,,,
2735,playlists,,Tumblr Girls (feat. Christoph Andersson),"G-Eazy, Christoph Andersson",2014,https://open.spotify.com/track/4Fv6wNYUixnYkj3Dgfrls8,,,
2736,playlists,,Let's Get Lost (feat. Devon Baldwin),"G-Eazy, Devon Baldwin",2014,https://open.spotify.com/track/5DSr1NMci58MEgS20vivSL,,,
2737,playlists,,Loaded (Bonus Track) [feat. DJ Carnage],"G-Eazy, Dj Carnage",2012,https://open.spotify.com/track/6uz0z5oMeC8QWfTHeR5qlF,,,
2738,playlists,,Years To Go (feat. Goody Grace),"G-Eazy, Goody Grace",2020,https://open.spotify.com/track/6wautI9lMGKOj3CHf4UYVJ,,,
2739,playlists,,I Wanna Rock (feat. Gunna),"G-Eazy, Gunna",2019,https://open.spotify.com/track/3xB5uHrhe0uaIxNGf3JwZA,,,
2740,playlists,,Moana,"G-Eazy, Jack Harlow",2020,https://open.spotify.com/track/1Tfxi7N3DW4zvAuVjt9g8X,Moaña,city,medium
2741,playlists,,Some Kind Of Drug (feat. Marc E. Bassy),"G-Eazy, Marc E. Bassy",2015,https://open.spotify.com/track/1Bqxj0aH5KewYHKUg1IdrF,,,
2742,playlists,,Demons & Angels (feat. Miguel & The Game),"G-Eazy, Miguel, The Game",2019,https://open.spotify.com/track/0aE5DepeLJasmwopj3VI9G,,,
2743,playlists,,Think About You (feat. Quiñ),"G-Eazy, QUIN",2015,https://open.spotify.com/track/76cdpJtbucm5LkjJ073uwP,,,
2744,playlists,,I Mean It (feat. Remo),"G-Eazy, Remo the Hitmaker",2014,https://open.spotify.com/track/6jmTHeoWvBaSrwWttr8Xvu,,,
2745,playlists,,Lifestyles of the Rich & Hated (feat. Rick Ross),"G-Eazy, Rick Ross",2020,https://open.spotify.com/track/1KvKPSssiIgALGatBVmlCj,,,
2746,playlists,,Love You Like I Do (feat. RITTYBO & Jammy),"G-Eazy, RITTYBO, Jammy",2020,https://open.spotify.com/track/0259HVL0Yxn7v8mbDZK2Zo,,,
2747,playlists,,Of All Things (feat. Too $hort),"G-Eazy, Too $hort",2015,https://open.spotify.com/track/26jrY21NkSefFPxpndtu4z,,,
2748,playlists,,Still Be Friends (feat. Tory Lanez & Tyga),"G-Eazy, Tory Lanez, Tyga",2020,https://open.spotify.com/track/0JjM9bKm4wrwohMslcm892,,,
2749,playlists,,Tweaker,G3 GELO,2025,https://open.spotify.com/track/5nk6BxN9bM5rLNkA3pMOzn,,,
2750,playlists,,GPS,"Galimatias, Bas",2020,https://open.spotify.com/track/6OUbnzVgRYNWOj71MfkfDR,,,
2751,playlists,,The Feeling,"Gammer, Henry Fong",2020,https://open.spotify.com/track/4t9aVhB3mYRqk2H3BgHRS4,,,
2752,playlists,,Full Clip,Gang Starr,1999,https://open.spotify.com/track/30oTS7bm0aH3p7lqjEIu8q,,,
2753,playlists,,Moment Of Truth,Gang Starr,1998,https://open.spotify.com/track/1fotoYONO343JjbC8XvPSl,,,
2754,playlists,,Work,Gang Starr,1999,https://open.spotify.com/track/0FzxHygj55RdtuNhmSyGe5,,,
2755,playlists,,Family and Loyalty,"Gang Starr, J. Cole",2019,https://open.spotify.com/track/5tHf0v419Ia09AS9sEK6iF,,,
2756,playlists,,Mo Murder,Gangsta Pat,1995,https://open.spotify.com/track/6jbIanykUHUeJfADQqCXWI,,,
2757,playlists,,Running Away (feat. Devault & Seb Torgus),"GASHI, Devault, Seb Torgus",2020,https://open.spotify.com/track/2t5z06k2w9ghTfk1Z3qw4o,,,
2758,playlists,,Wolf Adds,"Gatsby Global, Amir Obe",2020,https://open.spotify.com/track/7H1GRaJopzsETf0Gqtdbx3,,,
2759,playlists,,"California (From ""The OC"")",Geek Music,2021,https://open.spotify.com/track/02JHoFePpcjbRnkEj3GdK8,California,us_state,high
2760,playlists,,Everything You Have Done - Meduza Edit,"GENESI, MEDUZA",2023,https://open.spotify.com/track/5ooCfBqZyTB5CTdu1x7S77,,,
2761,playlists,,Get Inspired,Genesis Owusu,2022,https://open.spotify.com/track/4Og0uXMYqouN7xOQ7u8jiW,,,
2762,playlists,,Good Times,Genesis Owusu,2019,https://open.spotify.com/track/0XzbAAWtu0zx6bnDbBUcOs,,,
2763,playlists,,Leaving The Light,Genesis Owusu,2023,https://open.spotify.com/track/27cBRq5YMm5D1B1nygzetD,,,
2764,playlists,,WUTD,Genesis Owusu,2019,https://open.spotify.com/track/6WuoAqaiIfhgA4ftXLFiX5,,,
2765,playlists,,Drown,"Genesis Owusu, Kirin J Callinan",2021,https://open.spotify.com/track/0Qlme3TfbUXg7AhD9ioTz3,,,
2766,playlists,,Swinger,Geordie Kieffer,2020,https://open.spotify.com/track/5BkSWgMZxOECIk8qaDJRwh,,,
2767,playlists,,Screen Cleaner,George Daniel,2024,https://open.spotify.com/track/0Mov1mEZkKFHTGgFiO3ONa,,,
2768,playlists,,My Sweet Lord - Remastered 2014,George Harrison,1970,https://open.spotify.com/track/0qdQUeKVyevrbKhAo0ibxS,,,
2769,playlists,,Call Me Your Girl,"George Reid, AlunaGeorge",2026,https://open.spotify.com/track/04ha4Efmnh5JmQnaSFmmRq,,,
2770,playlists,,Baker Street,Gerry Rafferty,1978,https://open.spotify.com/track/5gOd6zDC8vhlYjqbQdJVWP,Baker Street,street,high
2771,playlists,,Right Down the Line,Gerry Rafferty,1978,https://open.spotify.com/track/2Xb6wJYGi0QXwURw5WWvI5,,,
2772,playlists,,Blast Off (feat. Pharrell Williams),"Gesaffelstein, Pharrell Williams",2019,https://open.spotify.com/track/095nyFKlTwa9JIp9cVrHOF,,,
2773,playlists,,Lost in the Fire,"Gesaffelstein, The Weeknd",2019,https://open.spotify.com/track/7wFybC8jBH3zE139OpCtpG,,,
2774,playlists,,My Mind Playin Tricks On Me,Geto Boys,1992,https://open.spotify.com/track/6tc1IhhVqycGqPOmlU6rB6,,,
2775,playlists,,Mercury: Retrograde,Ghostemane,2017,https://open.spotify.com/track/2Vc6NJ9PW9gD9q343XFRKx,,,
2776,playlists,,Death by Dishonor,"Ghostemane, Shakewell, Pouya, Erick the Architect",2017,https://open.spotify.com/track/5VphpldmtVyZH6S8RpHWLT,,,
2777,playlists,,Scar Tissue,"Ghostface Killah, Nas",2024,https://open.spotify.com/track/2CtPYcGvQB8620WDFRnlmH,,,
2778,playlists,,L'Amour Toujours,GIGI D'AGOSTINO,2001,https://open.spotify.com/track/52LJ3hyknOijCrE5gCD0rE,,,
2779,playlists,,10 Drunk Cigarettes,Girly Girl Productions,2024,https://open.spotify.com/track/5vIwBZkII3rL0dalzrma0F,,,
2780,playlists,,Heartbreak Anniversary,GIVĒON,2020,https://open.spotify.com/track/3FAJ6O0NOHQV8Mc5Ri6ENp,,,
2781,playlists,,Gooey,Glass Animals,2014,https://open.spotify.com/track/1gk3FhAV07q9Jg77UxnVjX,,,
2782,playlists,,Heat Waves,Glass Animals,2020,https://open.spotify.com/track/3USxtqRwSYz57Ewm6wWRMp,,,
2783,playlists,,Youth,Glass Animals,2016,https://open.spotify.com/track/1LPGwuFgIzbJoShfDdw7MY,,,
2784,playlists,,Tokyo Drifting (with Denzel Curry),"Glass Animals, Denzel Curry",2019,https://open.spotify.com/track/3AHqaOkEFKZ6zEHdiplIv7,Tokyo,city,high
2785,playlists,,Southern Nights,Glen Campbell,1977,https://open.spotify.com/track/7kv7zBjMtVf0eIJle2VZxn,,,
2786,playlists,,The Sound Of San Francisco - Progressive Album Mix,Global Deejays,2005,https://open.spotify.com/track/60tsXfCcG6Ljxsr8whOXL5,San Francisco,city,high
2787,playlists,,Conga,"Gloria Estefan, Miami Sound Machine",1990,https://open.spotify.com/track/3DjP8yo25Uk89IkGdLNWbH,,,
2788,playlists,,I Will Survive - Rerecorded,Gloria Gaynor,2008,https://open.spotify.com/track/2DX0WG5OGLQLaXb41Cq1IA,,,
2789,playlists,,Crazy,Gnarls Barkley,2006,https://open.spotify.com/track/2N5zMZX7YeL1tico8oQxa9,,,
2790,playlists,,On the Inside (feat. 21 Savage),"Godfather of Harlem, 21 Savage",2019,https://open.spotify.com/track/5ZHbT8BXYY7Gq9S5HURfwV,,,
2791,playlists,,No Patience (feat. Pusha T & Swizz Beatz),"Godfather of Harlem, Pusha T, Swizz Beatz",2019,https://open.spotify.com/track/2BKei8vzg5QFN6pzRhUGyy,,,
2792,playlists,,"Street Opera (Swizz Beatz feat. SAINt JHN, Fivio Foreign & BIA)","Godfather of Harlem, Swizz Beatz, SAINt JHN, Fivio Foreign, BIA",2023,https://open.spotify.com/track/7qYGNevCXJh3xOzmr3XvyK,,,
2793,playlists,,Fall in Love,Gold Hippy,2017,https://open.spotify.com/track/5Ei3KbDcslKDBmsbzcL2UQ,,,
2794,playlists,,//error,GoldLink,2019,https://open.spotify.com/track/0UntHP0WH8l247JkR2FfBh,,,
2795,playlists,,Ay Ay,GoldLink,2014,https://open.spotify.com/track/2OFQb1abuWOhOx3ASEbgcT,,,
2796,playlists,,Ay Ay (Flow-Fi Remix),GoldLink,2014,https://open.spotify.com/track/6mzKuxh4XvKr47A0Ponx95,,,
2797,playlists,,Bedtime Story,GoldLink,2014,https://open.spotify.com/track/2oHxuNlj8cdpqxpum3DWkj,,,
2798,playlists,,Cntrl,GoldLink,2014,https://open.spotify.com/track/3D6FPNOCxVlYu4v3e331Xk,,,
2799,playlists,,Dance On Me,GoldLink,2015,https://open.spotify.com/track/33IVR1K4pJBIhN3JMTgJTs,,,
2800,playlists,,Divine (feat. Kali Uchis),GoldLink,2014,https://open.spotify.com/track/5mYSYjfxGVz2y1TOEQTQdf,,,
2801,playlists,,Fuck Being Polite,GoldLink,2014,https://open.spotify.com/track/0wKyxkRnsx9pTU25zuGGcZ,,,
2802,playlists,,Hip Hop Interlude,GoldLink,2014,https://open.spotify.com/track/15BCEjS2LARPPazBPSRGxI,,,
2803,playlists,,How It's Done,GoldLink,2014,https://open.spotify.com/track/0CuckhWGTpDkPSUzvL49oK,,,
2804,playlists,,Kokamoe Freestyle,GoldLink,2017,https://open.spotify.com/track/4wLJNd3zIfm68rMi36JtY4,,,
2805,playlists,,Maniac,GoldLink,2019,https://open.spotify.com/track/5uNhWDGP1gXxS2IZl2alGx,,,
2806,playlists,,New Black,GoldLink,2015,https://open.spotify.com/track/4sH2Oc6BkJgDXvYLinK0sw,,,
2807,playlists,,Palm Trees,GoldLink,2015,https://open.spotify.com/track/1fpfYMT2RTc5W3Zluq5xVA,,,
2808,playlists,,Planet Paradise,GoldLink,2014,https://open.spotify.com/track/3lGOuUoEYzWzRaWn10VKw7,,,
2809,playlists,,Sober Thoughts,GoldLink,2014,https://open.spotify.com/track/14kwLRnKSbe9t47ZA8pLvV,,,
2810,playlists,,Swoosh,GoldLink,2019,https://open.spotify.com/track/7Lqkv1Z3D6iW5C12q7TRhy,,,
2811,playlists,,Tiff Freestyle,GoldLink,2019,https://open.spotify.com/track/790MIo6gDwdvmNsw8yDB5Q,,,
2812,playlists,,When I Die,GoldLink,2014,https://open.spotify.com/track/3y2M9o8Z5iH1uCSXw8f3cn,,,
2813,playlists,,Rough Soul (feat. April George),"GoldLink, April George",2017,https://open.spotify.com/track/5v0C3nNNDMhZ3nWzzP0W4T,,,
2814,playlists,,Joke Ting (feat. Ari PenSmith),"GoldLink, Ari PenSmith",2019,https://open.spotify.com/track/6Ic2MP2hzoBLe3r1VIle8J,,,
2815,playlists,,Zulu Screams (feat. Maleek Berry & Bibi Bourelly),"GoldLink, Bibi Bourelly, Maleek Berry",2019,https://open.spotify.com/track/2YRDTr0reanrGZOTsWXdek,,,
2816,playlists,,Crew (feat. Brent Faiyaz & Shy Glizzy),"GoldLink, Brent Faiyaz, Shy Glizzy",2017,https://open.spotify.com/track/15EPc80XuFrb2LmOzGjuRg,,,
2817,playlists,,Fall in Love (feat. Ciscero),"GoldLink, Ciscero",2016,https://open.spotify.com/track/2RISD4aJrioDB54exm5WWM,,,
2818,playlists,,Raindrops (feat. Flo Milli),"GoldLink, Flo Milli",2021,https://open.spotify.com/track/29M1mAkW4VlxJ4noKN0RxY,,,
2819,playlists,,Yard (feat. Haile of WSTRN) (feat. Haile),"GoldLink, Haile",2019,https://open.spotify.com/track/7d4WkbOVqZ8KeQxtjTL3zi,,,
2820,playlists,,Herside Story,"GoldLink, Hare Squead",2017,https://open.spotify.com/track/564oa00vY05d1uYnTEAAmE,,,
2821,playlists,,Rumble (feat. Jackson Wang & Lil Nei),"GoldLink, Jackson Wang, Lil Nei",2019,https://open.spotify.com/track/4nyWvinhAJrNL2zN87gZ9l,,,
2822,playlists,,Days Like This (feat. Khalid),"GoldLink, Khalid",2019,https://open.spotify.com/track/2qU9ro2FCa4WjFqTg1JFJP,,,
2823,playlists,,METATRON - feat. Lola Moxom,"GoldLink, Lola Moxom",2025,https://open.spotify.com/track/0kaDuqfiEeUGa9SYKHEEmI,,,
2824,playlists,,More (feat. Lola Rae),"GoldLink, Lola Rae",2019,https://open.spotify.com/track/794JoJJcwSIJ2XeLYsvltU,,,
2825,playlists,,Dunya (feat. LukeyWorld),"GoldLink, LukeyWorld",2020,https://open.spotify.com/track/3L23Jgif3sjgwEApqn3Go3,,,
2826,playlists,,Late Night (feat. Masego),"GoldLink, Masego",2015,https://open.spotify.com/track/60ZZNXIdwgUGkVGRt7foLT,,,
2827,playlists,,Got Friends,"GoldLink, Miguel",2018,https://open.spotify.com/track/1PVza5KmhSJhz12OewWciE,,,
2828,playlists,,Got Muscle (feat. Peewee Longway & WaveIQ),"GoldLink, Peewee Longway, WaveIQ",2019,https://open.spotify.com/track/4CDzxLnX6f8IpaFo0Na51x,,,
2829,playlists,,Cokewhite (feat. Pusha T),"GoldLink, Pusha T",2019,https://open.spotify.com/track/1jCzgZFEl8RCUxDRvAGWUF,,,
2830,playlists,,"U Say (feat. Tyler, The Creator & Jay Prince)","GoldLink, Tyler, The Creator, Jay Prince",2019,https://open.spotify.com/track/2p37Mfy2PWajgOS3i2aaep,,,
2831,playlists,,Spanish Song (feat. WaveIQ),"GoldLink, WaveIQ",2019,https://open.spotify.com/track/4rKgnSL0OriKojAcS1rGQ9,,,
2832,playlists,,No Lie (feat. Wizkid),"GoldLink, Wizkid",2019,https://open.spotify.com/track/224EQMt8CpNPV98j9L4iMJ,,,
2833,playlists,,No Cigar,"Goodie Mob, André 3000",2020,https://open.spotify.com/track/624y8a5DBXwEP6rKElZqzL,,,
2834,playlists,,Baby Queen,Gorillaz,2022,https://open.spotify.com/track/0dFwiyWPwC2yML3ZH7B56V,,,
2835,playlists,,On Melancholy Hill,Gorillaz,2010,https://open.spotify.com/track/0q6LuUqGLUiCPP1cbdwFs3,Melancholy Hill,pattern,low
2836,playlists,,Sleeping Powder,Gorillaz,2017,https://open.spotify.com/track/5pE9vMyvVNOpZFutt6lyy4,,,
2837,playlists,,Dirty Harry (feat. Bootie Brown),"Gorillaz, Bootie Brown",2005,https://open.spotify.com/track/2bfGNzdiRa1jXZRdfssSzR,,,
2838,playlists,,Feel Good Inc.,"Gorillaz, De La Soul",2005,https://open.spotify.com/track/0d28khcov6AiegSCpG5TuT,,,
2839,playlists,,The Pink Phantom (feat. Elton John and 6LACK),"Gorillaz, Elton John, 6LACK",2020,https://open.spotify.com/track/2qNsvDflYHGxWIBDKXyB5g,,,
2840,playlists,,She's My Collar (feat. Kali Uchis),"Gorillaz, Kali Uchis",2017,https://open.spotify.com/track/3lIxtCaROdRDuTnNBDm3n2,,,
2841,playlists,,Friday 13th (feat. Octavian),"Gorillaz, Octavian",2020,https://open.spotify.com/track/6szrrh2IL7cgu4q6D5ryW0,,,
2842,playlists,,Pac-Man (feat. ScHoolboy Q),"Gorillaz, ScHoolboy Q",2020,https://open.spotify.com/track/0yLtmwgpuvIsokGmo8u524,,,
2843,playlists,,DARE (feat. Shaun Ryder & Roses Gabor),"Gorillaz, Shaun Ryder, Roses Gabor",2005,https://open.spotify.com/track/4Hff1IjRbLGeLgFgxvHflk,,,
2844,playlists,,New Gold (feat. Tame Impala and Bootie Brown),"Gorillaz, Tame Impala, Bootie Brown",2022,https://open.spotify.com/track/6Ynnlr1uHm2ic30a31xAC8,,,
2845,playlists,,Cracker Island (feat. Thundercat),"Gorillaz, Thundercat",2023,https://open.spotify.com/track/4J3I4jpAtNjsclcs99jzeF,Cracker Island,pattern,low
2846,playlists,,Somebody (2024),"Gotye, FISHER, Chris Lake, Kimbra, Sante Sansone",2024,https://open.spotify.com/track/0agQ9vIV7NP4dntGKLcCXO,,,
2847,playlists,,Look at My Life,Gracie Abrams,2026,https://open.spotify.com/track/65aS53swxB9LUGbHDKdvvB,,,
2848,playlists,,INTRUSIVE THOUGHTS - MAN DOWN! Remix,"GRANT KNOCHE, MAN DOWN!",2024,https://open.spotify.com/track/4Cg4tx4CFnCrsc4tyqWzin,,,
2849,playlists,,Ram Ranch,Grant Macdonald,2012,https://open.spotify.com/track/6sGiI7V9kgLNEhPIxEJDii,,,
2850,playlists,,American Idiot,Green Day,2004,https://open.spotify.com/track/6nTiIhLmQ3FWhvrGafw2zj,,,
2851,playlists,,What I Want,Gregor McMurray,2024,https://open.spotify.com/track/77VtR2l9SUqNgN4mDRDEDt,,,
2852,playlists,,4ÆM,Grimes,2021,https://open.spotify.com/track/5deLCvXuDrTOTV7XiJuO8Z,,,
2853,playlists,,Medieval Warfare,Grimes,2016,https://open.spotify.com/track/60QB81goFQieUq28DZEDZP,,,
2854,playlists,,Chef Dreds,Griselda,2019,https://open.spotify.com/track/4jtkMB1q0M4icd8Xnwpiwx,,,
2855,playlists,,DR BIRDS,Griselda,2019,https://open.spotify.com/track/77EseIwL4dnUACjF3YmDWz,,,
2856,playlists,,Superstylin',Groove Armada,2001,https://open.spotify.com/track/2yWyFT6bW1Rd9cjVvYi4v8,,,
2857,playlists,,Tongue Tied,GROUPLOVE,2011,https://open.spotify.com/track/0GO8y8jQk1PkHzS31d699N,,,
2858,playlists,,Alpha,Guapdad 4000,2020,https://open.spotify.com/track/086xJzFlEYeCrQmFIVizMb,,,
2859,playlists,,Greedy,Guapdad 4000,2020,https://open.spotify.com/track/1h8clHnwcEIQqqUeelThfT,,,
2860,playlists,,No Home For The Brave,Guapdad 4000,2020,https://open.spotify.com/track/3shN7koidanVTTjStHstRc,,,
2861,playlists,,Platinum Falcon,Guapdad 4000,2020,https://open.spotify.com/track/7DvVxYesMl25J2cPs0Q4ZZ,,,
2862,playlists,,Red Flags,Guapdad 4000,2018,https://open.spotify.com/track/0hh6WnWAfP96gFcQWIxQ9G,,,
2863,playlists,,How Many,"Guapdad 4000, !llmind",2021,https://open.spotify.com/track/1iFMSqqBIpt1O9pEfVKKdf,,,
2864,playlists,,She Wanna (feat. P-Lo),"Guapdad 4000, !llmind, P-Lo",2021,https://open.spotify.com/track/6hFOY5lNrWDPSwG7QRrfNV,,,
2865,playlists,,Prada Process (feat. 6LACK),"Guapdad 4000, 6LACK",2019,https://open.spotify.com/track/4bJpr0Ed3TUYfM3FYbpOEi,,,
2866,playlists,,Gucci Pajamas (feat. Chance the Rapper and Charlie Wilson),"Guapdad 4000, Chance the Rapper, Charlie Wilson",2019,https://open.spotify.com/track/3950uQm4KQL3ckerKBeXYp,,,
2867,playlists,,Lil Scammer That Could (feat. Denzel Curry),"Guapdad 4000, Denzel Curry",2020,https://open.spotify.com/track/2nSKol7UyxwffI6jLYTuUd,,,
2868,playlists,,Fearless,"Guapdad 4000, Valentino Khan",2022,https://open.spotify.com/track/7pDUFFF3J4WEu1aZMW4M4b,,,
2869,playlists,,1st Day out Tha Feds,Gucci Mane,2016,https://open.spotify.com/track/3O4mrgA9FYu5MA79rqTfpL,,,
2870,playlists,,5 Million Intro,Gucci Mane,2017,https://open.spotify.com/track/0pAnXyMsHa21bYfxeyhWoF,,,
2871,playlists,,All My Children,Gucci Mane,2016,https://open.spotify.com/track/5FFW1ZbzLRGxFRPdfNMSUu,,,
2872,playlists,,At Least a M,Gucci Mane,2016,https://open.spotify.com/track/39jYT18udEDACVjJ4dKwgV,,,
2873,playlists,,Bucket List,Gucci Mane,2017,https://open.spotify.com/track/2oMmmFRtOkfffTQB7JC3mP,,,
2874,playlists,,By Myself,Gucci Mane,2018,https://open.spotify.com/track/0sM8ktJMFE7yCY4sWucgyQ,,,
2875,playlists,,Dance with the Devil,Gucci Mane,2017,https://open.spotify.com/track/6RFGykMl5wP1gMPccCY9oB,,,
2876,playlists,,Father's Day,Gucci Mane,2018,https://open.spotify.com/track/3A3hHhvB7PlwyTnesoLk8d,,,
2877,playlists,,Finesse the Plug Interlude,Gucci Mane,2017,https://open.spotify.com/track/3jhhOgKj8micw1e8PaI9lu,,,
2878,playlists,,Gossip,Gucci Mane,2019,https://open.spotify.com/track/3uJN9kjWtJ2WPdufFiC76I,,,
2879,playlists,,Gucci Please,Gucci Mane,2016,https://open.spotify.com/track/13TMJmTuXzvZCcHb9LrEma,,,
2880,playlists,,Hard Feelings,Gucci Mane,2018,https://open.spotify.com/track/4Wdj0sERrCP4fkYeHIfARE,,,
2881,playlists,,Helpless,Gucci Mane,2017,https://open.spotify.com/track/2YCCy7Goytf4anieGkEk8Q,,,
2882,playlists,,Hurt a Nigga Feelings,Gucci Mane,2017,https://open.spotify.com/track/10pinuboeyV8mpGtS4ehGg,,,
2883,playlists,,Lemonade,Gucci Mane,2009,https://open.spotify.com/track/6rUcS9i07F6okIe8wujs5J,,,
2884,playlists,,Lord,Gucci Mane,2018,https://open.spotify.com/track/6Zj2Kw5m3Pri5Jv4zIJ0vN,,,
2885,playlists,,Money Callin,Gucci Mane,2018,https://open.spotify.com/track/3WSRHoXYbNzUQA9vxQ3FlA,,,
2886,playlists,,Multi Millionaire Laflare - Bonus Track Version,Gucci Mane,2016,https://open.spotify.com/track/41xVnWc73F5CyOZLQYM3TF,,,
2887,playlists,,No Sleep - Intro,Gucci Mane,2016,https://open.spotify.com/track/2cZRGrMM82Xoh9SYsO46hR,,,
2888,playlists,,Off the Boat,Gucci Mane,2018,https://open.spotify.com/track/3ASAYRguYpPkXZD8ntc4Pg,,,
2889,playlists,,On God,Gucci Mane,2018,https://open.spotify.com/track/6kBCCK9E4CnzcSkpXhwcWb,,,
2890,playlists,,Out Do Ya,Gucci Mane,2016,https://open.spotify.com/track/73LAIbdrQkGlMlRPO2OvYT,,,
2891,playlists,,Outta Proportion,Gucci Mane,2018,https://open.spotify.com/track/72ifXWzsq5l5Cw8KEPUuoa,,,
2892,playlists,,Pick Up the Pieces - Outro,Gucci Mane,2016,https://open.spotify.com/track/7mDtwAp7NbRbbiIsR1NeIH,,,
2893,playlists,,Pop Music,Gucci Mane,2016,https://open.spotify.com/track/4aJl4oHd8CKjRqD3YeOxIo,,,
2894,playlists,,Richest Nigga in the Room,Gucci Mane,2016,https://open.spotify.com/track/4XkUFmImxwk2GMwKJN9Am6,,,
2895,playlists,,Robbed,Gucci Mane,2016,https://open.spotify.com/track/7oRJsAcD3Rr1wQf6TyJvzg,,,
2896,playlists,,Serial Killers,Gucci Mane,2022,https://open.spotify.com/track/5KcZNsrl7PMIxJ2xBbTwH3,,,
2897,playlists,,This the Night,Gucci Mane,2018,https://open.spotify.com/track/5POfKAQ3BLtvfzqpf5zlTi,,,
2898,playlists,,Tho Freestyle,Gucci Mane,2017,https://open.spotify.com/track/4qFixB6NCpNqdrtlPKpNQE,,,
2899,playlists,,Waybach,Gucci Mane,2016,https://open.spotify.com/track/2keKoUjDdm8Xz46cRupbUt,,,
2900,playlists,,Both Eyes Closed (feat. 2 Chainz and Young Dolph),"Gucci Mane, 2 Chainz, Young Dolph",2017,https://open.spotify.com/track/5HtziFfFGxXpugCqZaAHoY,,,
2901,playlists,,Just Like It (feat. 21 Savage),"Gucci Mane, 21 Savage",2018,https://open.spotify.com/track/4uoMUtCZqzBMpxocrI3EI7,,,
2902,playlists,,Wake Up in the Sky,"Gucci Mane, Bruno Mars, Kodak Black",2018,https://open.spotify.com/track/2G1tXoGBaEMJ7FKGnkf6ud,,,
2903,playlists,,Drove U Crazy (feat. Bryson Tiller),"Gucci Mane, Bryson Tiller",2016,https://open.spotify.com/track/05l55Q5FpHrMs06JoYcmrR,,,
2904,playlists,,06 Gucci (feat. DaBaby & 21 Savage),"Gucci Mane, DaBaby, 21 Savage",2023,https://open.spotify.com/track/4mWbFYZ9P14Ulf1LIFZGhH,,,
2905,playlists,,Richer Than Errybody (feat. YoungBoy Never Broke Again & DaBaby),"Gucci Mane, DaBaby, YoungBoy Never Broke Again",2019,https://open.spotify.com/track/1Yu378yDTmy6EIDYNIEALh,Thān,city,medium
2906,playlists,,Back on Road,"Gucci Mane, Drake",2016,https://open.spotify.com/track/39liuGHPxn2sAyvO6DINor,,,
2907,playlists,,Both (feat. Drake),"Gucci Mane, Drake",2016,https://open.spotify.com/track/5tFep7dXGd7vEJ668wTPux,,,
2908,playlists,,Ice (feat. Gunna & Lil Baby),"Gucci Mane, Gunna, Lil Baby",2019,https://open.spotify.com/track/6KCt9V6Lev0M04rFUj8ANC,,,
2909,playlists,,There I Go (feat. J. Cole & Mike WiLL Made-It),"Gucci Mane, J. Cole, Mike WiLL Made-It",2023,https://open.spotify.com/track/1llzRvV9QpuNHjPu0rVQSp,,,
2910,playlists,,Pussy Print (feat. Kanye West),"Gucci Mane, Kanye West",2016,https://open.spotify.com/track/5QrT8pNtw1UnjqFuSUsenv,,,
2911,playlists,,I'm Not Goin' (feat. Kevin Gates),"Gucci Mane, Kevin Gates",2018,https://open.spotify.com/track/79GYAkpRIEXZEEKSqufbj8,,,
2912,playlists,,Glizock & Wizop (feat. Key Glock),"Gucci Mane, Key Glock",2023,https://open.spotify.com/track/0zbGWzQkLY5wn4xyiLYEi0,,,
2913,playlists,,Both Sides (feat. Lil Baby),"Gucci Mane, Lil Baby",2020,https://open.spotify.com/track/34xlXbZ4Ws3GGpUKeimDu5,,,
2914,playlists,,Tootsies (feat. Lil Baby),"Gucci Mane, Lil Baby",2019,https://open.spotify.com/track/4MkMM6WUqkFeCLDJ4bhVpu,,,
2915,playlists,,Kept Back (feat. Lil Pump) - Bonus Track Version,"Gucci Mane, Lil Pump",2018,https://open.spotify.com/track/49z1xCmcez6eIC9SjWgml8,,,
2916,playlists,,Mad Russian (feat. Lil Skies),"Gucci Mane, Lil Skies",2018,https://open.spotify.com/track/764OUqC5YJuYJ9wazz9LtP,,,
2917,playlists,,Backwards (feat. Meek Mill),"Gucci Mane, Meek Mill",2019,https://open.spotify.com/track/7w5oKhvKnU8ghIdwVwTwAP,,,
2918,playlists,,Big Booty (feat. Megan Thee Stallion),"Gucci Mane, Megan Thee Stallion",2019,https://open.spotify.com/track/3g8sG483Es7NcJyXgkF1nT,,,
2919,playlists,,I Get the Bag (feat. Migos),"Gucci Mane, Migos",2017,https://open.spotify.com/track/1XRgIKC5TPwo7nWGyKqgG0,,,
2920,playlists,,Solitaire (feat. Migos & Lil Yachty),"Gucci Mane, Migos, Lil Yachty",2018,https://open.spotify.com/track/7vYPWVc85PEmPjqcrNGmRJ,,,
2921,playlists,,Met Gala (feat. Offset),"Gucci Mane, Offset",2017,https://open.spotify.com/track/2XaInsPPUkZRkY4uFJ3AHK,,,
2922,playlists,,BiPolar (feat. Quavo),"Gucci Mane, Quavo",2018,https://open.spotify.com/track/5Ta1sXtO9tXOaUacYm7tH8,,,
2923,playlists,,Lost Y'all Mind (feat. Quavo),"Gucci Mane, Quavo",2018,https://open.spotify.com/track/7t6ueEkfM7A5ydK4nYcBXo,,,
2924,playlists,,Loss 4 Wrdz (feat. Rick Ross),"Gucci Mane, Rick Ross",2017,https://open.spotify.com/track/7olLalvjhct2Hb4KiSjvdN,,,
2925,playlists,,Curve (feat. The Weeknd),"Gucci Mane, The Weeknd",2017,https://open.spotify.com/track/2yuyaYAELoMG4ApV5wJsWR,,,
2926,playlists,,Guwop Home (feat. Young Thug),"Gucci Mane, Young Thug",2016,https://open.spotify.com/track/1GI5NXx8MFhFl17cJtOZ2n,,,
2927,playlists,,Cold Shoulder (feat. YoungBoy Never Broke Again),"Gucci Mane, YoungBoy Never Broke Again",2018,https://open.spotify.com/track/24vhQnVsbHHwlIXH7hD9Eh,,,
2928,playlists,,Baby Birkin,Gunna,2019,https://open.spotify.com/track/0BOmhToQ03yOdpzYKMEnAg,,,
2929,playlists,,Big Shot,Gunna,2019,https://open.spotify.com/track/3QLvGx3PNgsyIjJOyIcuGh,,,
2930,playlists,,Bittersweet,Gunna,2024,https://open.spotify.com/track/3QlntWTqoupz5pnBTCnNvt,,,
2931,playlists,,Cash War,Gunna,2019,https://open.spotify.com/track/42vD3VJBNhxLQ1SWmryw8C,,,
2932,playlists,,fukumean,Gunna,2023,https://open.spotify.com/track/4rXLjWdF2ZZpXCVTfWcshS,,,
2933,playlists,,Idk Why,Gunna,2019,https://open.spotify.com/track/06S7iIXT8ZVAcVK6l1iXvx,,,
2934,playlists,,On A Mountain,Gunna,2019,https://open.spotify.com/track/79Dpa6xXRNsXzMueN8BvAg,,,
2935,playlists,,One Call,Gunna,2019,https://open.spotify.com/track/3pq5dd3Hwg2uJ3d63v9YRx,,,
2936,playlists,,one of wun,Gunna,2024,https://open.spotify.com/track/4Na2HfNSr58chvfX69fy36,,,
2937,playlists,,Out the Hood,Gunna,2019,https://open.spotify.com/track/3OGGzDmPU14szwANX5tbbn,,,
2938,playlists,,Outstanding,Gunna,2019,https://open.spotify.com/track/76PwajqH3ej4hnk9tgaJpp,,,
2939,playlists,,Richard Millie Plain,Gunna,2019,https://open.spotify.com/track/14PWHDV87nXiSuClZDsEYC,,,
2940,playlists,,SKYBOX,Gunna,2020,https://open.spotify.com/track/7GwYENSg87oERcW0Wacd6m,,,
2941,playlists,,Speed It Up,Gunna,2019,https://open.spotify.com/track/6PfI6EeLNiNGVAVg11nv7D,,,
2942,playlists,,Style Stealer (Lil Baby & Gunna),Gunna,2018,https://open.spotify.com/track/1jzOG0T6JjvaOoHgzl91Nd,,,
2943,playlists,,treesh,Gunna,2024,https://open.spotify.com/track/50vVMueaWOYOfyQUQKdaFq,,,
2944,playlists,,Who You Foolin,Gunna,2019,https://open.spotify.com/track/7KVPsVMOK3NL7subwJ0dZj,,,
2945,playlists,,Wit It,Gunna,2019,https://open.spotify.com/track/1unFtbwcAnSGgYPmp52vc0,,,
2946,playlists,,World Is Yours (Lil Baby & Gunna),Gunna,2018,https://open.spotify.com/track/0p0jvYdazuWBMC8QacxpUH,,,
2947,playlists,,Yao Ming,Gunna,2019,https://open.spotify.com/track/5bWYPkdp7tPbp1dhE9AX43,,,
2948,playlists,,P power (feat. Drake),"Gunna, Drake",2022,https://open.spotify.com/track/0lEjxUUlKqjqXrVlIHFduD,,,
2949,playlists,,too easy,"Gunna, Future",2021,https://open.spotify.com/track/4eL3XeuGaEoVT8ttDh3hwY,,,
2950,playlists,,Derek Fisher (feat. Lil Baby),"Gunna, Lil Baby",2019,https://open.spotify.com/track/0mOp9tWdCRHfYwwVaO8ezw,,,
2951,playlists,,prada dem (feat. Offset),"Gunna, Offset",2024,https://open.spotify.com/track/0ZBg0OsGKgZajDgFtryiz7,,,
2952,playlists,,Same Yung Nigga (feat. Playboi Carti),"Gunna, Playboi Carti",2019,https://open.spotify.com/track/1q9jq5X5vwmewjOa2mHtQ1,,,
2953,playlists,,COOLER THAN A BITCH (feat. Roddy Ricch),"Gunna, Roddy Ricch",2020,https://open.spotify.com/track/5LHHKZOwV8XW4LJP2C64mw,Thān,city,medium
2954,playlists,,3 Headed Snake (feat. Young Thug),"Gunna, Young Thug",2019,https://open.spotify.com/track/2OaKHGvIxoOzIYjyMsxcT8,,,
2955,playlists,,DOLLAZ ON MY HEAD (feat. Young Thug),"Gunna, Young Thug",2020,https://open.spotify.com/track/3nS9a01VvXHQriLqJYwRqG,,,
2956,playlists,,Sweet Child O' Mine,Guns N' Roses,1987,https://open.spotify.com/track/7snQQk1zcKl8gZ92AnueZW,,,
2957,playlists,,Coax & Botany,Gus Dapperton,2019,https://open.spotify.com/track/227bXIqHWP8Z7gycUGO1sY,,,
2958,playlists,,Fill Me Up Anthem,Gus Dapperton,2019,https://open.spotify.com/track/6RzMzTdBOH05fQN8DvY2iQ,,,
2959,playlists,,"Gum, Toe and Sole",Gus Dapperton,2017,https://open.spotify.com/track/3p2oGJUNxxYxzmOsaiEMMv,,,
2960,playlists,,I'm Just Snacking,Gus Dapperton,2017,https://open.spotify.com/track/12jmugLskEWmYRLKYfMNSk,,,
2961,playlists,,Landslide,Gus Dapperton,2022,https://open.spotify.com/track/7KV3NYtvmiK2ctNUmx6adR,,,
2962,playlists,,Post Humorous,Gus Dapperton,2020,https://open.spotify.com/track/4rOM11Me71Szv8BD7ILpxr,,,
2963,playlists,,"Prune, You Talk Funny",Gus Dapperton,2017,https://open.spotify.com/track/6KKHXbJtnJPjla3V49YPac,,,
2964,playlists,,What You Won't Do for Love,Gus Dapperton,2024,https://open.spotify.com/track/5Nr2cbWCipKDW3zPe63g7h,,,
2965,playlists,,World Class Cinema,Gus Dapperton,2018,https://open.spotify.com/track/0VzNjABdomA99IvMvqI6cx,,,
2966,playlists,,Lil Tune,"Gus Dapperton, Electric Guest",2024,https://open.spotify.com/track/0xFKj9yBje6JakSVa2JsrO,,,
2967,playlists,,Want It Back,"Guts, Patrice, The Studio School Voices NYC",2014,https://open.spotify.com/track/7eN0Sdh3AE1VKKLSsFwKBh,,,
2968,playlists,,Hollaback Girl,Gwen Stefani,2004,https://open.spotify.com/track/0LzrhCZFXW94Y8nwtTuRlw,,,
2969,playlists,,The Sweet Escape,"Gwen Stefani, Akon",2006,https://open.spotify.com/track/66ZcOcouenzZEnzTJvoFmH,,,
2970,playlists,,Rich Girl,"Gwen Stefani, Eve",2004,https://open.spotify.com/track/2Y2q7PkD7lvuWr8YaZfWuv,,,
2971,playlists,,Cupid's Chokehold / Breakfast in America,Gym Class Heroes,2005,https://open.spotify.com/track/2Lhdl74nwwVGOE2Gv35QuK,America,region,high
2972,playlists,,Stereo Hearts (feat. Adam Levine),"Gym Class Heroes, Adam Levine",2011,https://open.spotify.com/track/0qOnSQQF0yzuPWsXrQ9paz,,,
2973,playlists,,I Can't Breathe,H.E.R.,2020,https://open.spotify.com/track/4CPszpSnlbgnQLIQYyzIR2,,,
2974,playlists,,Come Through (feat. Chris Brown),"H.E.R., Chris Brown",2021,https://open.spotify.com/track/3krZxyBsWEHfEfJegYaWTd,Comé,city,medium
2975,playlists,,"What Is Love - 7"" Mix",Haddaway,1993,https://open.spotify.com/track/2ahnofp2LbBWDXcJbMaSTu,,,
2976,playlists,,Down to be wrong,HAIM,2025,https://open.spotify.com/track/4vLA9tU4dvNvl3ssMTrMql,,,
2977,playlists,,Relationships,HAIM,2025,https://open.spotify.com/track/22Ui43i51sAALwtapObKmQ,,,
2978,playlists,,Pressure,"Half-Tyme Slim, Jabo, Zip K, Translee, Jay Dot Rain",2020,https://open.spotify.com/track/5MFmhmHC38owsUwDGpLd9H,,,
2979,playlists,,Big Dawgs (Remix) [with A$AP Rocky],"Hanumankind, Kalmi, A$AP Rocky",2024,https://open.spotify.com/track/5xvPXPOUITOU26irSi3XD5,,,
2980,playlists,,S.O.S.,"happytree, Late Late",2017,https://open.spotify.com/track/4IxUCPPrQVW5RANYeMME1I,,,
2981,playlists,,Adore You,Harry Styles,2019,https://open.spotify.com/track/3jjujdWJ72nww5eGnfs2E7,,,
2982,playlists,,Dance The Pain Away,Haute & Freddy,2026,https://open.spotify.com/track/7A34WgGmK1E4D9X9zgq9VD,,,
2983,playlists,,Shy Girl,Haute & Freddy,2025,https://open.spotify.com/track/7KNFJbMvPdplvrolBUkK2N,,,
2984,playlists,,SOLDIERS (feat. Sampha),"Headie One, Fred again.., Sampha",2020,https://open.spotify.com/track/4fh6LLfj9pMz5gvduZn9yL,,,
2985,playlists,,Hear No Evil (feat. Future),"Headie One, Future",2020,https://open.spotify.com/track/3dDdYVWY1wWlcpKoZZLyMy,,,
2986,playlists,,Cha-Ching,Hedley,2009,https://open.spotify.com/track/0j4QliCKwfGvgwGQuiLSk6,,,
2987,playlists,,Crazy For You,Hedley,2013,https://open.spotify.com/track/0eGBoHZYZ34r1W9h1ZlCT9,,,
2988,playlists,,Don't Talk To Strangers,Hedley,2009,https://open.spotify.com/track/7nPyDJaWI6QYRlCQ02nG08,,,
2989,playlists,,What Once Was,Her's,2017,https://open.spotify.com/track/1XrSjpNe49IiygZfzb74pk,,,
2990,playlists,,Arpahuasca,Hermanosis,2015,https://open.spotify.com/track/0wJXJOMcBCbIzatTHFmV0C,,,
2991,playlists,,Blanca medicina,Hermanosis,2015,https://open.spotify.com/track/0zdpBwEvrL73eIXxRVD9U4,,,
2992,playlists,,Camino al corazón,Hermanosis,2015,https://open.spotify.com/track/0jkmApGwsYQ0hg2ABh7MPT,,,
2993,playlists,,Espíritu volador,Hermanosis,2015,https://open.spotify.com/track/3Q3l8zH5o23B79dcHFyAHG,,,
2994,playlists,,Icaro de invocación,Hermanosis,2015,https://open.spotify.com/track/0MdELXatEgzOCayREoaH4t,,,
2995,playlists,,Icaro de la escuela,Hermanosis,2015,https://open.spotify.com/track/4s3IVp7n26sZCEegNGPjh4,,,
2996,playlists,,Icaro de la lechuzita,Hermanosis,2015,https://open.spotify.com/track/4pJb9ZZm2gRWqjpp8rO88N,,,
2997,playlists,,Icaro de larga vista,Hermanosis,2015,https://open.spotify.com/track/4gueoxqJE8Q9eHp6EdxXWX,,,
2998,playlists,,Noche de medicina,Hermanosis,2015,https://open.spotify.com/track/4CLvhV4ngXt2oSvY3eQTpF,,,
2999,playlists,,Río de la vida,Hermanosis,2015,https://open.spotify.com/track/31nUPFLLEMQaBsmC98evzp,Rio,city,high
3000,playlists,,Argo,"Hermit and the Recluse, Ka",2018,https://open.spotify.com/track/1sIMqh0RCzKPV7gnYMSTBb,,,
3001,playlists,,Atlas,"Hermit and the Recluse, Ka",2018,https://open.spotify.com/track/27G5fxqwIc1MpzXdqZk1ha,,,
3002,playlists,,Companion of Artemis,"Hermit and the Recluse, Ka",2018,https://open.spotify.com/track/4cpfcFg70LuRzRHycOJXfq,,,
3003,playlists,,Fate,"Hermit and the Recluse, Ka",2018,https://open.spotify.com/track/4AvNnXNptGRyiW2kEzXTpc,,,
3004,playlists,,Golden Fleece,"Hermit and the Recluse, Ka",2018,https://open.spotify.com/track/6zm5hUdGlv9ersm5gKlVWN,,,
3005,playlists,,Oedipus,"Hermit and the Recluse, Ka",2018,https://open.spotify.com/track/47S7XWQuO9RjYEZO3T6ZX8,,,
3006,playlists,,Orpheus,"Hermit and the Recluse, Ka",2018,https://open.spotify.com/track/2dB3wT2gSZXKP6frg7gINL,,,
3007,playlists,,Sirens,"Hermit and the Recluse, Ka",2018,https://open.spotify.com/track/5fLfgRtiRyAvLGps4kSByr,,,
3008,playlists,,The Punishment of Sisyphus,"Hermit and the Recluse, Ka",2018,https://open.spotify.com/track/7fJEXKgw3gbE7Z2qqDSu44,,,
3009,playlists,,Hades,"Hermit and the Recluse, Ka, Citizen Cope",2018,https://open.spotify.com/track/7m68dasp1ZnVRfOTf0mBFE,,,
3010,playlists,,All Down (feat. Tory Lanez),Hi-Tone,2014,https://open.spotify.com/track/0OZdWKIMgLGinol7VdYFUE,,,
3011,playlists,,3 Words (feat. Leven Kali),"High Klassified, Leven Kali",2021,https://open.spotify.com/track/5ASFUThyl5kDNMGW43jUOY,,,
3012,playlists,,Lips Of An Angel,Hinder,2005,https://open.spotify.com/track/40LQiUUUKXVGyNs09lHVjW,,,
3013,playlists,,SALUTE (feat. Big Sean and Fivio Foreign),"Hit-Boy, Big Sean, Fivio Foreign",2020,https://open.spotify.com/track/7MqHj83TEQk9VOhCsbAKIO,,,
3014,playlists,,Bussin Moves,"Hit-Boy, Pusha T, Quentin Miller",2015,https://open.spotify.com/track/46tITvqGx2uSeJsRmoEq3e,,,
3015,playlists,,COUNTRY RIDDIM,HOL!,2022,https://open.spotify.com/track/1dayiIC3odxNLViFQ7Iq4W,,,
3016,playlists,,Americanarama,Hollerado,2010,https://open.spotify.com/track/4tk8VzDIDPrKUzCKsQcPud,,,
3017,playlists,,Run It Back,Home Brew,2023,https://open.spotify.com/track/4tvkVmQuaSSCW2ZbT4sRPg,,,
3018,playlists,,365 (Thr33 6ix 5ive),HoneyLuv,2022,https://open.spotify.com/track/5Q4MxA344M8VyFieIC4YTk,,,
3019,playlists,,All in the Value,HONNE,2016,https://open.spotify.com/track/77muSC5MEKDUAZublEAlWo,,,
3020,playlists,,Coastal Love,HONNE,2016,https://open.spotify.com/track/34L3NO07rJAdjCaH6eaKLl,,,
3021,playlists,,FHKD,HONNE,2016,https://open.spotify.com/track/3QohCQxtCJwJe1dT7HozgG,,,
3022,playlists,,Good Together,HONNE,2016,https://open.spotify.com/track/4exen5QqjYBsKCqkwjjOcc,,,
3023,playlists,,It Ain't Wrong Loving You,HONNE,2016,https://open.spotify.com/track/6Ks1jYEXlHdaQMQ6xzQxmt,,,
3024,playlists,,One at a Time Please,HONNE,2016,https://open.spotify.com/track/1FyQpJQGidvX6EvuPICw3J,,,
3025,playlists,,Out of My Control,HONNE,2016,https://open.spotify.com/track/3SC53yKCORTONKCpbfhZjg,,,
3026,playlists,,The Night,HONNE,2016,https://open.spotify.com/track/7gQUYY6qQyAFS1KBeYt4DY,,,
3027,playlists,,Til the Evening,HONNE,2016,https://open.spotify.com/track/0DMLm3xlCGes7516xoj2Eh,,,
3028,playlists,,Treat You Right,HONNE,2016,https://open.spotify.com/track/4YLkV94VrxNB2QzFDqKUcI,,,
3029,playlists,,Warm on a Cold Night,HONNE,2016,https://open.spotify.com/track/4WK3P2LJ6H2UVnl3xNG9mK,,,
3030,playlists,,Someone That Loves You,"HONNE, Izzy Bizu",2016,https://open.spotify.com/track/68uQou4TQOM6p7YKw4wn9c,,,
3031,playlists,,an apple a day,horsegiirL,2026,https://open.spotify.com/track/08IKQb7qhq6BnZDd8lDO9O,,,
3032,playlists,,Tonight Tonight,Hot Chelle Rae,2011,https://open.spotify.com/track/2i0AUcEnsDm3dsqLrFWUCq,,,
3033,playlists,,Coffin in the Clouds,Hot Sugar,2017,https://open.spotify.com/track/6pzn7FDicaoXtRhklaVk8R,,,
3034,playlists,,Trapper Keeper (feat. Fat Tony),"Hot Sugar, Weekend Money, Fat Tony",2014,https://open.spotify.com/track/1pVSgqDsbwsIpg1xJSEy9y,,,
3035,playlists,,Offset,Hotboii,2021,https://open.spotify.com/track/5ceKUw0jDVGxsdCIuOn5Hs,,,
3036,playlists,,Live Life Die Faster (with Kodak Black),"Hotboii, Kodak Black",2022,https://open.spotify.com/track/79TJ0JoYhZYJLEozMVrT0T,,,
3037,playlists,,Shut up My Moms Calling,Hotel Ugly,2020,https://open.spotify.com/track/3hxIUxnT27p5WcmjGUXNwx,,,
3038,playlists,,Stevie Doesn't Wonder,Hotel Ugly,2021,https://open.spotify.com/track/7BgyWwbbybJr2IbQoI1gzH,,,
3039,playlists,,Sedona,Houndmouth,2015,https://open.spotify.com/track/65T1aY3I9qfNUDVAnaM9bq,,,
3040,playlists,,Jump Around,House Of Pain,1992,https://open.spotify.com/track/2oTDOIAdsxPTE7yAp4YOcv,,,
3041,playlists,,Early Morning Sunrise,Hovia Edwards,2016,https://open.spotify.com/track/0lYW2rrNfqfTK3vY9ygxXX,,,
3042,playlists,,Cherry Wine - Live from Spotify SXSW 2014,Hozier,2014,https://open.spotify.com/track/3e7JFHpdHdaUYD6mganVOa,,,
3043,playlists,,Work Song,Hozier,2014,https://open.spotify.com/track/5TgEJ62DOzBpGxZ7WRsrqb,,,
3044,playlists,,Hold This,"HStikkytokky, J Fado, DMC",2022,https://open.spotify.com/track/1FxSStcuz43FhiB5KAFWc0,,,
3045,playlists,,Fast Life,Htiekal,2020,https://open.spotify.com/track/7jl9oI0ajx1e4rnbX4DgVZ,,,
3046,playlists,,The Power Of Love,Huey Lewis & The News,2006,https://open.spotify.com/track/2olVm1lHicpveMAo4AUDRB,,,
3047,playlists,,Morenita,"HUGEL, Cumbiafrica",2021,https://open.spotify.com/track/0pIiCv0GdhtsOjCJ5Y7zHj,,,
3048,playlists,,Pa Lante,"HUGEL, Ryan Arnold, El Chuape",2023,https://open.spotify.com/track/2eIQvkQiHXSfX0GSRw29gA,,,
3049,playlists,,I Adore You (feat. Daecolm),"HUGEL, Topic, Arash, Daecolm",2024,https://open.spotify.com/track/5nPbKG04fhLkIAjcPFaZq7,,,
3050,playlists,,"Show Me Love (feat. Chance The Rapper, Moses Sumney and Robin Hannibal) - Skrillex Remix","Hundred Waters, Chance the Rapper, Moses Sumney, Robin Hannibal, Skrillex",2016,https://open.spotify.com/track/5PnBpKOVvQxeFvXVNYSoxs,,,
3051,playlists,,Tell Me Why,Hypnatos,2022,https://open.spotify.com/track/0gTZHXZpOD7LH3BQ4tP0HH,,,
3052,playlists,,Get Shaky - Radio Edit,Ian Carey Project,2009,https://open.spotify.com/track/7lLvyMx4KFDixMBJ94bcAJ,,,
3053,playlists,,Pretty Girls,iann dior,2020,https://open.spotify.com/track/3fKdTr6Uv8HTb92Ih3QWxa,,,
3054,playlists,,Prospect (ft. Lil Baby),"iann dior, Lil Baby",2020,https://open.spotify.com/track/4Zjdzxx0dsavsr7Ehr8fGE,,,
3055,playlists,,romance361,"iann dior, PnB Rock",2019,https://open.spotify.com/track/33BCQDhwZyiudb8Mud33tb,,,
3056,playlists,,Arrest The President,Ice Cube,2018,https://open.spotify.com/track/3JWdewLCI6WgLMd1LnSTMj,,,
3057,playlists,,It Was A Good Day,Ice Cube,2001,https://open.spotify.com/track/2GrOq1y5gksYrqkc8Jzl9T,,,
3058,playlists,,You Know How We Do It,Ice Cube,1993,https://open.spotify.com/track/2Ih217RCGAmyQR68Nn7Cqo,,,
3059,playlists,,You Can Do It,"Ice Cube, Mack 10, Ms. Toi",2007,https://open.spotify.com/track/1xMPwgmLHVXkIFYL0rvGiZ,,,
3060,playlists,,Gimmie A Light,Ice Spice,2024,https://open.spotify.com/track/0n4nfjCluBECewuD3Z4Agq,,,
3061,playlists,,Munch (Feelin’ U),Ice Spice,2022,https://open.spotify.com/track/1jOgJN75btuUONIdf57vHz,,,
3062,playlists,,Think U The Shit (Fart),Ice Spice,2024,https://open.spotify.com/track/4w2Furap0ZzaiK4J14E9sR,,,
3063,playlists,,Princess Diana (with Nicki Minaj),"Ice Spice, Nicki Minaj",2023,https://open.spotify.com/track/0ZxhtATQ0a6EvQNZ0z6NKV,,,
3064,playlists,,I Love It (feat. Charli XCX),"Icona Pop, Charli xcx",2012,https://open.spotify.com/track/3VZQshi4COChhXaz7cLP02,,,
3065,playlists,,Let Me Think About It - Club Mix,"Ida Corr, Fedde Le Grand",2009,https://open.spotify.com/track/3Mv7tQ4g3PGCNv7vwWREmO,,,
3066,playlists,,"Black Sheep, White Dove",IDK,2017,https://open.spotify.com/track/0lWNB6uPxEKEBwY06GQTKm,,,
3067,playlists,,In My White Tee,IDK,2020,https://open.spotify.com/track/2c5NNtO4efNdwaAE8r41bu,,,
3068,playlists,,Just Like Martin,IDK,2021,https://open.spotify.com/track/0946VVOuYpcWD04kxXHZzP,,,
3069,playlists,,"No Shoes On The Rug, Leave Them At The Door",IDK,2017,https://open.spotify.com/track/3CGUkMDRXget4VOziKsgmc,,,
3070,playlists,,Peloton,IDK,2021,https://open.spotify.com/track/0XRJCK2hggV2k3YVMzZDei,,,
3071,playlists,,Porno,IDK,2019,https://open.spotify.com/track/192boLjFXYWZ0ADjtvhaJT,,,
3072,playlists,,Taco,IDK,2022,https://open.spotify.com/track/1wg19chzByanxCC8mKc8SI,,,
3073,playlists,,TiFFANY,IDK,2024,https://open.spotify.com/track/5VKFxeCNXVoJbFUUlfmVx9,,,
3074,playlists,,MAZEL TOV,"IDK, A$AP Ferg",2020,https://open.spotify.com/track/2q0nvnoM52HGglPqzRxD5P,,,
3075,playlists,,No Wave (feat. Denzel Curry),"IDK, Denzel Curry",2018,https://open.spotify.com/track/429JfLMd92ya7rs0azUkQA,,,
3076,playlists,,ONCE UPON A TIME (FREESTYLE),"IDK, Denzel Curry",2018,https://open.spotify.com/track/7hZoTr4ffMGqm9opMiGmBp,,,
3077,playlists,,GOOD NEWS,"IDK, Domo Genesis",2018,https://open.spotify.com/track/3KIBM9Vo83dSqWiGRzMGru,,,
3078,playlists,,Cereal (feat. Kenny Mason),"IDK, JID, Kenny Mason",2020,https://open.spotify.com/track/5aeaaeKp8fY60CVHAzNbwL,,,
3079,playlists,,Lil Arrogant (feat. Joey Bada$$ & Russ),"IDK, Joey Bada$$, Russ",2018,https://open.spotify.com/track/2DP3SfAM8g1hKPXKWyDptv,,,
3080,playlists,,MORAL,"IDK, Maxo Kream",2018,https://open.spotify.com/track/0SfzEtAE9W9NUQKvDAtHmZ,,,
3081,playlists,,Shoot My Shot,"IDK, Offset",2021,https://open.spotify.com/track/5q9Et9kJTWvRg80uQLBW4s,,,
3082,playlists,,STOP,"IDK, Q Da Fool",2018,https://open.spotify.com/track/3B9oejnTgC6xtSZpEeqrWQ,,,
3083,playlists,,BAD NEWS,"IDK, Rico Nasty",2018,https://open.spotify.com/track/4cWnxKa0DECSAKx88cwOpR,,,
3084,playlists,,POKE POKE,"IDK, THIRTY RACK",2018,https://open.spotify.com/track/3Y0KEGJAd6y1i4aNPLvf2c,,,
3085,playlists,,OMG,"IDK, Wale",2018,https://open.spotify.com/track/2FE7ZJMxbiqx0quBhdaQEq,,,
3086,playlists,,Red,"IDK, Westside Gunn, MF DOOM, J A Y E L E C T R O N I C A",2021,https://open.spotify.com/track/061yVp0KkuKIb7a1GY6eia,,,
3087,playlists,,PradadaBang,"IDK, Young Thug",2021,https://open.spotify.com/track/7zg97q1UQyQgIhhrAEke45,,,
3088,playlists,,Could Heaven Ever Be Like This - Walker & Royce and Chris Lorenzo Remix,"Idris Muhammad, Walker & Royce, Chris Lorenzo",2022,https://open.spotify.com/track/7lhNCZG9JWxhoJSGkJa2AS,,,
3089,playlists,,Fancy,"Iggy Azalea, Charli xcx",2014,https://open.spotify.com/track/3oqCnpAoHf3SDFynxx7AU4,,,
3090,playlists,,Tuesday (feat. Drake),"ILOVEMAKONNEN, Drake",2014,https://open.spotify.com/track/2znzyzlAUc8Z1Ikq9aFOcx,,,
3091,playlists,,Spendin' (feat. Gucci Mane),"ILOVEMAKONNEN, Gucci Mane",2019,https://open.spotify.com/track/3ETuAA7l5IxmBwlhTa6Lck,,,
3092,playlists,,Enemy (with JID) - from the series Arcane League of Legends,"Imagine Dragons, JID, Arcane, League of Legends",2021,https://open.spotify.com/track/1r9xUipOqoNwggBpENDsvJ,,,
3093,playlists,,Skyway Bridge,Immerze,2015,https://open.spotify.com/track/5gM24eXYzfpty8JxTljad0,Skyway Bridge,pattern,low
3094,playlists,,NOW IT'S GONE - ELY OAKS REMIX,"IN PARALLEL, Ely Oaks",2024,https://open.spotify.com/track/52J5G1z4DN0EWeAVsW7Uob,,,
3095,playlists,,NOT TOO DEEP (feat. 6LACK),"India Shawn, 6LACK",2020,https://open.spotify.com/track/2u925ft5mxwxYLhMQ7Sr72,,,
3096,playlists,,MOVIN' ON (feat. Anderson .Paak),"India Shawn, Anderson .Paak",2020,https://open.spotify.com/track/7woeOS5xhg4e3AkN6U916d,,,
3097,playlists,,Dernière danse - Techno Mix,"Indila, BENNETT",2024,https://open.spotify.com/track/5fIZ683j2xPeLAXfHeWKEG,,,
3098,playlists,,feet2myface (with Allegra Miles),"informal., Allegra Miles",2025,https://open.spotify.com/track/7lJXt1lcGgPHK7pgw8Y78O,,,
3099,playlists,,BRIGHT IDEAS,INJI,2026,https://open.spotify.com/track/4whVtTnaIfNEvG8eKSEVxB,,,
3100,playlists,,MADELINE,INJI,2022,https://open.spotify.com/track/6VfNPL93TsZpmwpe2BJxNc,,,
3101,playlists,,Best Spot in the House,Injury Reserve,2019,https://open.spotify.com/track/1NmVaOMhftw2jZaE1KTk1p,,,
3102,playlists,,Gravy n’ Biscuits,Injury Reserve,2019,https://open.spotify.com/track/0uqgYwT22ey4WphJav1s68,,,
3103,playlists,,Hello?!,Injury Reserve,2019,https://open.spotify.com/track/3CJydP1lJO0QUUu54Juzqe,,,
3104,playlists,,QWERTY Interlude,Injury Reserve,2019,https://open.spotify.com/track/0IPYNVMMmwanmM0Kn5FgR9,,,
3105,playlists,,Rap Song Tutorial,Injury Reserve,2019,https://open.spotify.com/track/5u9UVp5hkOjzuMU4wyJ5HZ,,,
3106,playlists,,Three Man Weave,Injury Reserve,2019,https://open.spotify.com/track/7L4AtavGZEEDkVw1E0mDYn,,,
3107,playlists,,Ttktv,Injury Reserve,2015,https://open.spotify.com/track/6U8wLl0pMsgS1Lcql3nQjH,,,
3108,playlists,,What a Year It’s Been,Injury Reserve,2019,https://open.spotify.com/track/48rQq8MzU2YBsF5IMXSAIx,,,
3109,playlists,,Koruna & Lime (Feat. A-Trak),"Injury Reserve, A-Trak",2019,https://open.spotify.com/track/3977oy5kwFbW4zLR8NmhjN,,,
3110,playlists,,Jailbreak the Tesla (Feat. Aminé),"Injury Reserve, Aminé",2019,https://open.spotify.com/track/7w0YG5qn9w8LYA4tHpQe0o,,,
3111,playlists,,"New Hawaii (Feat. DRAM, Tony Velour & Dylan Brady)","Injury Reserve, DRAM, Tony Velour, Dylan Brady",2019,https://open.spotify.com/track/6iuDHMCdGLgbACiJ8idowL,Hawaii,island,high
3112,playlists,,Wax On (Feat. Freddie Gibbs),"Injury Reserve, Freddie Gibbs",2019,https://open.spotify.com/track/13yFBO0mxphhrphW3s6dx2,,,
3113,playlists,,GTFU (Feat. JPEGMAFIA & Cakes da Killa),"Injury Reserve, JPEGMAFIA, Cakes da Killa",2019,https://open.spotify.com/track/1zDP39VH6WDVmbydzinxQr,,,
3114,playlists,,Jawbreaker (Feat. Rico Nasty & Pro Teens),"Injury Reserve, Rico Nasty, Pro Teens",2019,https://open.spotify.com/track/3zbYsEDFISyrjdENY7G2tR,,,
3115,playlists,,"His & Hers (feat. Don Toliver, Lil Uzi Vert & Gunna)","Internet Money, Gunna, Don Toliver, Lil Uzi Vert",2021,https://open.spotify.com/track/2IePEfMAtqWS6rLXXFZIgI,,,
3116,playlists,,Lemonade,"Internet Money, Gunna, Don Toliver, NAV",2020,https://open.spotify.com/track/02kDW379Yfd5PzW5A6vuGt,,,
3117,playlists,,Thrusting (feat. Swae Lee & Future),"Internet Money, Swae Lee, Future",2020,https://open.spotify.com/track/136cNclvh1Gm1WSK34PyBz,,,
3118,playlists,,Power,Interupt,2020,https://open.spotify.com/track/0jmWvzKsuGSVptcCdyp74v,,,
3119,playlists,,Big Balls (Made Famous By AC/DC),Iron Man,2010,https://open.spotify.com/track/3AiJfjUjPljL3Cc5mkeyKu,,,
3120,playlists,,4r Da Squaw,Isaiah Rashad,2016,https://open.spotify.com/track/71lyUtIPCMAYjTwwwxy2jW,,,
3121,playlists,,Brenda,Isaiah Rashad,2016,https://open.spotify.com/track/1YnhmaHKpNEroXiGqc3BLT,,,
3122,playlists,,Dressed Like Rappers,Isaiah Rashad,2016,https://open.spotify.com/track/5oO0BgiNJzi3Q13uIvizqN,,,
3123,playlists,,Free Lunch,Isaiah Rashad,2016,https://open.spotify.com/track/5dkaWDb6X6987eSTMGZUW2,,,
3124,playlists,,Headshots (4r da Locals),Isaiah Rashad,2021,https://open.spotify.com/track/2rFTRICumonxxZKxxfEu8R,,,
3125,playlists,,Heavenly Father,Isaiah Rashad,2014,https://open.spotify.com/track/0qLt7pQhm8LDxFgI0YXdlY,,,
3126,playlists,,Why Worry,Isaiah Rashad,2020,https://open.spotify.com/track/0M5pEUmRD3b4nP31L88IdL,,,
3127,playlists,,Score (feat. SZA & 6LACK),"Isaiah Rashad, 6LACK, SZA",2021,https://open.spotify.com/track/2ns1kl3c5NMvGCt2xVMNlI,,,
3128,playlists,,Bday (feat. Deacon Blues & Kari Faux),"Isaiah Rashad, Deacon Blues, Kari Faux",2016,https://open.spotify.com/track/2uRqJEudnHdYINvwmeaG9h,,,
3129,playlists,,Lay Wit Ya (feat. Duke Deuce),"Isaiah Rashad, Duke Deuce",2021,https://open.spotify.com/track/0RlsFYqkOzlg4ZxVQs9YJA,,,
3130,playlists,,Deep Blue (feat. Young Nudy & Kal Banx),"Isaiah Rashad, Kal Banx, Young Nudy",2021,https://open.spotify.com/track/0CIx9q9esKFbSP15NC5xh6,,,
3131,playlists,,West Savannah (feat. SZA),"Isaiah Rashad, SZA",2014,https://open.spotify.com/track/0Gt4nGWoATcQFL38a1NRao,Savannah,city,medium
3132,playlists,,Wat's Wrong (feat. Zacari & Kendrick Lamar),"Isaiah Rashad, Zacari, Kendrick Lamar",2016,https://open.spotify.com/track/2RPbEp0DyBVlkRvvYKopO7,,,
3133,playlists,,Bad Four You,IshDARR,2016,https://open.spotify.com/track/2AZ37W1pKckFqY58yhXdTB,,,
3134,playlists,,Bandits,IshDARR,2016,https://open.spotify.com/track/16QXgONpIcK32eztaLjKpo,,,
3135,playlists,,Chilly's Outro,IshDARR,2018,https://open.spotify.com/track/1bBhC9Aj3F4emnc3vSLCPx,,,
3136,playlists,,Critical,IshDARR,2018,https://open.spotify.com/track/66lpHpmETOJaDEvM3qWLT6,,,
3137,playlists,,"Crown Ct, Racine",IshDARR,2016,https://open.spotify.com/track/4y2dhdxIQkXlsHOGXaCrMM,Racine,city,medium
3138,playlists,,DREAMERS,IshDARR,2018,https://open.spotify.com/track/7KtaFGwWHD0hT0dy0lRgrY,,,
3139,playlists,,Dumb Playing,IshDARR,2016,https://open.spotify.com/track/3i3I49sPZX6iRwFnoWCEEK,,,
3140,playlists,,Fangs,IshDARR,2018,https://open.spotify.com/track/3rW1LGk0bHk8HaA7WvtFyd,,,
3141,playlists,,Fuji Films,IshDARR,2018,https://open.spotify.com/track/74SgYPretpyhQ8FDfDc12x,Fuji,landmark,high
3142,playlists,,Gone,IshDARR,2016,https://open.spotify.com/track/1dggUUBthT9DAgk2ju7Mel,,,
3143,playlists,,Locals,IshDARR,2016,https://open.spotify.com/track/684QDmRWzF4p2bICP68oou,,,
3144,playlists,,Mistakes,IshDARR,2016,https://open.spotify.com/track/3InreScgAzKyrn4H0U4stT,,,
3145,playlists,,Nitro,IshDARR,2018,https://open.spotify.com/track/2ArRIdx9jWozPfZBlndSSz,,,
3146,playlists,,Obstacles,IshDARR,2018,https://open.spotify.com/track/5Ds0oAykwb5SDpscsmFPG6,,,
3147,playlists,,Purifier,IshDARR,2018,https://open.spotify.com/track/2xn1tWAQgUIX0MvpfujnsL,,,
3148,playlists,,Side Weighs,IshDARR,2016,https://open.spotify.com/track/3FEzdUD14Gm7aG26xC1PRA,,,
3149,playlists,,Slow Down,IshDARR,2018,https://open.spotify.com/track/28CR5oBsyk4UAmYvGLpNGa,,,
3150,playlists,,Stigma,IshDARR,2018,https://open.spotify.com/track/5KuD5D6GxXnu7ptYsif8wt,,,
3151,playlists,,Sugar,IshDARR,2016,https://open.spotify.com/track/5SZPiuYPQvZsYSbUeHUvKI,,,
3152,playlists,,They Lost Me 2,IshDARR,2018,https://open.spotify.com/track/4KeiWeoBmCKOkr0VjyHYp5,,,
3153,playlists,,Time Shawty,IshDARR,2016,https://open.spotify.com/track/4PIMZgSNkNgGECJmIopdec,,,
3154,playlists,,Too Bad,IshDARR,2015,https://open.spotify.com/track/45QAbhiq5ibQbFnWVS7TJH,,,
3155,playlists,,Ya Mans,IshDARR,2018,https://open.spotify.com/track/2vDlcw7wyD8mSWKgNleKyQ,,,
3156,playlists,,"Yes, You",IshDARR,2016,https://open.spotify.com/track/5G7y7Mfizxsw2ivA4FpTaW,,,
3157,playlists,,Good Hope,"IshDARR, BoodahDARR",2018,https://open.spotify.com/track/7nd8UDlgDCBuwVNqDptNWi,,,
3158,playlists,,Breaking Hearts,"IshDARR, EMAAD, Ju Preach",2016,https://open.spotify.com/track/1z3biBuZuyoywGDeAXIJvp,,,
3159,playlists,,Mucho Mango,"IshDARR, ESTA",2017,https://open.spotify.com/track/4dT1155sbuWZduYj0bgwKo,Mango,city,high
3160,playlists,,Never Ask (Subpar Funk) (feat. Floor Cry),"IshDARR, Floor Cry",2018,https://open.spotify.com/track/4x6dnVtDdxuJ61d7OZexRA,,,
3161,playlists,,Food for the Soul,it's murph,2023,https://open.spotify.com/track/7u0fz3V6cYeYTX91DMmIvQ,,,
3162,playlists,,My Love - Rework,it's murph,2025,https://open.spotify.com/track/6q6GR1UxIkyaVJuUNYtEjw,,,
3163,playlists,,Through My System,"it's murph, Arlo, Emi Grace",2025,https://open.spotify.com/track/30uUMdzRVdYd9KuP9rJXxo,,,
3164,playlists,,Stone Cold Eyes,"it's murph, Emi Grace",2025,https://open.spotify.com/track/2W9NLQFO28YMUju9BoxJAV,,,
3165,playlists,,High and I Like it,"it's murph, Evalyn",2023,https://open.spotify.com/track/0FBdJP7yzvq88bG1keGgt4,,,
3166,playlists,,Replay,Iyaz,2009,https://open.spotify.com/track/5vlEg2fT4cFWAqU5QptIpQ,,,
3167,playlists,,A.P.I.D.T.A.,J A Y E L E C T R O N I C A,2020,https://open.spotify.com/track/5wJC8qlivbwAx29bnTecSn,,,
3168,playlists,,Mi Gente,"J Balvin, Willy William",2017,https://open.spotify.com/track/4xEnPbulgQ4J4vu78VEwVr,,,
3169,playlists,,Don't Cry,J Dilla,2006,https://open.spotify.com/track/67c5M9gVWemCV5SGH5cc4v,,,
3170,playlists,,Stop,J Dilla,2006,https://open.spotify.com/track/2ihoQNPyX4AAeMB9f3uw0j,,,
3171,playlists,,Did You See,J Hus,2017,https://open.spotify.com/track/5lGjjLMuoo9kqnz9DEa3BK,,,
3172,playlists,,Tipsy - Club Mix,J-Kwon,2004,https://open.spotify.com/track/0jSMveIWvnhDIvzqN74Uc7,,,
3173,playlists,,03' Adolescence,J. Cole,2014,https://open.spotify.com/track/4txn9qnwK3ILQqv5oq2mO3,,,
3174,playlists,,1985 - Intro to “The Fall Off”,J. Cole,2018,https://open.spotify.com/track/7EulRO07ZgchxqKUHb8Pvc,,,
3175,playlists,,4 Your Eyez Only,J. Cole,2016,https://open.spotify.com/track/1vvnYpYEMVB4aq9I6tHIEB,,,
3176,playlists,,A Tale of 2 Citiez,J. Cole,2014,https://open.spotify.com/track/7lL3MvFWFFSD25pBz72Agj,,,
3177,playlists,,Ain't That Some Shit (Interlude),J. Cole,2013,https://open.spotify.com/track/5Je1fS7wNMhngKuU0fKUvw,,,
3178,playlists,,Apparently,J. Cole,2014,https://open.spotify.com/track/1HNs07uZxZniPNmniw2GTa,,,
3179,playlists,,ATM,J. Cole,2018,https://open.spotify.com/track/2UciqgwVDwro0fev3MFbxJ,,,
3180,playlists,,Be Free,J. Cole,2014,https://open.spotify.com/track/2EaLdet3BlhjWesZUHU7Cr,,,
3181,playlists,,BRACKETS,J. Cole,2018,https://open.spotify.com/track/5sWbwccBcyHsg5LEKWGZo9,,,
3182,playlists,,c l o s e,J. Cole,2021,https://open.spotify.com/track/4YiY551vHi6glMtgVxuqAy,,,
3183,playlists,,Chaining Day,J. Cole,2013,https://open.spotify.com/track/5A0NEY8GOCB3ErRSRPpY72,,,
3184,playlists,,Change,J. Cole,2016,https://open.spotify.com/track/3pjUyVbFmM96tYhSaKJwTt,,,
3185,playlists,,Deja Vu,J. Cole,2016,https://open.spotify.com/track/6I6NX6tjGsxFAsIfGzY9lJ,,,
3186,playlists,,Fire Squad,J. Cole,2014,https://open.spotify.com/track/4Tjh34RS4ACZ6f6srlDBg8,,,
3187,playlists,,Foldin Clothes,J. Cole,2016,https://open.spotify.com/track/77IAeEz8LEchPN8UNjaTJ2,,,
3188,playlists,,For Whom The Bell Tolls,J. Cole,2016,https://open.spotify.com/track/3MWlVSkoLS1e66nlZ2tuWJ,,,
3189,playlists,,G.O.M.D.,J. Cole,2014,https://open.spotify.com/track/16qYlQ6koFxYVbiJbGHblz,,,
3190,playlists,,Hello,J. Cole,2014,https://open.spotify.com/track/30Chv2SmIry70YwtmtaKnj,,,
3191,playlists,,i n t e r l u d e,J. Cole,2021,https://open.spotify.com/track/2gyYjQWXKxemhAyMPgctIx,,,
3192,playlists,,Immortal,J. Cole,2016,https://open.spotify.com/track/6AGON2BGdPmPMJGiiNuuwl,,,
3193,playlists,,Intro,J. Cole,2014,https://open.spotify.com/track/4YwNf1fLZt9IQhJeHNWfBi,,,
3194,playlists,,Is She Gon Pop,J. Cole,2013,https://open.spotify.com/track/1PQAocUDoT1Q90Sabu1MTu,,,
3195,playlists,,January 28th,J. Cole,2014,https://open.spotify.com/track/6NyhBA9M6KK0fuVsojxL00,,,
3196,playlists,,Kerney Sermon (Skit),J. Cole,2013,https://open.spotify.com/track/38k4PhKjLcPOiSdobEgXCW,,,
3197,playlists,,Kevin’s Heart,J. Cole,2018,https://open.spotify.com/track/6tZ3b7ik1QDXFAZlXib0YZ,,,
3198,playlists,,KOD,J. Cole,2018,https://open.spotify.com/track/7yotKA30dwTKNEGomV9ZsI,,,
3199,playlists,,Land of the Snakes,J. Cole,2013,https://open.spotify.com/track/4cvUik0BhfRXJyEGtTYuut,,,
3200,playlists,,Let Nas Down,J. Cole,2013,https://open.spotify.com/track/26RcjBcThMrZ8KvsqApOvN,,,
3201,playlists,,Lights Please,J. Cole,2011,https://open.spotify.com/track/6sZv0ECT8cEW3oZtoCuVg4,,,
3202,playlists,,Love Yourz,J. Cole,2014,https://open.spotify.com/track/4gkl7QbQvBd3TM9PhlWFkI,,,
3203,playlists,,MIDDLE CHILD,J. Cole,2019,https://open.spotify.com/track/2JvzF1RMd7lE3KmFlsyZD8,,,
3204,playlists,,Miss America,J. Cole,2013,https://open.spotify.com/track/0aKjN6mBKSMmP3TpfezOxM,America,region,high
3205,playlists,,Mo Money (Interlude),J. Cole,2013,https://open.spotify.com/track/3Iz0A1nuTjiLvXQaBxjWzn,,,
3206,playlists,,Motiv8,J. Cole,2018,https://open.spotify.com/track/1AT4xjNarTswd0UZ5FlmKF,,,
3207,playlists,,Neighbors,J. Cole,2016,https://open.spotify.com/track/0utlOiJy2weVl9WTkcEWHy,,,
3208,playlists,,Niggaz Know,J. Cole,2013,https://open.spotify.com/track/7ncDwhSTgCZuL3OZNkvZ97,,,
3209,playlists,,No Role Modelz,J. Cole,2014,https://open.spotify.com/track/62vpWI1CHwFy7tMIcSStl8,,,
3210,playlists,,Note to Self,J. Cole,2014,https://open.spotify.com/track/01VGA34ATxwp0Xo1ldduo2,,,
3211,playlists,,Once an Addict - Interlude,J. Cole,2018,https://open.spotify.com/track/0Px86mRlxdB3YqpK6KXWlr,,,
3212,playlists,,Photograph,J. Cole,2018,https://open.spotify.com/track/0bhnUFDQFCEHCBlsQfHnj5,,,
3213,playlists,,Poor Thang,J. Cole,2026,https://open.spotify.com/track/1nhNz1tWU8p5WvFAAgFW2h,,,
3214,playlists,,Rich Niggaz,J. Cole,2013,https://open.spotify.com/track/0QpYkajexWrB0P3TWvkHlm,,,
3215,playlists,,Runaway,J. Cole,2013,https://open.spotify.com/track/6uslSzMm1xIuCf5p9ECEtz,,,
3216,playlists,,She's Mine Pt. 1,J. Cole,2016,https://open.spotify.com/track/0HtOJj7Kl74s1Ngf3MWeif,,,
3217,playlists,,She's Mine Pt. 2,J. Cole,2016,https://open.spotify.com/track/5rmcjZTrE9JR1YrbNZDFNW,,,
3218,playlists,,Sideline Story,J. Cole,2011,https://open.spotify.com/track/5pIn0ZiclQOMzoFUlgDY0f,,,
3219,playlists,,St. Tropez,J. Cole,2014,https://open.spotify.com/track/4qRjfovbhI4EwP7VQNfxVW,,,
3220,playlists,,t h e . c l i m b . b a c k,J. Cole,2020,https://open.spotify.com/track/0FlfN5cbUUpIHCRH8X1M44,,,
3221,playlists,,Trouble,J. Cole,2013,https://open.spotify.com/track/4pqiLICe0uTHb9WfY02ek9,,,
3222,playlists,,Ville Mentality,J. Cole,2016,https://open.spotify.com/track/2z3joGXrdGL2iEjIKQTiN1,,,
3223,playlists,,Villuminati,J. Cole,2013,https://open.spotify.com/track/3YjQfsV7vIDj0eovuUlbK7,,,
3224,playlists,,Wet Dreamz,J. Cole,2014,https://open.spotify.com/track/6Ius4TC0L3cN74HT7ENE6e,,,
3225,playlists,,Where's Jermaine? (Skit),J. Cole,2013,https://open.spotify.com/track/7fn3jCTpdh4oUxOaAXyI40,,,
3226,playlists,,WHO TF IZ U,J. Cole,2026,https://open.spotify.com/track/5ZfOg71oANMaKmswvSEF2r,,,
3227,playlists,,Window Pain - Outro,J. Cole,2018,https://open.spotify.com/track/5Lgqu1th1KqlG97OF2gWGe,,,
3228,playlists,,Work Out,J. Cole,2011,https://open.spotify.com/track/2wAJTrFhCnQyNSD3oUgTZO,,,
3229,playlists,,New York Times (feat. 50 Cent & Bas),"J. Cole, 50 Cent, Bas",2013,https://open.spotify.com/track/5u89YD9CJMFVfFqUoeGy2P,New York,city,high
3230,playlists,,She Knows (feat. Amber Coffman & Cults),"J. Cole, Amber Coffman, Cults",2013,https://open.spotify.com/track/282L6SR4Y8Rs0VUgtEy1Zw,,,
3231,playlists,,In the Morning,"J. Cole, Drake",2011,https://open.spotify.com/track/6FedhFiHb0KxTvOD1qEX8L,,,
3232,playlists,,Born Sinner (feat. James Fauntleroy),"J. Cole, James Fauntleroy",2013,https://open.spotify.com/track/2wQVmS0j4xcSbEK8CLEgwz,,,
3233,playlists,,Sparks Will Fly (feat. Jhené),"J. Cole, Jhené Aiko",2013,https://open.spotify.com/track/4fFZW98VLhdZSlyC07wt6v,,,
3234,playlists,,Forbidden Fruit (feat. Kendrick Lamar),"J. Cole, Kendrick Lamar",2013,https://open.spotify.com/track/5kpnUpMNV9dPNCKY7JtW3Q,,,
3235,playlists,,FRIENDS (feat. kiLL edward),"J. Cole, kiLL edward",2018,https://open.spotify.com/track/6onwlDmIVKE8bBgyBRSuS0,,,
3236,playlists,,The Cut Off (feat. kiLL edward),"J. Cole, kiLL edward",2018,https://open.spotify.com/track/3rFF7kSm5qBOOPs6ljFgPp,,,
3237,playlists,,p r i d e . i s . t h e . d e v i l (with Lil Baby),"J. Cole, Lil Baby",2021,https://open.spotify.com/track/5W8jRrZ6tWrTrqnKRtIQBf,,,
3238,playlists,,Power Trip (feat. Miguel),"J. Cole, Miguel",2013,https://open.spotify.com/track/7FOJvA3PxiIU0DN3JjQ7jT,,,
3239,playlists,,Crooked Smile (feat. TLC),"J. Cole, TLC",2013,https://open.spotify.com/track/6JG0qhINKVwiHxqN85j7RG,,,
3240,playlists,,Can't Get Enough,"J. Cole, Trey Songz",2011,https://open.spotify.com/track/3mTpegrOwRn0oJjv4TSbEE,,,
3241,playlists,,Wop (Official Version),J. Dash,2010,https://open.spotify.com/track/3zbnvxvqV5lL4Vq0FznWsX,,,
3242,playlists,,Fade,J. Worra,2023,https://open.spotify.com/track/3lVct0FG5GjLm1lALTpyPc,,,
3243,playlists,,YOU,"J. Worra, Cat Connors",2021,https://open.spotify.com/track/3Qr2NMxbUTFm1NU7To9OOF,,,
3244,playlists,,Check Out,"J. Worra, Leo Stannard",2021,https://open.spotify.com/track/2n6qz4opcJlHsEpI8030YM,,,
3245,playlists,,Medicine,J4eva,2022,https://open.spotify.com/track/3Kh2n3zlDSGUVlDM2sjkts,,,
3246,playlists,,Mesmerize,"Ja Rule, Ashanti",2002,https://open.spotify.com/track/2iclfHORMqpR3TxuhwVRhD,,,
3247,playlists,,Livin' It Up,"Ja Rule, Case",2001,https://open.spotify.com/track/52gqeRlrBE7hqMlRxEsi6y,,,
3248,playlists,,Dua Lipa,Jack Harlow,2022,https://open.spotify.com/track/0LnS7aOdOdI1dNKZqdOLz4,,,
3249,playlists,,First Class,Jack Harlow,2022,https://open.spotify.com/track/1rDQ4oMwGJI7B4tovsBOxc,,,
3250,playlists,,I'd Do Anything To Make You Smile,Jack Harlow,2022,https://open.spotify.com/track/7Bot6AB2dsvZEyqzUL8AUH,,,
3251,playlists,,Nail Tech,Jack Harlow,2022,https://open.spotify.com/track/62Yo3FDddWY8ydu6PW2wyz,,,
3252,playlists,,SUNDOWN,Jack Harlow,2018,https://open.spotify.com/track/0ipgd8PPFza3NNmN3Rn2uF,,,
3253,playlists,,They Don't Love It,Jack Harlow,2023,https://open.spotify.com/track/2dSKFFNoNXKo3hPnlwUdPe,,,
3254,playlists,,WHATS POPPIN,Jack Harlow,2020,https://open.spotify.com/track/3Q6F8RByyhRTJpRtZLY3cg,,,
3255,playlists,,Young Harleezy,Jack Harlow,2022,https://open.spotify.com/track/4CuZSJLlmUrEfcXUm6pQk9,,,
3256,playlists,,Already Best Friends (feat. Chris Brown),"Jack Harlow, Chris Brown",2020,https://open.spotify.com/track/4RKJRRd4VJfZWiqQTYsleE,,,
3257,playlists,,Churchill Downs (feat. Drake),"Jack Harlow, Drake",2022,https://open.spotify.com/track/3EMp20j5E42MxfFbsEsIvD,,,
3258,playlists,,Face Of My City (feat. Lil Baby),"Jack Harlow, Lil Baby",2020,https://open.spotify.com/track/6MDdceLYec4AxohmorE4vH,,,
3259,playlists,,Poison (feat. Lil Wayne),"Jack Harlow, Lil Wayne",2022,https://open.spotify.com/track/1hs54MGy1J69I52GvzsrbB,,,
3260,playlists,,Luv Is Dro (feat. Static Major & Bryson Tiller),"Jack Harlow, Static Major, Bryson Tiller",2020,https://open.spotify.com/track/0LcsvJQSFIQo3RjNhPcYqT,,,
3261,playlists,,GATTI,"JACKBOYS, Pop Smoke, Travis Scott",2019,https://open.spotify.com/track/40mjsnRjCpycdUw3xhS20g,,,
3262,playlists,,Cocaine,Jackson Browne,1977,https://open.spotify.com/track/0ZfNtYCE03HO2yqZ5BN9g6,,,
3263,playlists,,Love Needs a Heart - Live,Jackson Browne,1977,https://open.spotify.com/track/47dyykECDdwVZnqtQdk718,,,
3264,playlists,,Nothing but Time,Jackson Browne,1977,https://open.spotify.com/track/5nYveorUroYg40HXn4weOi,,,
3265,playlists,,Rosie,Jackson Browne,1977,https://open.spotify.com/track/2wI5VotaP7X12MTEy6tKE0,,,
3266,playlists,,Running on Empty,Jackson Browne,1977,https://open.spotify.com/track/4MZEZz8MqVgvIMXU6AVP22,,,
3267,playlists,,Shaky Town - Live,Jackson Browne,1977,https://open.spotify.com/track/6MK6vLjEjqb5NZ4YTug11j,,,
3268,playlists,,Stay - Live,Jackson Browne,1977,https://open.spotify.com/track/14ldz51B9dRHcRKT5vZU62,,,
3269,playlists,,The Load Out,Jackson Browne,1977,https://open.spotify.com/track/12nhoRghPNDChpsFaQld4a,,,
3270,playlists,,The Road,Jackson Browne,1977,https://open.spotify.com/track/0mY784QwE0W0XM66iLUdnc,,,
3271,playlists,,You Love the Thunder,Jackson Browne,1977,https://open.spotify.com/track/1ZIaE7jpW1oU8gJb5yr5gZ,,,
3272,playlists,,Wish I Never Met You,"Jacob Vallen, Tory Lanez",2025,https://open.spotify.com/track/4UFTokmSVgzVRxaF5yVUhN,,,
3273,playlists,,Angel Of My Dreams,JADE,2024,https://open.spotify.com/track/46cW6zufU9Woo11TLs2i6X,,,
3274,playlists,,Fantasy (feat. Channel Tres),"JADE, Channel Tres",2024,https://open.spotify.com/track/1dGk1UhfbLY0neBaedx37o,,,
3275,playlists,,Can You Feel It,JADED,2022,https://open.spotify.com/track/5FCzMiHrGRayOu12J65Syp,,,
3276,playlists,,Overtime,JADED,2021,https://open.spotify.com/track/3hOWWujfSbRwkxgpW1WXYy,,,
3277,playlists,,Welcome To The People - Baltra Remix,"JADED, Baltra",2021,https://open.spotify.com/track/3QRji4m3jZKoJHHDfYEvFf,,,
3278,playlists,,Sunburnt,Jaden,2020,https://open.spotify.com/track/3FzQG5YC4fM1TFIK0ZNeJK,,,
3279,playlists,,Way Up,Jaden,2018,https://open.spotify.com/track/7cFFhb9Wz2ZXLSpEk2VDKd,,,
3280,playlists,,I'm a Kid,Jadu Heart,2019,https://open.spotify.com/track/4RkQzVNxEt6JwOXCWolXsr,,,
3281,playlists,,Metal Violets,Jadu Heart,2020,https://open.spotify.com/track/5yzqu20ssqs9ric3fHO74I,,,
3282,playlists,,Where the Party At (feat. Nelly),"Jagged Edge, Nelly",2001,https://open.spotify.com/track/5mNV8Mz59bzyuQ53gTw0c0,,,
3283,playlists,,Hystery - Radio Edit,"JAGGS, Sabrina Signs",2016,https://open.spotify.com/track/3B5ISUNCWlEji5h4KFJqMn,,,
3284,playlists,,"100,000 - Unfinished",Jai Paul,2013,https://open.spotify.com/track/0NF7lGsgraHDAdXFdRQi8q,,,
3285,playlists,,All Night - Unfinished,Jai Paul,2013,https://open.spotify.com/track/4fo6QymiAvIc2T7SNDWNZq,,,
3286,playlists,,Baby Beat - Unfinished,Jai Paul,2013,https://open.spotify.com/track/15855tKP69JcAQuOtezooy,,,
3287,playlists,,BTSTU - Demo,Jai Paul,2013,https://open.spotify.com/track/3NC3JSXNEqmtANsRihHFov,,,
3288,playlists,,Chix - Unfinished,Jai Paul,2013,https://open.spotify.com/track/6X5MUJWssrfO43PFOLqdt8,,,
3289,playlists,,Crush - Unfinished,Jai Paul,2013,https://open.spotify.com/track/13ArqbryLClNMsk3aecAmu,,,
3290,playlists,,Desert River - Unfinished,Jai Paul,2013,https://open.spotify.com/track/4l2A8J0FGTsuoJpZ9vcbVr,Desert River,pattern,low
3291,playlists,,Do You Love Her Now,Jai Paul,2019,https://open.spotify.com/track/13JjdKeIUy6P916p3MemXn,,,
3292,playlists,,Garden of Paradise (Instrumental) - Unfinished,Jai Paul,2013,https://open.spotify.com/track/66Ckgps6kXr7811G2FvMUv,,,
3293,playlists,,Genevieve - Unfinished,Jai Paul,2013,https://open.spotify.com/track/2jlUvPJnpAubdY0o5k0zCY,,,
3294,playlists,,Good Time,Jai Paul,2013,https://open.spotify.com/track/3mEevmNwSQG7ZZ3yuoGiIw,,,
3295,playlists,,He,Jai Paul,2019,https://open.spotify.com/track/6ysRK6One7O5GiRVvrs0x1,,,
3296,playlists,,jasmine - demo,Jai Paul,2013,https://open.spotify.com/track/2FDVRMuNMw1pz4d03zyrtQ,,,
3297,playlists,,One of the Bredrins,Jai Paul,2013,https://open.spotify.com/track/7aIsfo9AOHLN2qSJUAF1qy,,,
3298,playlists,,Raw Beat - Unfinished,Jai Paul,2013,https://open.spotify.com/track/6ZFT1pZr9RRwx2YWFPJj1S,,,
3299,playlists,,Str8 Outta Mumbai,Jai Paul,2013,https://open.spotify.com/track/3pROf3AwBDvr2LaGfpZFnT,Mumbai,city,high
3300,playlists,,Vibin' - Unfinished,Jai Paul,2013,https://open.spotify.com/track/0sH9wAFm4qamojIoJFTRse,,,
3301,playlists,,Zion Wolf Theme - Unfinished,Jai Paul,2013,https://open.spotify.com/track/6KQB9mDc4gNT5mEebiKq7R,Zion,landmark,medium
3302,playlists,,Makeba,Jain,2016,https://open.spotify.com/track/5JdLUE9D743ob2RtgmVpVx,,,
3303,playlists,,Waiting Here,Jake Isaac,2015,https://open.spotify.com/track/17v2VWT9tQIkF3sFqRvtNL,,,
3304,playlists,,Carry You Home (feat. Jp Cooper),"Jake Isaac, JP Cooper",2014,https://open.spotify.com/track/6aKeRsqF1VCO7oyWa4a7M4,,,
3305,playlists,,Too Much,Jakk Rinse,2026,https://open.spotify.com/track/0HbiuJsV7gdwrxvAYiUn0p,,,
3306,playlists,,Foreplay,Jalen Santoy,2016,https://open.spotify.com/track/28luqgS4NCuFKP6YSOtia5,,,
3307,playlists,,Are You Even Real?,James Blake,2020,https://open.spotify.com/track/2k0HXdTDW28JFAaS8TaHeA,,,
3308,playlists,,Are You In Love?,James Blake,2019,https://open.spotify.com/track/0aKl9lBwUvRUuXvgdT7Pgj,,,
3309,playlists,,Assume Form,James Blake,2019,https://open.spotify.com/track/7ce0vNBSiPNpGvGJ4sot4H,,,
3310,playlists,,Can't Believe The Way We Flow,James Blake,2019,https://open.spotify.com/track/0Q3HFb2L0Ydh8cFxM36Ltg,,,
3311,playlists,,Death of Love,James Blake,2026,https://open.spotify.com/track/18NDaA50I2xeHYeMkfVPp6,,,
3312,playlists,,Don't Miss It,James Blake,2019,https://open.spotify.com/track/5Q2LXkoqv8REmtHuXhbjJI,,,
3313,playlists,,Famous Last Words,James Blake,2021,https://open.spotify.com/track/5sxh28l6HfDFvcV9rWsbot,,,
3314,playlists,,I'll Come Too,James Blake,2019,https://open.spotify.com/track/0T3AyN1HbAlRScx2hTMScG,Comé,city,medium
3315,playlists,,I'm So Blessed You're Mine,James Blake,2021,https://open.spotify.com/track/6zrjm6VsPWs8lgOfJxoTML,,,
3316,playlists,,Into The Red,James Blake,2019,https://open.spotify.com/track/69sxo1DMPHgsJs1KA5OMRh,,,
3317,playlists,,Life Is Not The Same,James Blake,2021,https://open.spotify.com/track/53tKpMeDRvMq4xKvQzc6Ih,,,
3318,playlists,,Lullaby For My Insomniac,James Blake,2019,https://open.spotify.com/track/3yGJfVaVJdQn8AKoHh62ct,,,
3319,playlists,,Power On,James Blake,2019,https://open.spotify.com/track/6eykhAkF0Ml7aBCJdiAYf7,,,
3320,playlists,,Say What You Will,James Blake,2021,https://open.spotify.com/track/5vUZMotVhkVcizIP0qrgr8,,,
3321,playlists,,Thrown Around,James Blake,2024,https://open.spotify.com/track/6hEiEWEgAuFvEJduuSQLiw,,,
3322,playlists,,Where's The Catch?,"James Blake, André 3000",2019,https://open.spotify.com/track/5FYvk4lH8kLfRKHW8Ac0mL,,,
3323,playlists,,Frozen (feat. JID & SwaVay),"James Blake, JID, SWAVAY",2021,https://open.spotify.com/track/4IX1G5Ibs3aWyiSLUO7OPt,,,
3324,playlists,,Midnight,"James Blake, Lil Yachty",2024,https://open.spotify.com/track/0K69bmjZwfIXmlnFN43SgS,,,
3325,playlists,,Tell Them,"James Blake, Moses Sumney, Metro Boomin",2019,https://open.spotify.com/track/3nWCi6Npr1DJObl5hgZwt7,,,
3326,playlists,,Barefoot In The Park,"James Blake, ROSALÍA",2019,https://open.spotify.com/track/1F7ZElvJAvWKQ7UaPXg9cF,Barefoot In The Park,pattern,low
3327,playlists,,Coming Back (feat. SZA),"James Blake, SZA",2021,https://open.spotify.com/track/2pSsHnjAgEPjHmet7ChlHQ,,,
3328,playlists,,Mile High,"James Blake, Travis Scott, Metro Boomin",2019,https://open.spotify.com/track/64ydkbrt0xhdJXRaam06Mc,Mīlē,city,medium
3329,playlists,,1973,James Blunt,2007,https://open.spotify.com/track/1BV0m40U0M4t1SLIsDnwZl,,,
3330,playlists,,Carry You Home,James Blunt,2007,https://open.spotify.com/track/1zVBU0PAj7ZUVmVfG2pgQG,,,
3331,playlists,,Dangerous,James Blunt,2010,https://open.spotify.com/track/4g2ks3sZw0NtdmBuczxOMo,,,
3332,playlists,,Give Me Some Love,James Blunt,2007,https://open.spotify.com/track/79TEDshMVLibmgLVXolwJ8,,,
3333,playlists,,I Really Want You,James Blunt,2007,https://open.spotify.com/track/54wTKzCLEc1OQRzh9QjKoq,,,
3334,playlists,,I'll Be Your Man,James Blunt,2010,https://open.spotify.com/track/27frvdD2rFj8NpgJUqTqBs,,,
3335,playlists,,Same Mistake,James Blunt,2007,https://open.spotify.com/track/2YaGZvBfkQ4jiD5cMLIFQV,,,
3336,playlists,,Stay the Night,James Blunt,2010,https://open.spotify.com/track/7FFl1IHSsPWsfUCladsCl9,,,
3337,playlists,,Superstar,James Blunt,2010,https://open.spotify.com/track/2ocIk9s9kMALDBcwJI43TL,,,
3338,playlists,,These Are the Words,James Blunt,2010,https://open.spotify.com/track/0jc9vlikooqX0ccc7nNJ1n,,,
3339,playlists,,You're Beautiful,James Blunt,2005,https://open.spotify.com/track/5pbajJXEPdcoXQPXoAVR1t,,,
3340,playlists,,Wild,James Hype,2024,https://open.spotify.com/track/6Yimrlg9ndHZUy1hGm6uQ9,,,
3341,playlists,,Vibrate,"James Hype, Tita Lau",2024,https://open.spotify.com/track/7wSyLZthdqBgxVRHOLPSSo,,,
3342,playlists,,Drums (Feat. Kim Petras) - Tiësto Remix,"James Hype, Tiësto, Kim Petras",2024,https://open.spotify.com/track/5QZmUKPG3uPU0hwJuHwfGD,,,
3343,playlists,,Fine Fine Baby (with Kah-Lo),"Jamie Jones, Kah-Lo",2023,https://open.spotify.com/track/5wEZ2qosMq4JnIY050e7GO,,,
3344,playlists,,My Paradise - Vintage Culture Remix,"Jamie Jones, Vintage Culture",2022,https://open.spotify.com/track/4l1k3bK6OGwfRqbW5HiyT3,,,
3345,playlists,,KILL DEM,Jamie xx,2022,https://open.spotify.com/track/5CE0k1VmTXgCtaa5L288LP,,,
3346,playlists,,Obvs,Jamie xx,2015,https://open.spotify.com/track/5kSBstWdaP3tMlArgGM00C,,,
3347,playlists,,Treat Each Other Right,Jamie xx,2024,https://open.spotify.com/track/52GJf3163rfoCtjOvCe85K,,,
3348,playlists,,SeeSaw - Club Version,"Jamie xx, Four Tet, Romy",2016,https://open.spotify.com/track/0cC7TEZ5ZB0IZ9iRMYW13X,,,
3349,playlists,,Baddy On The Floor,"Jamie xx, Honey Dijon",2024,https://open.spotify.com/track/3CqaTHbiU2nBy3Ar9RnDHN,,,
3350,playlists,,Waited All Night - Nia Archives Remix,"Jamie xx, Nia Archives, Romy, Oliver Sim, The xx",2024,https://open.spotify.com/track/5sTF9aVNyUwum4xHMHnmSX,,,
3351,playlists,,Life,"Jamie xx, Robyn",2024,https://open.spotify.com/track/0sJMoIcWlkdSqnADm5Q2am,,,
3352,playlists,,Loud Places,"Jamie xx, Romy",2015,https://open.spotify.com/track/1jy7SkRcmBCTcv4ZMtwz29,,,
3353,playlists,,All You Children,"Jamie xx, The Avalanches",2024,https://open.spotify.com/track/1zYuc5YFYlFfSSq6IslHVY,,,
3354,playlists,,I Know There's Gonna Be (Good Times),"Jamie xx, Young Thug, Popcaan",2015,https://open.spotify.com/track/7xQU088imd7XrX6y0pSmdI,,,
3355,playlists,,Little L,Jamiroquai,2001,https://open.spotify.com/track/7hhclvecTpNxNNRCk7NUoc,,,
3356,playlists,,Orchid,"Jarod Glawe, 88Birds",2023,https://open.spotify.com/track/7o5KQ7xQntSTfT6OY0epSX,,,
3357,playlists,,Ridin' Solo,Jason Derulo,2010,https://open.spotify.com/track/6BaxqcoEM9r3LXisTyJjST,,,
3358,playlists,,Whatcha Say,Jason Derulo,2010,https://open.spotify.com/track/67T6l4q3zVjC5nZZPXByU8,,,
3359,playlists,,Talk Dirty (feat. 2 Chainz),"Jason Derulo, 2 Chainz",2013,https://open.spotify.com/track/5l3CML2OnzfNs5RfVgbcLt,,,
3360,playlists,,Don't Be Mad At Me (Remix),"JasonMartin, Freddie Gibbs, Snoop Dogg",2020,https://open.spotify.com/track/5BG9s0tpkw5ZPDsfhVzwRz,,,
3361,playlists,,NOTHIN,"JasonMartin, Jack Harlow, Jay Rock",2020,https://open.spotify.com/track/66bIZJo1rHOsYdYGeQ0GOX,,,
3362,playlists,,Get On Up (Getter Remix),"Jauz, Pegboard Nerds",2015,https://open.spotify.com/track/23EDf0JoMkm4q02guk2DJl,,,
3363,playlists,,Honeypie,JAWNY,2020,https://open.spotify.com/track/6FfLg6FFqhCsrFOaHIGkg0,,,
3364,playlists,,Pedro,"Jaxomy, Agatino Romero, Raffaella Carrà",2024,https://open.spotify.com/track/48lxT5qJF0yYyf2z4wB4xW,,,
3365,playlists,,Did It Again,"Jay Critch, Rich The Kid",2017,https://open.spotify.com/track/1cm5coyxJoSmdr4WmHgyGj,,,
3366,playlists,,Thunder Island,Jay Ferguson,1978,https://open.spotify.com/track/3FkQN4NyCFlfn7fWzBkWCj,Thunder Island,pattern,low
3367,playlists,,I Hope,Jay Lewis,2019,https://open.spotify.com/track/4BfDw9IrhB1LURJ0sUAwpL,,,
3368,playlists,,BEAMLIGHT,Jay Prince,2019,https://open.spotify.com/track/4jSgjJTCvqeYGMZCrdqZpE,,,
3369,playlists,,BLESSED NOW,Jay Prince,2019,https://open.spotify.com/track/51ZD7quSCBdlmDJaYeqVtU,,,
3370,playlists,,CLOSER,Jay Prince,2019,https://open.spotify.com/track/3y4cJ86vNtul1U9Ms1l7k2,,,
3371,playlists,,"Father, Father",Jay Prince,2016,https://open.spotify.com/track/5mSJgLW43dmFEMK50ECr0S,,,
3372,playlists,,FLOW,Jay Prince,2019,https://open.spotify.com/track/1W8IH1nhF7CQgDSCjHPZ6W,,,
3373,playlists,,In The Morning,Jay Prince,2018,https://open.spotify.com/track/5z0u74IwEWVfWsf6PM1aCY,,,
3374,playlists,,LUV ME,Jay Prince,2019,https://open.spotify.com/track/2jchUbTSsBVUqANuW11S3G,,,
3375,playlists,,RUN IT DOWN,Jay Prince,2019,https://open.spotify.com/track/5lcRPz56p4uCvT24DOQUG6,,,
3376,playlists,,WONDER,Jay Prince,2019,https://open.spotify.com/track/730I1akJZg0ryqwH9v8a9f,,,
3377,playlists,,Broke +-,Jay Rock,2018,https://open.spotify.com/track/5ssp1vNsoxlZnZhLqSaQGw,,,
3378,playlists,,ES Tales,Jay Rock,2018,https://open.spotify.com/track/7oOi3TK0OeAwb6fdLXg0WY,,,
3379,playlists,,For What It's Worth,Jay Rock,2018,https://open.spotify.com/track/41uDjq5gbtX5ooG1JOa8VB,,,
3380,playlists,,Knock It Off,Jay Rock,2018,https://open.spotify.com/track/7H6r4neriC5myT37LECCwf,,,
3381,playlists,,Money Trees Deuce,Jay Rock,2015,https://open.spotify.com/track/2efXZKqjit32oAHSDHtW1v,,,
3382,playlists,,Rotation 112th,Jay Rock,2018,https://open.spotify.com/track/2eukyNeMlFD8ULgttOeFwH,,,
3383,playlists,,The Bloodiest,Jay Rock,2018,https://open.spotify.com/track/54im2NdFHRdrkzVeFPj78z,,,
3384,playlists,,Troopers,Jay Rock,2018,https://open.spotify.com/track/4NdZ4mBjAoGYTrQnJgGm5W,,,
3385,playlists,,WIN,Jay Rock,2018,https://open.spotify.com/track/6o6XM9jgPHopOG6SMTyHoE,,,
3386,playlists,,Blowfly (with Ab-Soul),"Jay Rock, Ab-Soul",2023,https://open.spotify.com/track/2tRcF1bE5ESw9c8ljLXLsR,,,
3387,playlists,,Too Fast (Pull Over) (with Anderson .Paak & Latto),"Jay Rock, Anderson .Paak, Latto",2023,https://open.spotify.com/track/6vz3Fyhj6smbuYuaIZHksu,,,
3388,playlists,,King's Dead (feat. Future),"Jay Rock, Future",2018,https://open.spotify.com/track/2jkLbanswkGDIG99MZa5sP,,,
3389,playlists,,OSOM (feat. J. Cole),"Jay Rock, J. Cole",2018,https://open.spotify.com/track/2m3G4SXZiJEOvqf3s0s9d8,,,
3390,playlists,,Tap Out (feat. Jeremih),"Jay Rock, Jeremih",2018,https://open.spotify.com/track/0kCygKyDa4KT1Whx3wHIhh,,,
3391,playlists,,Hood Gone Love It (feat. Kendrick Lamar),"Jay Rock, Kendrick Lamar",2011,https://open.spotify.com/track/6i6cWTCYBOKEdJnWjzm2yk,,,
3392,playlists,,Wow Freestyle (feat. Kendrick Lamar),"Jay Rock, Kendrick Lamar",2018,https://open.spotify.com/track/12rbR0qoFJQ7rRGzgXrzHy,,,
3393,playlists,,Redemption (feat. SZA),"Jay Rock, SZA",2018,https://open.spotify.com/track/7FopIAv61exD8ojKvozFaz,,,
3394,playlists,,Shit Real (feat. Tee Grizzley),"Jay Rock, Tee Grizzley",2018,https://open.spotify.com/track/3HMwux9aUUgNyaZLfKfwpK,,,
3395,playlists,,Down,"Jay Sean, Lil Wayne",2009,https://open.spotify.com/track/6cmm1LMvZdB5zsCwX5BjqE,,,
3396,playlists,,Queen St,Jayd Ink,2022,https://open.spotify.com/track/3y5kablQcdGYEmLHkTHvIF,,,
3397,playlists,,Lucky Guy,JAYLIEN,2017,https://open.spotify.com/track/4TlYddc9NJPogrxGbqGTs0,,,
3398,playlists,,Price Tags (feat. Anderson .Paak),"Jazmine Sullivan, Anderson .Paak",2021,https://open.spotify.com/track/3ci2NK0t5iNzLw2u3F4MbM,,,
3399,playlists,,• BEFORE IT'S TOO LATE,Jazz Cartier,2018,https://open.spotify.com/track/0EolCvxadfk4mIV8qjqO8x,,,
3400,playlists,,• DISTRACTIONS,Jazz Cartier,2018,https://open.spotify.com/track/3fhpURnso0RLGJkFsrpr2Z,,,
3401,playlists,,• FENCING WITH FLOWERS,Jazz Cartier,2018,https://open.spotify.com/track/4tAB5AGhRWLVlHWZddzSO7,,,
3402,playlists,,• GLISS,Jazz Cartier,2018,https://open.spotify.com/track/0MmD4Okqi4TttimnMxXg2M,,,
3403,playlists,,• GODFLOWER,Jazz Cartier,2018,https://open.spotify.com/track/6p3YejWQ405dJUlLEBVOT5,,,
3404,playlists,,• IDWFIL,Jazz Cartier,2018,https://open.spotify.com/track/7J6tYYofqE3dzWfPkfAGIU,,,
3405,playlists,,• SECURITY,Jazz Cartier,2018,https://open.spotify.com/track/0gy9PsbbIqz0XorGV6tXi1,,,
3406,playlists,,• SEX MACHINA,Jazz Cartier,2018,https://open.spotify.com/track/1TPUi9bhczixIm9mNgAKmS,,,
3407,playlists,,• SOUL SEARCHER,Jazz Cartier,2018,https://open.spotify.com/track/4dtMOa6k8NX6ug6JIC8lmR,,,
3408,playlists,,• TALK 2,Jazz Cartier,2018,https://open.spotify.com/track/6SC3XsIrdMYFHpW7LqgbUZ,,,
3409,playlists,,• TEMPTED,Jazz Cartier,2017,https://open.spotify.com/track/4LP2VeYnQCW8FpsUztef2Y,,,
3410,playlists,,• WHICH ONE,Jazz Cartier,2018,https://open.spotify.com/track/0kPP4qqlYVIOGtGEv4j7li,,,
3411,playlists,,• XTRA TERRESTRIAL,Jazz Cartier,2018,https://open.spotify.com/track/4mDWtyj7IAwRjmF420bifm,,,
3412,playlists,,Glamorous,"Jazz Cartier, Kari Faux",2021,https://open.spotify.com/track/66ukzAAZEypdtMoDc5uICl,,,
3413,playlists,,• RIGHT NOW,"Jazz Cartier, KTOE",2018,https://open.spotify.com/track/1L5iqYFGMpKnmNjMgtiq0k,,,
3414,playlists,,• VVS,"Jazz Cartier, KTOE",2018,https://open.spotify.com/track/0M5ycnOCm3yZMPGwb9y68t,,,
3415,playlists,,• FUNCTION,"Jazz Cartier, The BLK LT$",2018,https://open.spotify.com/track/6hnucSC4jwwzIfbcp1PTH1,,,
3416,playlists,,Dirt Off Your Shoulder,JAŸ-Z,2003,https://open.spotify.com/track/3IrkbGQCoEPAkzJ0Tkv8nm,,,
3417,playlists,,Empire State Of Mind [Jay-Z + Alicia Keys],JAŸ-Z,2009,https://open.spotify.com/track/69yVxyuRahEzs2taFMVVoO,Empire State,landmark,high
3418,playlists,,Hard Knock Life (The Ghetto Anthem) - Radio Edit,JAŸ-Z,2003,https://open.spotify.com/track/10xdkfa78toyEqtwZ1KrLR,,,
3419,playlists,,I Just Wanna Love U (Give It 2 Me),JAŸ-Z,2010,https://open.spotify.com/track/1UdsBQTJOqpXXr13su0uI3,,,
3420,playlists,,Izzo (H.O.V.A.),JAŸ-Z,2001,https://open.spotify.com/track/10EGxvr4fSE42ABWZeJ3K3,,,
3421,playlists,,Roc Boys (And The Winner Is)...,JAŸ-Z,2007,https://open.spotify.com/track/7qTHHJ8MeXEKBVuopWdw4b,,,
3422,playlists,,Empire State Of Mind,"JAŸ-Z, Alicia Keys",2009,https://open.spotify.com/track/2igwFfvr1OAGX9SKDCPBwO,Empire State,landmark,high
3423,playlists,,King Kong Riddim (ft BackRoad Gee),"JAŸ-Z, Jadakiss, Conway the Machine, BackRoad Gee",2021,https://open.spotify.com/track/52VAPaZbeCB9iib6sqDTwu,,,
3424,playlists,,Gotta Have It,"JAŸ-Z, Kanye West",2011,https://open.spotify.com/track/6JFLZH9vCzgqnUToBdiHQb,,,
3425,playlists,,Murder To Excellence,"JAŸ-Z, Kanye West",2011,https://open.spotify.com/track/6IE4ozG51DjyY5Iuh82hqn,,,
3426,playlists,,New Day,"JAŸ-Z, Kanye West",2011,https://open.spotify.com/track/0x367gcUm6nsEoMXXFfEMy,,,
3427,playlists,,Ni**as In Paris,"JAŸ-Z, Kanye West",2011,https://open.spotify.com/track/7fQmDkqrrj13kxv4Vle3AM,Paris,city,high
3428,playlists,,That's My Bitch,"JAŸ-Z, Kanye West",2011,https://open.spotify.com/track/3TJxCXkL774hhGUmzFLUgy,,,
3429,playlists,,Welcome To The Jungle,"JAŸ-Z, Kanye West",2011,https://open.spotify.com/track/6bJDXckt81F0TfU1c3A4Ah,,,
3430,playlists,,Who Gon Stop Me,"JAŸ-Z, Kanye West",2011,https://open.spotify.com/track/2eqOjSC8dY1iFrQiJGPDOX,,,
3431,playlists,,Lift Off,"JAŸ-Z, Kanye West, Beyoncé",2011,https://open.spotify.com/track/4lwdrztjT9XLAeOP8FplSv,,,
3432,playlists,,Made In America,"JAŸ-Z, Kanye West, Frank Ocean",2011,https://open.spotify.com/track/15kwOUhZh4wLBhXALRdH2j,America,region,high
3433,playlists,,No Church In The Wild,"JAŸ-Z, Kanye West, Frank Ocean, THE-DREAM",2011,https://open.spotify.com/track/7Ct3wqpGLbNrrG617S00B3,,,
3434,playlists,,Why I Love You,"JAŸ-Z, Kanye West, Mr Hudson",2011,https://open.spotify.com/track/1RcOY4L1XFV9o5q4LUjRtP,,,
3435,playlists,,Otis,"JAŸ-Z, Kanye West, Otis Redding",2011,https://open.spotify.com/track/0nLcWJB4ir9430ulKxZZhV,,,
3436,playlists,,Run This Town,"JAŸ-Z, Rihanna, Kanye West",2009,https://open.spotify.com/track/7LR85XLWw2yXqKBSI5brbG,,,
3437,playlists,,Same Kids,"Jdam, Josue Janv'ier, Davenci",2018,https://open.spotify.com/track/5qDwR40HLk5tTfeuWXKm5x,,,
3438,playlists,,MENTHOL*,"Jean Dawson, Mac DeMarco",2021,https://open.spotify.com/track/2nMTBUdxkdCZWo7n3upy1e,,,
3439,playlists,,R.I.P.,"Jeezy, 2 Chainz",2013,https://open.spotify.com/track/2JJ5h2I1S0UR4tyD0U1I7K,,,
3440,playlists,,American Dream,"Jeezy, J. Cole, Kendrick Lamar",2017,https://open.spotify.com/track/4mOGM8cHMoG0YMPOnvdywV,,,
3441,playlists,,Back (feat. Yo Gotti),"Jeezy, Yo Gotti",2020,https://open.spotify.com/track/7hUraNVQaAxbX6RbaGNPSB,,,
3442,playlists,,Stella Brown,Jelani Aryeh,2021,https://open.spotify.com/track/6n6dqOk5vLiqYaa9Fw5ylH,,,
3443,playlists,,Bel Mercy,Jengi,2022,https://open.spotify.com/track/7udjTmsTZqdB1xLOHGJ8dM,,,
3444,playlists,,Let's Get Loud,Jennifer Lopez,1999,https://open.spotify.com/track/6kQz6t5z1FK4uohPh8Kd73,,,
3445,playlists,,Jenny from the Block (feat. Jadakiss & Styles P.) - Track Masters Remix,"Jennifer Lopez, Jadakiss, Styles P",2002,https://open.spotify.com/track/7LqjznQwfrax7MjQXmxqdQ,,,
3446,playlists,,Birthday Sex,Jeremih,2009,https://open.spotify.com/track/4NpDZPwSXmL0cCTaJuVrCw,,,
3447,playlists,,Changes,Jeremih,2022,https://open.spotify.com/track/3noiPAHonb3coH4jSVM09i,,,
3448,playlists,,oui,Jeremih,2015,https://open.spotify.com/track/4dfCW8ynuItQ9ABweWyl4C,,,
3449,playlists,,Pass Dat,Jeremih,2015,https://open.spotify.com/track/7qgYYgpOjye4itvWrl4Oyt,,,
3450,playlists,,Down On Me,"Jeremih, 50 Cent",2010,https://open.spotify.com/track/0x3TibRgnSqzkcwrqBd4iX,,,
3451,playlists,,Planes,"Jeremih, J. Cole",2015,https://open.spotify.com/track/75rDNLl8v6qVYHXGzfHv4c,,,
3452,playlists,,All The Time,"Jeremih, Lil Wayne, Natasha Mosley",2013,https://open.spotify.com/track/0USZx50eApN045zIIyjePN,,,
3453,playlists,,Goin Thru Some Thangz,"Jeremih, Ty Dolla $ign",2018,https://open.spotify.com/track/38tUgBtXwJxMlod5Aq8O5D,,,
3454,playlists,,Imitate,"Jeremih, Ty Dolla $ign",2018,https://open.spotify.com/track/3bTSIHFVorXxkPKykuABt6,,,
3455,playlists,,Impatient,"Jeremih, Ty Dolla $ign",2015,https://open.spotify.com/track/3WjyiSbfR74pjWXQ3IaFKJ,,,
3456,playlists,,Lie 2 Me,"Jeremih, Ty Dolla $ign",2018,https://open.spotify.com/track/4bK5YVykN1IkXMDzVyeRKR,,,
3457,playlists,,New Level,"Jeremih, Ty Dolla $ign",2018,https://open.spotify.com/track/6HFH4fh0qJsJRnOc0xIWwM,,,
3458,playlists,,Perfect Timing,"Jeremih, Ty Dolla $ign",2018,https://open.spotify.com/track/3CSv4rNuCPcqSA3UhB1it1,,,
3459,playlists,,Ride It,"Jeremih, Ty Dolla $ign",2018,https://open.spotify.com/track/5rWia6d9DtaErAjnDLgZn8,,,
3460,playlists,,Take Your Time,"Jeremih, Ty Dolla $ign",2018,https://open.spotify.com/track/31UPzWYdHxYPxYFEqB9vmK,,,
3461,playlists,,The Light,"Jeremih, Ty Dolla $ign",2018,https://open.spotify.com/track/0YIfZYYfVytcD1q0Mx57Ey,,,
3462,playlists,,These Days,"Jeremih, Ty Dolla $ign",2018,https://open.spotify.com/track/79gqfa8TgRc6F3z5QrEiN8,,,
3463,playlists,,Surrounded (feat. Chris Brown & Wiz Khalifa),"Jeremih, Ty Dolla $ign, Chris Brown, Wiz Khalifa",2018,https://open.spotify.com/track/1xhXtjqbFiNgLfqHMGo9lW,,,
3464,playlists,,FYT (with French Montana),"Jeremih, Ty Dolla $ign, French Montana",2018,https://open.spotify.com/track/0ZwHNhwxDhUYHYkSkHxMf0,,,
3465,playlists,,Don't Tell 'Em,"Jeremih, YG",2015,https://open.spotify.com/track/4TNbaUX5szRSr1O5ffM1mq,,,
3466,playlists,,Heavy,Jeremy Zucker,2017,https://open.spotify.com/track/5zEGGvSNvq69CttD8hECQu,,,
3467,playlists,,Idk Love,Jeremy Zucker,2017,https://open.spotify.com/track/2mSrVZsSKn2Ye5f0YuAbMh,,,
3468,playlists,,Keep My Head Afloat,Jeremy Zucker,2017,https://open.spotify.com/track/2XbcltKrNtMSdVjaoFYVfO,,,
3469,playlists,,Man Down,Jeremy Zucker,2017,https://open.spotify.com/track/1Y3gHno5oVeBYk2YOccgX2,,,
3470,playlists,,Shut Your Mouth,Jeremy Zucker,2017,https://open.spotify.com/track/6lY38FkInSA0QVHRb1PiEy,,,
3471,playlists,,Sinking,Jeremy Zucker,2017,https://open.spotify.com/track/5rMj5GEHELIWCoKIVoqhoB,,,
3472,playlists,,Stay Quiet,Jeremy Zucker,2017,https://open.spotify.com/track/60cWtMENrHp27WCevWGyya,,,
3473,playlists,,Upside Down,"Jeremy Zucker, Daniel James ",2017,https://open.spotify.com/track/3vzT5SNVL3vaDeAgnG9QhF,,,
3474,playlists,,Turn Around - Remix,"Jermaine Dupri, T.I., Young Dro, 2 Chainz, DJ Drama, 8Ball & MJG",2025,https://open.spotify.com/track/1hDRVjiLsR1STYnfiTVH1S,,,
3475,playlists,,You Know,"Jerry Folk, ELOQ",2016,https://open.spotify.com/track/59UplcfLA9kx5tlJFfVzau,,,
3476,playlists,,Hawaiian Roller Coaster Ride,"Jesse Bloch, Coby Watts",2023,https://open.spotify.com/track/7glRKZBfCam0TLK9CaDTGv,,,
3477,playlists,,Life Is,Jessica Pratt,2024,https://open.spotify.com/track/7I20yqgoGEEfXBK8YNICJ8,,,
3478,playlists,,F*** Being Friends,Jessie Reyez,2018,https://open.spotify.com/track/6QDi3G7ng3vWiIXQJntQSZ,,,
3479,playlists,,IMPORTED (with 6LACK),"Jessie Reyez, 6LACK",2020,https://open.spotify.com/track/2shEeQzAAL3nnOXfB5pJXx,,,
3480,playlists,,Are You Gonna Be My Girl,Jet,2003,https://open.spotify.com/track/305WCRhhS10XUcH6AEwZk6,,,
3481,playlists,,Cold Hard Bitch,Jet,2003,https://open.spotify.com/track/0wESZs7gN7TvfDbVP0w3Aw,,,
3482,playlists,,Bed Peace,"Jhené Aiko, Childish Gambino",2013,https://open.spotify.com/track/5Ck3e6z1bcSCes5gdo0Ddt,,,
3483,playlists,,Psilocybin (Love In Full Effect),"Jhené Aiko, Dr. Chill",2017,https://open.spotify.com/track/63OzpVdDGsUJnNqN6q5O3z,,,
3484,playlists,,Happiness Over Everything (H.O.E.) (feat. Future & Miguel),"Jhené Aiko, Future, Miguel",2020,https://open.spotify.com/track/3Wol2exesJNRrj6hGZ6R8s,,,
3485,playlists,,Sativa,"Jhené Aiko, Swae Lee",2017,https://open.spotify.com/track/2pg2TiYo9Rb8KeB5JjP7jS,,,
3486,playlists,,151 Rum,JID,2018,https://open.spotify.com/track/3gZQk9T3uujQhqaNO7FZbZ,,,
3487,playlists,,Ambassel,JID,2021,https://open.spotify.com/track/3kipCqly93spo4pTRFzeQi,,,
3488,playlists,,Cludder,JID,2021,https://open.spotify.com/track/5JISV2O82kiiwdEzx7ZL9b,,,
3489,playlists,,Despacito Too,JID,2018,https://open.spotify.com/track/4o9lniSBluLJwvNNsK1JyS,,,
3490,playlists,,Frequency Change,JID,2018,https://open.spotify.com/track/2M9KsmmmB6grt8zyNeysKR,,,
3491,playlists,,Hasta Luego,JID,2017,https://open.spotify.com/track/7vOzuVPW77Id417CK5AVry,,,
3492,playlists,,Just Da Other Day,JID,2018,https://open.spotify.com/track/2wqJI08gxFkHAJbCiqtfFz,,,
3493,playlists,,Money,JID,2022,https://open.spotify.com/track/2RXn2FXwRVlHDrs0CZnWEi,,,
3494,playlists,,Mounted Up,JID,2018,https://open.spotify.com/track/5UZj5iJXxpYogvXnHuiNMp,,,
3495,playlists,,NEVER,JID,2017,https://open.spotify.com/track/7hsulgRNgbyczeAg8tChCB,,,
3496,playlists,,Off Da Zoinkys,JID,2018,https://open.spotify.com/track/2GatydE8QyyevCvUmMhvhS,,,
3497,playlists,,Skegee,JID,2021,https://open.spotify.com/track/4MwhUpDkOOb4UU7BtKznlu,,,
3498,playlists,,Slick Talk,JID,2018,https://open.spotify.com/track/2UfFqfSYANBBKa7uJPFyzK,,,
3499,playlists,,Workin Out,JID,2018,https://open.spotify.com/track/1ZKmKenpeY1Yr94kADGpQF,,,
3500,playlists,,Surround Sound (feat. 21 Savage & Baby Tate),"JID, 21 Savage, Baby Tate",2022,https://open.spotify.com/track/46b23Nj2UftnN8jSWz4VR5,,,
3501,playlists,,8701,"JID, 6LACK",2017,https://open.spotify.com/track/0gmYtRyuvRKpd6cCApSDTh,,,
3502,playlists,,Tiiied (feat. 6LACK & Ella Mai),"JID, 6LACK, Ella Mai",2018,https://open.spotify.com/track/56QspNOQhZHWNONFKcRws0,,,
3503,playlists,,Westbrook (with A$AP Ferg),"JID, A$AP Ferg",2018,https://open.spotify.com/track/4Qj8gCa5dnj86sL0WIKdfa,Westbrook,city,medium
3504,playlists,,Half Doin Dope (with BabyTron feat. Lil Yachty),"JID, BabyTron, Lil Yachty",2023,https://open.spotify.com/track/1J0O3RqCeoMcXbayQZDZXL,,,
3505,playlists,,Skrawberries (feat. BJ The Chicago Kid),"JID, BJ The Chicago Kid",2018,https://open.spotify.com/track/4nwvkfw0KzhLo1bHut8o05,,,
3506,playlists,,Off Deez (with J. Cole),"JID, J. Cole",2018,https://open.spotify.com/track/3OXhib7pxAWnmwwoUI6HqY,,,
3507,playlists,,Dance Now (with Kenny Mason),"JID, Kenny Mason",2022,https://open.spotify.com/track/6EqF11d0EPJwVynLXu3gvY,,,
3508,playlists,,Just In Time (feat. Lil Wayne & Kenny Mason),"JID, Kenny Mason, Lil Wayne",2022,https://open.spotify.com/track/7fsMkFC6OwhFqqYYPipgrO,,,
3509,playlists,,Van Gogh (feat. Lil Yachty),"JID, Lil Yachty",2023,https://open.spotify.com/track/2tcI5EedPVjrxwewRQs62W,,,
3510,playlists,,Hot Box (feat. Method Man & Joey Bada$$),"JID, Method Man, Joey Bada$$",2018,https://open.spotify.com/track/37FFOyjlneevUqyT1RWPVU,,,
3511,playlists,,Bambi,Jidenna,2017,https://open.spotify.com/track/5KWV7S3osWbeOMPHCeWVyK,,,
3512,playlists,,Black Magic Hour,"Jidenna, Bullish",2020,https://open.spotify.com/track/4fuuDcJPH29rVBFmipmL5N,,,
3513,playlists,,The Other Half (feat. St. Beauty & Mereba),"Jidenna, St. Beauty, Mereba",2019,https://open.spotify.com/track/3e17UNHlGeiAGiNWgiLDhr,,,
3514,playlists,,tell you straight,jigitz,2025,https://open.spotify.com/track/1Cheunopig5ZrxuGe94MtX,,,
3515,playlists,,"Bad, Bad Leroy Brown",Jim Croce,1973,https://open.spotify.com/track/1O0xeZrBDbq7HPREdmYUYK,,,
3516,playlists,,Box #10,Jim Croce,1972,https://open.spotify.com/track/74WuL7igejogrAaQnHLwY4,,,
3517,playlists,,I Got a Name - Stereo Version,Jim Croce,1973,https://open.spotify.com/track/38llcrfX1arUqrEe0DRRzW,,,
3518,playlists,,Operator (That's Not the Way It Feels),Jim Croce,1972,https://open.spotify.com/track/3NJzkMApQqAudLSgYb5Bz2,,,
3519,playlists,,Walkin’ Back to Georgia,Jim Croce,1972,https://open.spotify.com/track/1y4fbtHSJLqpaQXduQw88e,Georgia,us_state,high
3520,playlists,,We Set The Trends,"Jim Jones, Migos",2021,https://open.spotify.com/track/56NJwtpBTG8RHlITXg7v7s,,,
3521,playlists,,4LeafClover,Jim Legxacy,2020,https://open.spotify.com/track/5JlyXyRRc66BHOT6KSI4pV,,,
3522,playlists,,eye tell (!),Jim Legxacy,2023,https://open.spotify.com/track/1MesVU0PUVlaUHzdWEcCwP,,,
3523,playlists,,father,Jim Legxacy,2025,https://open.spotify.com/track/0PQ33KiYJD1XPsP6oA1GYn,,,
3524,playlists,,hit it light it twist it,Jim Legxacy,2023,https://open.spotify.com/track/3svnMjUDD2SlLnTF2I6hKe,,,
3525,playlists,,nothings changed (!),Jim Legxacy,2024,https://open.spotify.com/track/4Lq6T5Hmn9lrRPVUoRjNE4,,,
3526,playlists,,stick,Jim Legxacy,2025,https://open.spotify.com/track/0BMiAWhG8u5JZ9GeDCFxu5,,,
3527,playlists,,Landslide,Jimi Tents,2015,https://open.spotify.com/track/6kgWshh5NlFhHciQsAaRww,,,
3528,playlists,,The Middle,Jimmy Eat World,2001,https://open.spotify.com/track/6GG73Jik4jUlQCkKg9JuGO,,,
3529,playlists,,No Man No Cry,Jimmy Sax,2021,https://open.spotify.com/track/2b0Aosp8Qa3Gt3AVvp2DJl,,,
3530,playlists,,Future Bae,Jimothy Lacoste,2018,https://open.spotify.com/track/34bT7vWwID79VIRu52hvPC,,,
3531,playlists,,Opendoors,Jitwam,2019,https://open.spotify.com/track/1gPeJMO7Az6ZtzHiaKUTWb,,,
3532,playlists,,Come My Way,"JLV, Jawedsway, Jerry Island",2020,https://open.spotify.com/track/3bhY7kp9joVSQvCHMxbr5M,Comé,city,medium
3533,playlists,,Pllajë,JMSN,2013,https://open.spotify.com/track/6wsutAgWflcWhODSjYEihr,,,
3534,playlists,,Cu-Cu-Rru-Cu-Cu Paloma,Joan Baez,1974,https://open.spotify.com/track/4hbeisZf0ocQj8yDhKmo4q,,,
3535,playlists,,De Colores (In Colors),Joan Baez,1974,https://open.spotify.com/track/2iRtTcqkWWoTEDxVaZJHZz,,,
3536,playlists,,Dida - 1974 Album Version,Joan Baez,1974,https://open.spotify.com/track/3sny5ZdU4iFLErXDjgmnpJ,,,
3537,playlists,,El Preso Numero Nueve (Prisoner Number Nine),Joan Baez,1974,https://open.spotify.com/track/5Hw8e90wuxJvmh6ppUf5V1,,,
3538,playlists,,El Rossinyol (The Nightingale),Joan Baez,1974,https://open.spotify.com/track/3QjaSanCO4LxiOFbCHckym,,,
3539,playlists,,Esquinazo Del Guerrillero (The Guerilla's Serenade),Joan Baez,1974,https://open.spotify.com/track/2dHN9tSXX5jtjKXAhQc6Mw,,,
3540,playlists,,Gracias A La Vida (Here's To Life),Joan Baez,1974,https://open.spotify.com/track/5TT770Ly9HEXzDgSOe5wU8,,,
3541,playlists,,Guantanamera,Joan Baez,1974,https://open.spotify.com/track/5TwBvbNIlgmGWgKx61uDFI,,,
3542,playlists,,La Llorona (The Weeping Woman),Joan Baez,1974,https://open.spotify.com/track/3U8poKWDyclUiTONKs6QIs,,,
3543,playlists,,Las Madres Cansadas (All The Weary Mothers Of The Earth),Joan Baez,1974,https://open.spotify.com/track/0FUqABnZfyFC7aQdggjXy1,,,
3544,playlists,,Llego Con Tres Heridas (I Come With Three Wounds),Joan Baez,1974,https://open.spotify.com/track/6RcNg5dtpdXAPHRhDIThUp,,,
3545,playlists,,No Nos Moveran (We Shall Not Be Moved),Joan Baez,1974,https://open.spotify.com/track/0ZlhjgxoMsM3onddOC6a73,,,
3546,playlists,,Paso Rio (I Pass A River),Joan Baez,1974,https://open.spotify.com/track/0iQI9W3f2Vn2WNUI6xJcrC,Rio; I Pass A River,city; pattern,high
3547,playlists,,Te Recuerdo Amanda (I Remember Amanda),Joan Baez,1974,https://open.spotify.com/track/4G7rxIqqGpLsTdsonC1ivQ,,,
3548,playlists,,Tuesday,Jodie Harsh,2019,https://open.spotify.com/track/6WAjWkJMx6HAzXO6TkKhEo,,,
3549,playlists,,Nike Checks,Joe Trufant,2017,https://open.spotify.com/track/0n1J4OKP7VoYEBpzf7nRnC,,,
3550,playlists,,The Parade,"Joel Corry, Da Hool",2022,https://open.spotify.com/track/0B3H6se7MYo3D7BmzfvdVN,,,
3551,playlists,,Face Of The Earth,Joel Plaskett Emergency,2007,https://open.spotify.com/track/0XLmhHcZ7GVBoQO7HVCQpI,,,
3552,playlists,,Devastated,Joey Bada$$,2016,https://open.spotify.com/track/08X9m3tpcthgrItjPVAmCu,,,
3553,playlists,,Fallin',Joey Bada$$,2023,https://open.spotify.com/track/1pkK7kZtxGBoXb583vDS9E,,,
3554,playlists,,FOR MY PEOPLE,Joey Bada$$,2017,https://open.spotify.com/track/5URYXSFGks9Q8eYePlgVdL,,,
3555,playlists,,LAND OF THE FREE,Joey Bada$$,2017,https://open.spotify.com/track/6xz04ypw5JsqiyityCASG1,,,
3556,playlists,,Love Is Only a Feeling,Joey Bada$$,2017,https://open.spotify.com/track/7umZiitjVsEjMQ6HNddpUI,,,
3557,playlists,,Paper Trail$,Joey Bada$$,2015,https://open.spotify.com/track/23bOfmnZiN42pB1frXNyak,,,
3558,playlists,,Show Me,Joey Bada$$,2022,https://open.spotify.com/track/2uuJs2nltcYFh9pkKP7bW4,,,
3559,playlists,,Survivors Guilt,Joey Bada$$,2022,https://open.spotify.com/track/5cEd8xWXyqhpuCDUXQOyE3,,,
3560,playlists,,TEMPTATION,Joey Bada$$,2017,https://open.spotify.com/track/7L9g4cPfohScjJ8mGwLQWr,,,
3561,playlists,,The Light,Joey Bada$$,2020,https://open.spotify.com/track/5LyK4EaVofQjOvJ4OGhdfv,,,
3562,playlists,,THE REV3NGE,Joey Bada$$,2022,https://open.spotify.com/track/2qvc0vB4AAW39DR9j6vXa1,,,
3563,playlists,,Where I Belong,Joey Bada$$,2022,https://open.spotify.com/track/1PwY8OpvFFt7CmnpnPAw7O,,,
3564,playlists,,Zipcodes,Joey Bada$$,2022,https://open.spotify.com/track/7klycPYjcy8FSQcIZTAVNy,,,
3565,playlists,,Survival Tactics (feat. Capital Steez),"Joey Bada$$, Capital Steez",2012,https://open.spotify.com/track/3lFr31BkSc4MxBN0iKqzI9,,,
3566,playlists,,Havin My Way (feat. Vince Staples),"Joey Fatts, Vince Staples",2020,https://open.spotify.com/track/0qBefAUxBFWyNs4XLT7LiS,,,
3567,playlists,,Elastic,Joey Purp,2018,https://open.spotify.com/track/4MAADpR6MjelkaZqe3Mgnv,,,
3568,playlists,,Girls @ (feat. Chance the Rapper),"Joey Purp, Chance the Rapper",2016,https://open.spotify.com/track/00kYtO6UJq0q9aJ1n3iY1c,,,
3569,playlists,,THE PARTY SONG,Joey Valence & Brae,2025,https://open.spotify.com/track/4tJXLJqKQD0H4FlxUu6ks2,,,
3570,playlists,,THE BADDEST (BADDER) [feat. Ayesha Erotica],"Joey Valence & Brae, Ayesha Erotica",2024,https://open.spotify.com/track/5tzcByvFyzRPHXrBgOaxkk,,,
3571,playlists,,WASSUP (feat. JPEGMAFIA),"Joey Valence & Brae, JPEGMAFIA",2025,https://open.spotify.com/track/695BJdWZwhvuws1HSrvU4e,,,
3572,playlists,,SEE U DANCE (feat. Rebecca Black),"Joey Valence & Brae, Rebecca Black",2025,https://open.spotify.com/track/4ck6UcrJEYV5ZUcJFYVyVN,,,
3573,playlists,,"Take Me Home, Country Roads - Rerecorded",John Denver,1997,https://open.spotify.com/track/2xYlyywNgefLCRDG8hlxZq,,,
3574,playlists,,Tomorrow,"John Legend, Florian Picasso, Nas",2022,https://open.spotify.com/track/2F8UhXCxJveJWAmUVKse5h,,,
3575,playlists,,Hold On - Remastered 2010,John Lennon,1970,https://open.spotify.com/track/4bN43jYf41eIjJZ3UXQpuA,,,
3576,playlists,,New Light,John Mayer,2021,https://open.spotify.com/track/4T6FWA703h6H7zk1FoSARw,,,
3577,playlists,,Wild Blue,John Mayer,2021,https://open.spotify.com/track/4VFGpluBaU1WcquEMzhSz6,,,
3578,playlists,,Jack & Diane,John Mellencamp,1982,https://open.spotify.com/track/21MsRs5ShUpwYsr6xfuPyH,,,
3579,playlists,,La Danza,John Summit,2022,https://open.spotify.com/track/2FEUloDXMvRnyfLcsrCfkw,,,
3580,playlists,,Where You Are - GRiZ Remix,"John Summit, HAYLA, GRiZ",2023,https://open.spotify.com/track/47kEJq44ZBrRBD4gvdCu0v,,,
3581,playlists,,light years (feat. Inéz),"John Summit, Inéz",2025,https://open.spotify.com/track/2wRKES8HKm4EutRHz7JD1x,,,
3582,playlists,,palm of my hands - Odd Mob Remix,"John Summit, Odd Mob, venbee",2024,https://open.spotify.com/track/2vxsdAnntt6eGZJJRaLBF6,,,
3583,playlists,,"Mulholland Drive, My Abyss",Johnny Rain,2013,https://open.spotify.com/track/67rsyQGAck6EyzdaNgPajW,Mulholland Drive,street,high
3584,playlists,,Earth Mother,Johnny Whitehorse,2016,https://open.spotify.com/track/2NGkJn9uRN4SrTSoahNbgD,,,
3585,playlists,,ATTENTION,Joji,2018,https://open.spotify.com/track/5aqu5xhPqoOWqF71PkfgM8,,,
3586,playlists,,COME THRU,Joji,2018,https://open.spotify.com/track/48x8fBWfyeSMzLl5gbsjr9,Comé,city,medium
3587,playlists,,Glimpse of Us,Joji,2022,https://open.spotify.com/track/6xGruZOHLs39ZbVccQTuPZ,,,
3588,playlists,,I'LL SEE YOU IN 40,Joji,2018,https://open.spotify.com/track/606F3qdYCXtDVtKN53YsuW,,,
3589,playlists,,Love Us Again,Joji,2019,https://open.spotify.com/track/5aB07mqonpa5r0CCNZLv1k,,,
3590,playlists,,NO FUN,Joji,2018,https://open.spotify.com/track/4sbtM9ORGwmxGkXfctXbJq,,,
3591,playlists,,PIXELATED KISSES,Joji,2025,https://open.spotify.com/track/7qKoJTEj8OAmnS3TevWAVv,,,
3592,playlists,,Run,Joji,2020,https://open.spotify.com/track/6p8eEdiZLKJH8tcjGZuNTK,,,
3593,playlists,,Sanctuary,Joji,2019,https://open.spotify.com/track/3xaugmCyXrVkrDTXbFkMW3,,,
3594,playlists,,SLOW DANCING IN THE DARK,Joji,2018,https://open.spotify.com/track/0rKtyWc8bvkriBthvHKY8d,,,
3595,playlists,,TEST DRIVE,Joji,2018,https://open.spotify.com/track/1DMEzmAoQIikcL52psptQL,,,
3596,playlists,,WANTED U,Joji,2018,https://open.spotify.com/track/0Y9D1Bc4fAkeZnVsGKdij6,,,
3597,playlists,,Will He,Joji,2017,https://open.spotify.com/track/6i3K9JRY0Bc6kZZeyMuikL,,,
3598,playlists,,XNXX,Joji,2018,https://open.spotify.com/track/0qpSvzE0Rws3gVZNZCf04v,,,
3599,playlists,,YEAH RIGHT,Joji,2018,https://open.spotify.com/track/1VGzxJnVQND7Cg5H5wGj14,,,
3600,playlists,,YUKON (INTERLUDE),Joji,2022,https://open.spotify.com/track/6c1yUgFlhUHLAM9hSDkVBq,Yukon,province,high
3601,playlists,,CAN'T GET OVER YOU (feat. Clams Casino),"Joji, Clams Casino",2018,https://open.spotify.com/track/39oeKRgsLeynDIbWuXyA47,,,
3602,playlists,,WHY AM I STILL IN LA (feat. Shlohmo & D33J),"Joji, D33J, Shlohmo",2018,https://open.spotify.com/track/1X8YgRhzbdXb1vZNLUTn9g,,,
3603,playlists,,Daylight,"Joji, Diplo",2020,https://open.spotify.com/track/6Ed1q0X8oSKSm4IIhiQbYg,,,
3604,playlists,,R.I.P. (feat. Trippie Redd),"Joji, Trippie Redd",2018,https://open.spotify.com/track/4wJ8dJKBAxdDe5cUx8K779,,,
3605,playlists,,Uneasy (feat. Lil Wayne),"Jon Batiste, Lil Wayne",2023,https://open.spotify.com/track/6dotY5Ubbm5cLKBm6KQkZI,,,
3606,playlists,,Blu,Jon Bellion,2018,https://open.spotify.com/track/4FUDWkguOUVpLRAVn5C20z,,,
3607,playlists,,Cautionary Tales,Jon Bellion,2018,https://open.spotify.com/track/6BbANlpji0u8ZlqyPVMQiM,,,
3608,playlists,,Conversations with my Wife,Jon Bellion,2018,https://open.spotify.com/track/1EAZ0APxPiVuzDb7R5TfVI,,,
3609,playlists,,Couples Retreat,Jon Bellion,2018,https://open.spotify.com/track/7pMS0byKI7V1Mpl0SlWEDq,,,
3610,playlists,,JT,Jon Bellion,2018,https://open.spotify.com/track/1eftOUoeMO1JkSQQmS6jXF,,,
3611,playlists,,Stupid Deep,Jon Bellion,2018,https://open.spotify.com/track/7cK7hDrE7vAesPf8xd5zmb,,,
3612,playlists,,The Internet,Jon Bellion,2018,https://open.spotify.com/track/359Q4gGdrQIFhRzs7J8gZu,,,
3613,playlists,,Mah's Joint (feat. Quincy Jones),"Jon Bellion, Quincy Jones",2018,https://open.spotify.com/track/1SefvAcZtoZo22njnX2qy7,,,
3614,playlists,,"Let's Begin (feat. Roc Marciano, RZA, B.Keyz & Travis Mendes)","Jon Bellion, Roc Marciano, RZA, B.Keyz, Travis Mendes",2018,https://open.spotify.com/track/2X1Tygc4uVunRgzNkFb1mG,,,
3615,playlists,,Adult Swim (feat. Tuamie),"Jon Bellion, Tuamie",2018,https://open.spotify.com/track/7HKSWfpxHhllSmoLk9AQz8,,,
3616,playlists,,Backstreets,Jon Waltz,2018,https://open.spotify.com/track/2J8h6CYjgekMZ6YLzNxG1g,,,
3617,playlists,,Bang,Jon Waltz,2014,https://open.spotify.com/track/3dP3pB1oDO7jTGPVkurPya,,,
3618,playlists,,Justified,Jon Waltz,2016,https://open.spotify.com/track/5mWPKY3XG4P8VfkxE3ZOra,,,
3619,playlists,,Riot,Jon Waltz,2016,https://open.spotify.com/track/3WpA2qsihqFtTcuNzBlEYI,,,
3620,playlists,,Sportscar,Jon Waltz,2019,https://open.spotify.com/track/7aS9BSdc8HlNvSAEdALb18,,,
3621,playlists,,Burnin' Up,Jonas Brothers,2008,https://open.spotify.com/track/2VEsmoek0sol9MnJFyoG9e,,,
3622,playlists,,3 Little Pigs & The Big Bad Wolf,Jools TV,2023,https://open.spotify.com/track/5G7waIgXQw3yzQJNWwqvnn,,,
3623,playlists,,Drugs You Should Try It,Jordan Bratton,2015,https://open.spotify.com/track/67sARzYnNgxQo65sb8FoI4,,,
3624,playlists,,MEDELLÍN,Jordy,2022,https://open.spotify.com/track/1P2oHHt55HVVOZ2no8s7F0,Medellín,city,high
3625,playlists,,Addicted,Jorja Smith,2021,https://open.spotify.com/track/3vMtiUewPWlK5UsIlE8lIy,,,
3626,playlists,,Backwards,Jorja Smith,2023,https://open.spotify.com/track/7uRIdAhzWjQPSIgkZaMn73,,,
3627,playlists,,Blue Lights,Jorja Smith,2018,https://open.spotify.com/track/1It1TxBK3xIQAB4xJkPevn,,,
3628,playlists,,Broken is the man,Jorja Smith,2023,https://open.spotify.com/track/1RESSkMgG8z9IEPHdBZb43,,,
3629,playlists,,Don't Watch Me Cry,Jorja Smith,2018,https://open.spotify.com/track/202lm9YX5WmAac83tOGlVn,,,
3630,playlists,,Falling or flying,Jorja Smith,2023,https://open.spotify.com/track/4CNZbr3dSioXNk5bJE46XQ,,,
3631,playlists,,February 3rd,Jorja Smith,2018,https://open.spotify.com/track/3c5gLGgwRrE7sQYSNHCXEj,,,
3632,playlists,,Gone,Jorja Smith,2021,https://open.spotify.com/track/1wFwyUWoNFdr0Fl0QygxZ2,,,
3633,playlists,,Goodbyes,Jorja Smith,2018,https://open.spotify.com/track/4CYBfRX3oEPni9Elqm8Bnt,,,
3634,playlists,,I Am,Jorja Smith,2018,https://open.spotify.com/track/0DJBgBiYeSn6n1AXAkFVE8,,,
3635,playlists,,Lifeboats (Freestyle),Jorja Smith,2018,https://open.spotify.com/track/02DylNP4HxYaYMbqM4dGHr,,,
3636,playlists,,Little Things,Jorja Smith,2023,https://open.spotify.com/track/1javLzBHyEKJJrG3s6FHaM,,,
3637,playlists,,Little Things x Gypsy Woman - L BEATS MASHUP,Jorja Smith,2023,https://open.spotify.com/track/6xp1u6ZEHXX8DxJIFFrVoP,,,
3638,playlists,,Lost & Found,Jorja Smith,2018,https://open.spotify.com/track/6jaLFu5HvfNrI1JmcM4eXu,,,
3639,playlists,,On Your Own,Jorja Smith,2018,https://open.spotify.com/track/6LP5qQvZAvR6PNZqysxmhS,,,
3640,playlists,,Teenage Fantasy,Jorja Smith,2018,https://open.spotify.com/track/0fIFjeeLJjIBliWUCsxyMF,,,
3641,playlists,,The One,Jorja Smith,2018,https://open.spotify.com/track/1Ahp4PZ1vzdbzBCedUrsqI,,,
3642,playlists,,Tomorrow,Jorja Smith,2018,https://open.spotify.com/track/14qLa09blyCJdkRJRQ8lpV,,,
3643,playlists,,Wandering Romance,Jorja Smith,2018,https://open.spotify.com/track/3ljkahwsdk97GG9g73l6w3,,,
3644,playlists,,What if my heart beats faster?,Jorja Smith,2023,https://open.spotify.com/track/4ia44V8FHR5GtRukYPQVOh,,,
3645,playlists,,Where Did I Go?,Jorja Smith,2018,https://open.spotify.com/track/79OKfIXCPbNhZa3h1ZREag,,,
3646,playlists,,Come Over (Remix),"Jorja Smith, OBOY",2021,https://open.spotify.com/track/5RBc2SUllAJG4gUZdXTBIj,Comé,city,medium
3647,playlists,,Come Over (feat. Popcaan),"Jorja Smith, Popcaan",2020,https://open.spotify.com/track/58mtgcQVZ56NgWHKsN94nD,Comé,city,medium
3648,playlists,,On My Mind (Jorja Smith X Preditah),"Jorja Smith, Preditah",2017,https://open.spotify.com/track/1OxL1FWSEd7QmJoWLRP2NO,,,
3649,playlists,,The Way I Love You - TS7 Remix,"Jorja Smith, TS7",2025,https://open.spotify.com/track/3nF3JwFwqbo0Zj1P8GPQp5,,,
3650,playlists,,Do or Die (feat. Childish Gambino),"Joshua Steele, Childish Gambino",2013,https://open.spotify.com/track/2BTPW7osibjN9gFDRY4mYN,,,
3651,playlists,,Silent Cottage,José Neto,2016,https://open.spotify.com/track/6h2c4x0nRfjSmtguLtwoar,,,
3652,playlists,,Don't Stop Believin',Journey,2001,https://open.spotify.com/track/77NNZQSqzLNqh2A9JhLRkg,,,
3653,playlists,,RPM,JOXION,2023,https://open.spotify.com/track/3JmYbk1udLndnD6Q3AbeU4,,,
3654,playlists,,No Hands,Joy Crookes,2019,https://open.spotify.com/track/0gZcAOhjbDoLGzCQ0VW2J6,,,
3655,playlists,,On One,"Joyce Wrice, Freddie Gibbs",2021,https://open.spotify.com/track/0evKTZ9MpgVcCd5TBvmeD6,,,
3656,playlists,,Stranger Things,"Joyner Lucas, Chris Brown",2018,https://open.spotify.com/track/34I0nBvoE0ZXmqbKiJ5BWS,,,
3657,playlists,,Your Heart,"Joyner Lucas, J. Cole",2021,https://open.spotify.com/track/2DTpP3caqX3QdJIEoS83mD,,,
3658,playlists,,The War (feat. Young Thug),"Joyner Lucas, Young Thug",2020,https://open.spotify.com/track/2o1dvKh58G11C51Y9EgBs3,,,
3659,playlists,,HOT DRUM,JOYRYDE,2016,https://open.spotify.com/track/0gcPFlSLjkVqz84RcDhyJk,,,
3660,playlists,,IM GONE,JOYRYDE,2019,https://open.spotify.com/track/1SYNgyiVRZEBhV0P4YFBk8,,,
3661,playlists,,ON FIRE,JOYRYDE,2020,https://open.spotify.com/track/2vHOCV5YErCA8ypUwHozcA,,,
3662,playlists,,either on or off the drugs,JPEGMAFIA,2024,https://open.spotify.com/track/3EWaU5exMayFzQMkIfTX7w,,,
3663,playlists,,I'll Be Right There,JPEGMAFIA,2024,https://open.spotify.com/track/5Z6hdVHH39nARjTBfMUVl6,,,
3664,playlists,,Kenan Vs. Kel,JPEGMAFIA,2019,https://open.spotify.com/track/24qzFziOb1rODxJONB9E9a,,,
3665,playlists,,OG!,JPEGMAFIA,2021,https://open.spotify.com/track/5MelFaia7UyOxn3Xkhcunf,,,
3666,playlists,,God Loves You,"JPEGMAFIA, Danny Brown",2023,https://open.spotify.com/track/7y2EELtWhCaDU9A0vOYVHv,,,
3667,playlists,,Get Home (Get Right),"JR Castro, Kid Ink, Migos",2015,https://open.spotify.com/track/0YJpztCNLQR6eoEiSIxQ1H,,,
3668,playlists,,Girls Gone Wild,JT,2025,https://open.spotify.com/track/1TYLYTMtSIqqPpOGJhmp0y,,,
3669,playlists,,You Oughta Know,"Juelz Santana, Cam'ron",2005,https://open.spotify.com/track/3hr4wbMPJIRWsbzh064qXR,,,
3670,playlists,,All Girls Are The Same,Juice WRLD,2018,https://open.spotify.com/track/3H2JThgdBxezwj1wwafQS8,,,
3671,playlists,,Already Dead,Juice WRLD,2021,https://open.spotify.com/track/7qM1BWAsZMTYh4BcYLb0uQ,,,
3672,playlists,,Armed And Dangerous,Juice WRLD,2018,https://open.spotify.com/track/5wujBwqG7INdStqGd4tRMX,,,
3673,playlists,,Betrayal - Skit,Juice WRLD,2018,https://open.spotify.com/track/1sLhf1Cp9GUk3TnESz6t82,,,
3674,playlists,,Black & White,Juice WRLD,2018,https://open.spotify.com/track/2gsTjQouGxmD0z9K5MYpoI,,,
3675,playlists,,Candles,Juice WRLD,2018,https://open.spotify.com/track/3cSimni7w3WR3UUovLzDus,,,
3676,playlists,,End Of The Road,Juice WRLD,2018,https://open.spotify.com/track/7sHUdN1bgpLjIWFG0CYJqs,,,
3677,playlists,,Hurt Me,Juice WRLD,2018,https://open.spotify.com/track/5XwDaNtMJZRpEEYdA7Qpl9,,,
3678,playlists,,I'll Be Fine,Juice WRLD,2018,https://open.spotify.com/track/7rGAgM8W1ftKjpmSqNlykk,,,
3679,playlists,,I'm Still,Juice WRLD,2018,https://open.spotify.com/track/26ky62toC9D5LGLMvpVQxD,,,
3680,playlists,,In My Head,Juice WRLD,2022,https://open.spotify.com/track/2RJAKIw6nIkgZVsAIKhmqz,,,
3681,playlists,,Intro,Juice WRLD,2018,https://open.spotify.com/track/26w7lDdPbC2VwRnZ5UF3tk,,,
3682,playlists,,Karma - Skit,Juice WRLD,2018,https://open.spotify.com/track/5rhrholu6pg2ccWMa0Ymgt,,,
3683,playlists,,Lean Wit Me,Juice WRLD,2018,https://open.spotify.com/track/3RWM7z6BF8C6z9ypLtxz4M,,,
3684,playlists,,Long Gone,Juice WRLD,2018,https://open.spotify.com/track/2ye0qpqXKVfJT9mlUIsQ3k,,,
3685,playlists,,Lucid Dreams,Juice WRLD,2018,https://open.spotify.com/track/0X8DcetL926BYiPJYstJTc,,,
3686,playlists,,Make It Back,Juice WRLD,2018,https://open.spotify.com/track/2EhJijFUs0WUmNClDBpYJq,,,
3687,playlists,,Righteous,Juice WRLD,2020,https://open.spotify.com/track/0OyQns5ayNK2OVaES0Vb8t,,,
3688,playlists,,Robbery,Juice WRLD,2019,https://open.spotify.com/track/711MglQhnhOF3UAiAs9A59,,,
3689,playlists,,Rockstar In His Prime,Juice WRLD,2021,https://open.spotify.com/track/0v36cov6Z6aEV5ZgIlqZMk,,,
3690,playlists,,Scared Of Love,Juice WRLD,2018,https://open.spotify.com/track/69g6PNgMneFIDOc6q29oUC,,,
3691,playlists,,Sometimes,Juice WRLD,2022,https://open.spotify.com/track/3i6sCTU7ENlnHpHvrHUitW,,,
3692,playlists,,Used To,Juice WRLD,2018,https://open.spotify.com/track/0aFFcpD0ecGbE0RzllC6qK,,,
3693,playlists,,Real Shit (with benny blanco),"Juice WRLD, benny blanco",2020,https://open.spotify.com/track/3uVPLtkmDu8pDkYEAVqbgS,,,
3694,playlists,,Life's A Mess II (with Clever & Post Malone),"Juice WRLD, Clever, Post Malone",2021,https://open.spotify.com/track/1OY8QeQGKJLfEYtl6zfWZT,,,
3695,playlists,,Wandered To LA (with Justin Bieber),"Juice WRLD, Justin Bieber",2021,https://open.spotify.com/track/5J6rTmMjF9DVIAF8G3M9n4,,,
3696,playlists,,Ring Ring (with Rvssian feat. Clever),"Juice WRLD, Rvssian, Clever",2019,https://open.spotify.com/track/4zxpssj8DyrfZcEUSUiNxG,,,
3697,playlists,,Hide (feat. Seezyn),"Juice WRLD, Seezyn",2018,https://open.spotify.com/track/6rz0dTA0PdhXImFV5EjM0w,,,
3698,playlists,,Smile (with The Weeknd),"Juice WRLD, The Weeknd",2020,https://open.spotify.com/track/1EIsJed40cd7Bcv8SXVdqA,,,
3699,playlists,,Tell Me U Luv Me (with Trippie Redd),"Juice WRLD, Trippie Redd",2020,https://open.spotify.com/track/4CNcRgjGw1v9VQaTaytdnD,,,
3700,playlists,,Bad Boy (with Young Thug),"Juice WRLD, Young Thug",2021,https://open.spotify.com/track/43CIWpJaJHRcI4mUSjqgc2,,,
3701,playlists,,Bandit (with YoungBoy Never Broke Again),"Juice WRLD, YoungBoy Never Broke Again",2019,https://open.spotify.com/track/6Gg1gjgKi2AK4e0qzsR7sd,,,
3702,playlists,,PO UP,"Juicy J, A$AP Rocky",2020,https://open.spotify.com/track/1ASG65sSdIL1z1NTPN4nhg,,,
3703,playlists,,1995,"Juicy J, Logic",2020,https://open.spotify.com/track/5KFqBLIITjlM6fhYhBnBzC,,,
3704,playlists,,LOAD IT UP,"Juicy J, NLE Choppa",2020,https://open.spotify.com/track/0LE2H36uYuoBi9D9IcyiuO,,,
3705,playlists,,Flood Watch (feat. Offset),"Juicy J, Offset",2017,https://open.spotify.com/track/1oJy4Imge6M4SoJlHwMWP7,,,
3706,playlists,,One of Those Nights (feat. The Weeknd),"Juicy J, The Weeknd",2013,https://open.spotify.com/track/6Jc69KjFo9QNailcyDJh2I,,,
3707,playlists,,Neighbor (feat. Travis Scott),"Juicy J, Travis Scott",2018,https://open.spotify.com/track/2iicKPnvOKfbJZJZtuQnjy,,,
3708,playlists,,Deep End,Julia Wolf,2026,https://open.spotify.com/track/2IcSuogCYSlvO7S9gG4eBo,,,
3709,playlists,,In My Room,Julia Wolf,2025,https://open.spotify.com/track/2Ui2JtVjnbHZuExldryCOA,,,
3710,playlists,,All Of The Time,Jungle,2021,https://open.spotify.com/track/5Ev60QcFefqlvVfF7ZWOdi,,,
3711,playlists,,Back On 74,Jungle,2023,https://open.spotify.com/track/19kHhX6f6EfLU7rcO3RqjO,,,
3712,playlists,,Busy Earnin',Jungle,2014,https://open.spotify.com/track/7f7CxGj0kzfwT1SjciL3ft,,,
3713,playlists,,Casio,Jungle,2018,https://open.spotify.com/track/44ZKnfWEkp7wPs035j4Tua,,,
3714,playlists,,GOOD TIMES,Jungle,2022,https://open.spotify.com/track/6I6QkE2UVSj9YX48oRrD6e,,,
3715,playlists,,"Heavy, California",Jungle,2018,https://open.spotify.com/track/34wcz4mpAActEc6gtqX3wz,California,us_state,high
3716,playlists,,Keep Moving,Jungle,2021,https://open.spotify.com/track/6mfQHV1tPWUpme1qi9vYpI,,,
3717,playlists,,PROBLEMZ,Jungle,2022,https://open.spotify.com/track/1Ajxy8HPeQUJurybrlIYG4,,,
3718,playlists,,"Someday, Somewhere",Jungle,2026,https://open.spotify.com/track/20FqWsyuUaQTU5tk4nP6eN,,,
3719,playlists,,Doin' Our Own Dang,Jungle Brothers,1989,https://open.spotify.com/track/4fuLWKNpY01OLMT9tARnB4,,,
3720,playlists,,Candle Flame,"Jungle, Erick the Architect",2023,https://open.spotify.com/track/0LdAEUc7gyEY6xIG9y3lLM,,,
3721,playlists,,Griselda Blanco,"Junk, Massiah",2023,https://open.spotify.com/track/7tduiOzwkR4KP2HHXuC67X,,,
3722,playlists,,CONCRETE SCHOOLYARD,Jurassic 5,1998,https://open.spotify.com/track/62N40fPEoDBA2g3cExNMex,,,
3723,playlists,,Catch Me If You Can,Just For Fun,2025,https://open.spotify.com/track/3avxoezewxXsotmpqVbDtV,,,
3724,playlists,,Undressed,Just For Fun,2026,https://open.spotify.com/track/0wzQIzJRmKSeHxvPiehhnh,,,
3725,playlists,,D.A.N.C.E.,Justice,2007,https://open.spotify.com/track/33yAEqzKXexYM3WlOYtTfQ,,,
3726,playlists,,Incognito,Justice,2024,https://open.spotify.com/track/2hgJytc4y91EjqJ1LHXqDz,,,
3727,playlists,,Safe and Sound,Justice,2016,https://open.spotify.com/track/5pqbHlHaVbkHJQlsAxhcZM,,,
3728,playlists,,We Are Your Friends - Justice Vs Simian,"Justice, Simian",2006,https://open.spotify.com/track/5f5RzlEgheGXEsYAvmYil8,,,
3729,playlists,,Neverender,"Justice, Tame Impala",2024,https://open.spotify.com/track/0ccoGCaOFCxI6pHixrQpKj,,,
3730,playlists,,Mannequin Love,"Justice, The Flints",2024,https://open.spotify.com/track/4csm3bIilOko37LEVW1v8P,,,
3731,playlists,,All In It,Justin Bieber,2015,https://open.spotify.com/track/4kP50JQmyFrl9pLSmnFPZr,,,
3732,playlists,,Been You,Justin Bieber,2015,https://open.spotify.com/track/6gcA4zzG6FnMEgPSDKbAMs,,,
3733,playlists,,Children,Justin Bieber,2015,https://open.spotify.com/track/7sK3nu6yk8urQ44ouEB7Au,,,
3734,playlists,,Company,Justin Bieber,2015,https://open.spotify.com/track/61uyGDPJ06MkxJtHgPmuyO,,,
3735,playlists,,DAISIES,Justin Bieber,2025,https://open.spotify.com/track/7rcbwjIaZ5jEgyFk35Bqfj,,,
3736,playlists,,Get Used To It,Justin Bieber,2015,https://open.spotify.com/track/4AMnUGvZUVJgDuY7rOPzUZ,,,
3737,playlists,,I'll Show You,Justin Bieber,2015,https://open.spotify.com/track/0SNIAtRCPVVLoGEPcuHSIc,,,
3738,playlists,,Life Is Worth Living,Justin Bieber,2015,https://open.spotify.com/track/4yWCzA44dQyp0SoeM81bUb,,,
3739,playlists,,Love Yourself,Justin Bieber,2015,https://open.spotify.com/track/50kpGaPAhYJ3sGmk6vplg0,,,
3740,playlists,,Mark My Words,Justin Bieber,2015,https://open.spotify.com/track/2SnNaoNhMjC1WRMTWD8qTX,,,
3741,playlists,,Purpose,Justin Bieber,2015,https://open.spotify.com/track/2IjyFRCRn8x1bEquOM3vxg,,,
3742,playlists,,SPEED DEMON,Justin Bieber,2025,https://open.spotify.com/track/4YmS7BALpAU0h4EAF4fYuh,,,
3743,playlists,,Trust,Justin Bieber,2015,https://open.spotify.com/track/00IH8ZjI9ZGB51WRX1Oesj,,,
3744,playlists,,What Do You Mean?,Justin Bieber,2015,https://open.spotify.com/track/4B0JvthVoAAuygILe3n4Bs,,,
3745,playlists,,Lonely (with benny blanco),"Justin Bieber, benny blanco",2020,https://open.spotify.com/track/4y4spB9m0Q6026KfkAvy9Q,,,
3746,playlists,,No Pressure,"Justin Bieber, Big Sean",2015,https://open.spotify.com/track/23UV8pJEvRnAZd6ZAXBC0H,,,
3747,playlists,,Friends (with BloodPop®),"Justin Bieber, BloodPop®",2017,https://open.spotify.com/track/7iNIg7XDEaYECfWD5dJ9Va,,,
3748,playlists,,The Feeling,"Justin Bieber, Halsey",2015,https://open.spotify.com/track/7E390nZTMqEbrNC1TmHd42,,,
3749,playlists,,There She Go (feat. Lil Uzi Vert),"Justin Bieber, Lil Uzi Vert",2021,https://open.spotify.com/track/59ltMnCjkPJqUM4pBlc1o2,,,
3750,playlists,,We Are,"Justin Bieber, Nas",2015,https://open.spotify.com/track/1m6FkAtWVloxIRHKl7pBDP,,,
3751,playlists,,Beauty And A Beat,"Justin Bieber, Nicki Minaj",2012,https://open.spotify.com/track/6QFCMUUq1T2Vf5sFUXcuQ7,,,
3752,playlists,,No Sense,"Justin Bieber, Travis Scott",2015,https://open.spotify.com/track/5L9WFUodzACitS1TiGm7Mi,,,
3753,playlists,,Cry Me a River,Justin Timberlake,2002,https://open.spotify.com/track/7Lf7oSEVdzZqTA0kEDSlS5,,,
3754,playlists,,Rock Your Body,Justin Timberlake,2002,https://open.spotify.com/track/1AWQoqb9bSvzTjaLralEkT,,,
3755,playlists,,Summer Love,Justin Timberlake,2006,https://open.spotify.com/track/1MBM7CyZbwJpVbbZJnHHRg,,,
3756,playlists,,What Goes Around.../...Comes Around (Interlude),Justin Timberlake,2006,https://open.spotify.com/track/3pD0f7hSJg2XdQ6udw5Tey,,,
3757,playlists,,What Goes Around...Comes Around - Radio Edit,Justin Timberlake,2006,https://open.spotify.com/track/0R03f3Axt495bkgGhivLEe,,,
3758,playlists,,My Love,"Justin Timberlake, T.I.",2006,https://open.spotify.com/track/13X42np3KJr0o2LkK1MG76,,,
3759,playlists,,SexyBack,"Justin Timberlake, Timbaland",2006,https://open.spotify.com/track/40VAYnnGBDLQVXD8D1ager,,,
3760,playlists,,golden hour - Jungle Remix,"JVKE, Jungle",2022,https://open.spotify.com/track/3aUuswb7CSy9sJYUG6ZVzp,,,
3761,playlists,,Don't Stop (Keep On),jWave,2026,https://open.spotify.com/track/1lkEi8hPYvtnI5SUHckhmN,,,
3762,playlists,,It's Whatever (feat. Future),"K$upreme, Future",2020,https://open.spotify.com/track/08XmMzvJ7JnhX7RKCdWXxp,,,
3763,playlists,,Hurt Me Tomorrow,K'NAAN,2012,https://open.spotify.com/track/3SdAoQZr0azIpNV3ogNkAd,,,
3764,playlists,,Spaceship,K-OS,2015,https://open.spotify.com/track/3PcSADZ7oKtBSXFgyF3QFI,,,
3765,playlists,,Blue Moon,K. Forest,2018,https://open.spotify.com/track/4OZIJ9o0cBCvDyN8YsXVoN,,,
3766,playlists,,Reverse,K. Forest,2017,https://open.spotify.com/track/5sRDDD4ZIjDfvoRP5EM1Hh,,,
3767,playlists,,Ghost,"K. Roosevelt, Amir Obe",2019,https://open.spotify.com/track/70Jb3Cr2AA0llCrRBYXrId,,,
3768,playlists,,Just How You Like It,"K.A.D, Kak Hatt",2021,https://open.spotify.com/track/2btEcitO3CtSHUKE1ycKtd,,,
3769,playlists,,$,Ka,2016,https://open.spotify.com/track/2bMXeQzHulA2ziCPE9EIP7,,,
3770,playlists,,Conflicted,Ka,2016,https://open.spotify.com/track/1Mys9KgjU9S4qPbp5Us4rF,,,
3771,playlists,,Destined,Ka,2016,https://open.spotify.com/track/7rHWdYC8Biif0EveA0uyWG,,,
3772,playlists,,Finer Things / Tamahagene,Ka,2016,https://open.spotify.com/track/40TkDKHBVErzg59AB4UNwn,,,
3773,playlists,,I Wish (Death Poem),Ka,2016,https://open.spotify.com/track/3ghg3BLRB2JBsZlLgezJ7T,,,
3774,playlists,,Illicit Fields,Ka,2016,https://open.spotify.com/track/2ZSBl6ZTkpFo7waINKyvZG,,,
3775,playlists,,Just,Ka,2016,https://open.spotify.com/track/05ymX7kSTFjq7DuChtZTVx,,,
3776,playlists,,Mourn at Night,Ka,2016,https://open.spotify.com/track/6zao3czBFKk1zbmIe3azJd,,,
3777,playlists,,Ours,Ka,2016,https://open.spotify.com/track/1Fjz3wIE8qoBbPx5sLTDLr,,,
3778,playlists,,That Cold and Lonely,Ka,2016,https://open.spotify.com/track/4wF4FVxBZYGlfLLwgULdNk,,,
3779,playlists,,The Spark,"Kabin Crew, Lisdoonvarna Crew",2024,https://open.spotify.com/track/0bhnFakmRioZbuQcmhVwoH,,,
3780,playlists,,Fruit Punch,Kaiydo,2016,https://open.spotify.com/track/0lpRp9KzzMbC0w1uiL7H7f,Pūnch,city,medium
3781,playlists,,All the Pretty Girls,KALEO,2015,https://open.spotify.com/track/2eiY8qXiV6yReXSeuoplns,,,
3782,playlists,,Body Language - Intro,Kali Uchis,2018,https://open.spotify.com/track/2Tl0t18jgqJo0S7Fs2iy50,,,
3783,playlists,,Coming Home - Interlude,Kali Uchis,2018,https://open.spotify.com/track/66p59VAALXRlp777aP1Wom,,,
3784,playlists,,Dead To Me,Kali Uchis,2018,https://open.spotify.com/track/6LOZws7T3jqZz78unPgFF9,,,
3785,playlists,,Feel Like A Fool,Kali Uchis,2018,https://open.spotify.com/track/5RcuACCOhgoc4ZH57AVCLA,,,
3786,playlists,,Flight 22,Kali Uchis,2018,https://open.spotify.com/track/3iv26BUAWSn83q8rhGKPE8,,,
3787,playlists,,Gotta Get Up - Interlude,Kali Uchis,2018,https://open.spotify.com/track/7N3c9CKUmRqrt3dDvGWBWG,,,
3788,playlists,,ILYSMIH,Kali Uchis,2025,https://open.spotify.com/track/3WvPycGo4WJEEGYP429aap,,,
3789,playlists,,In My Dreams,Kali Uchis,2018,https://open.spotify.com/track/2dDzrUEDCKXaLViMPa1jo5,,,
3790,playlists,,Killer,Kali Uchis,2018,https://open.spotify.com/track/5n1WeUNWJIjs9ueYD4v0Pt,,,
3791,playlists,,Tomorrow,Kali Uchis,2018,https://open.spotify.com/track/3P4gLPPOHIRQ5j6PC1hNa5,,,
3792,playlists,,Your Teeth In My Neck,Kali Uchis,2018,https://open.spotify.com/track/54IbnYEdA3ymfxv07WgN3b,,,
3793,playlists,,Miami (feat. BIA),"Kali Uchis, BIA",2018,https://open.spotify.com/track/5oJAaPRS2EzNIc8EWIbucE,Miami,city,high
3794,playlists,,Tyrant (feat. Jorja Smith),"Kali Uchis, Jorja Smith",2018,https://open.spotify.com/track/4FZOSDwALdWxcGcRbwXWJ8,,,
3795,playlists,,Nuestro Planeta (feat. Reykon),"Kali Uchis, Reykon",2018,https://open.spotify.com/track/12TOa8pzhbLTWh1vxIsPMp,,,
3796,playlists,,Just A Stranger (feat. Steve Lacy),"Kali Uchis, Steve Lacy",2018,https://open.spotify.com/track/1HA2V2EfAgJUBVOju4YfiB,,,
3797,playlists,,"After The Storm (feat. Tyler, The Creator & Bootsy Collins)","Kali Uchis, Tyler, The Creator, Bootsy Collins",2018,https://open.spotify.com/track/1otG6j1WHNvl9WgXLWkHTo,,,
3798,playlists,,Koi,Kalifa,2015,https://open.spotify.com/track/3Lf4PS3RzFb8VpMyJtkOl4,,,
3799,playlists,,Windows (feat. Quavo & Tyga),"Kamaiyah, Quavo, Tyga",2019,https://open.spotify.com/track/5YqCVavzzfjCI6EGFt7GSB,,,
3800,playlists,,Addicted To Ballin' (feat. ScHoolboy Q),"Kamaiyah, ScHoolboy Q",2018,https://open.spotify.com/track/2jMoUFGYJrHp8Hos0tQxuw,,,
3801,playlists,,Be Like That - feat. Swae Lee & Khalid,"Kane Brown, Swae Lee, Khalid",2020,https://open.spotify.com/track/5f1joOtoMeyppIcJGZQvqJ,,,
3802,playlists,,30 Hours,Kanye West,2016,https://open.spotify.com/track/2CHmgtK8OCL28WtIK96u4N,,,
3803,playlists,,Addiction,Kanye West,2005,https://open.spotify.com/track/5VzeI5JM2y9t21JwrWAnkH,,,
3804,playlists,,All Mine,Kanye West,2018,https://open.spotify.com/track/3qnoOm4fwZPBS116f5hpgF,,,
3805,playlists,,All Of The Lights,Kanye West,2010,https://open.spotify.com/track/22L7bfCiAkJo5xGSQgmiIO,,,
3806,playlists,,All Of The Lights (Interlude),Kanye West,2010,https://open.spotify.com/track/4D6TpthzUVNTjWQqfBW5Kb,,,
3807,playlists,,Bad News,Kanye West,2008,https://open.spotify.com/track/1nNPoG2hygEvrFGlHdhvJ9,,,
3808,playlists,,Believe What I Say,Kanye West,2021,https://open.spotify.com/track/0JuSGEldfovcc8IS9va1wa,,,
3809,playlists,,Big Brother,Kanye West,2007,https://open.spotify.com/track/19PtHjgLtiKGsrRoC1f9IF,,,
3810,playlists,,Black Skinhead,Kanye West,2013,https://open.spotify.com/track/722tgOgdIbNe3BEyLnejw4,,,
3811,playlists,,Blood On The Leaves,Kanye West,2013,https://open.spotify.com/track/42GcjriRK6srwHkfbkBqVl,,,
3812,playlists,,Bound 2,Kanye West,2013,https://open.spotify.com/track/3sNVsP50132BTNlImLx70i,,,
3813,playlists,,Can't Tell Me Nothing,Kanye West,2007,https://open.spotify.com/track/4ImL3v98u2BLkwnyQDjfRm,,,
3814,playlists,,Celebration,Kanye West,2005,https://open.spotify.com/track/7jAxGkXU58FwNMjqoMahn7,,,
3815,playlists,,Champion,Kanye West,2007,https://open.spotify.com/track/4UQMOPSUVJVicIQzjAcRRZ,,,
3816,playlists,,Coldest Winter,Kanye West,2008,https://open.spotify.com/track/2RRFTLIglxHgAYQzsSLI4Y,,,
3817,playlists,,Come to Life,Kanye West,2021,https://open.spotify.com/track/5xvXeuxISyXJDRbZZf4uzd,Comé,city,medium
3818,playlists,,Dark Fantasy,Kanye West,2010,https://open.spotify.com/track/7yNK27ZTpHew0c55VvIJgm,,,
3819,playlists,,Diamonds From Sierra Leone,Kanye West,2005,https://open.spotify.com/track/2hY2rXKowLQeUBYgPU5oGd,Sierra Leone,country,high
3820,playlists,,Donda Chant,Kanye West,2021,https://open.spotify.com/track/3VlW71ZRJPEjd17W0bW28D,,,
3821,playlists,,Facts (Charlie Heat Version),Kanye West,2016,https://open.spotify.com/track/3MnbXlC1N7GdS9M8HzA6no,,,
3822,playlists,,Fade,Kanye West,2016,https://open.spotify.com/track/3cCxoOgfi6hgt8MNteuiiD,,,
3823,playlists,,Family Business,Kanye West,2004,https://open.spotify.com/track/5DBmXF7QO43Cuy9yqva116,,,
3824,playlists,,Famous,Kanye West,2016,https://open.spotify.com/track/19a3JfW8BQwqHWUMbcqSx8,,,
3825,playlists,,Father Stretch My Hands Pt. 1,Kanye West,2016,https://open.spotify.com/track/4KW1lqgSr8TKrvBII0Brf8,,,
3826,playlists,,Feedback,Kanye West,2016,https://open.spotify.com/track/49fT6owWuknekShh9utsjv,,,
3827,playlists,,Flashing Lights,Kanye West,2007,https://open.spotify.com/track/0ua0Go4NN4Td7l0Zre6Ce3,,,
3828,playlists,,FML,Kanye West,2016,https://open.spotify.com/track/30Zcjs7pgEkmJA1lEbGSWT,,,
3829,playlists,,Follow God,Kanye West,2019,https://open.spotify.com/track/2QpGZOhTCHHiKmpSO9FW4h,,,
3830,playlists,,Frank's Track,Kanye West,2016,https://open.spotify.com/track/20r94xA0bsYNLtYSiOE6r3,,,
3831,playlists,,Freestyle 4,Kanye West,2016,https://open.spotify.com/track/6wfzokDylbrJzrJcpnBkcy,,,
3832,playlists,,Good Morning,Kanye West,2007,https://open.spotify.com/track/27eO3EGKIUU7yug1eOxUZu,,,
3833,playlists,,Graduation Day,Kanye West,2004,https://open.spotify.com/track/6B8h0AJ9iFdXBiiJkPHv69,,,
3834,playlists,,Guilt Trip,Kanye West,2013,https://open.spotify.com/track/5nPOM0nFRAJ3XI8xCxNAzO,,,
3835,playlists,,Heartless,Kanye West,2008,https://open.spotify.com/track/4EWCNWgDS8707fNSZ1oaA5,,,
3836,playlists,,Heaven and Hell,Kanye West,2021,https://open.spotify.com/track/2Y40huo5ewaKYxsFintYtF,,,
3837,playlists,,Hell Of A Life,Kanye West,2010,https://open.spotify.com/track/3rCNmRonlHN1TXQLcG3dSk,,,
3838,playlists,,Hey Mama,Kanye West,2005,https://open.spotify.com/track/46OFHBw45fNi7QNjSetITR,,,
3839,playlists,,Highlights,Kanye West,2016,https://open.spotify.com/track/4qYLPta5HZ36idWiXtqh7B,,,
3840,playlists,,Hold My Liquor,Kanye West,2013,https://open.spotify.com/track/5nIu0VwPOsjkF61zfevLKh,,,
3841,playlists,,I Am A God,Kanye West,2013,https://open.spotify.com/track/0HMCdlOPJkAGlB0MlSWIcO,,,
3842,playlists,,I Love Kanye,Kanye West,2016,https://open.spotify.com/track/5CGS4UovzA7ftCJkLVXQju,,,
3843,playlists,,I Thought About Killing You,Kanye West,2018,https://open.spotify.com/track/6EuE9M1viu9gkdFSafia9o,,,
3844,playlists,,I Wonder,Kanye West,2007,https://open.spotify.com/track/7rbECVPkY5UODxoOUVKZnA,,,
3845,playlists,,I'll Fly Away,Kanye West,2004,https://open.spotify.com/track/5i8vH5IwyxW8ElGr1tXWXk,,,
3846,playlists,,I'm In It,Kanye West,2013,https://open.spotify.com/track/52NmkyHsGsHGb1UX8fTkMg,,,
3847,playlists,,Intro,Kanye West,2004,https://open.spotify.com/track/6EnfW37wjj3qcwQDv602CA,,,
3848,playlists,,Jesus Walks,Kanye West,2004,https://open.spotify.com/track/62r62ArmWq38cu6QCVgyTc,,,
3849,playlists,,Last Call,Kanye West,2004,https://open.spotify.com/track/0yfeb8mdWhnvuXPjawDbdy,,,
3850,playlists,,Late,Kanye West,2005,https://open.spotify.com/track/1mFHMzbaECWFaPfoePoEYl,,,
3851,playlists,,Lil Jimmy Skit,Kanye West,2004,https://open.spotify.com/track/62zjOdCRI90kHJCY2VYnSN,,,
3852,playlists,,Lord I Need You,Kanye West,2021,https://open.spotify.com/track/5Iq6pIudd4KfuxZqf8872b,,,
3853,playlists,,Love Lockdown,Kanye West,2008,https://open.spotify.com/track/1kxeWHF9PrCVZHvVskv8lg,,,
3854,playlists,,Low Lights,Kanye West,2016,https://open.spotify.com/track/36o4taPyOdnOMf01ERmn9a,,,
3855,playlists,,Moon,Kanye West,2021,https://open.spotify.com/track/7CC6UbCs4iGsePSzFxYxNn,,,
3856,playlists,,New Again,Kanye West,2021,https://open.spotify.com/track/75QktuEju5vz9lyXiLaUao,,,
3857,playlists,,New Slaves,Kanye West,2013,https://open.spotify.com/track/4cAgkb0ifwn0FSHGXnr4F6,,,
3858,playlists,,No Mistakes,Kanye West,2018,https://open.spotify.com/track/1DdgqEZk4Hqfpl3drdXJun,,,
3859,playlists,,No More Parties In LA,Kanye West,2016,https://open.spotify.com/track/0zLClc0emc6qUeV1p5nc99,,,
3860,playlists,,On Sight,Kanye West,2013,https://open.spotify.com/track/1gqkRc9WtOpnGIqxf2Hvzr,,,
3861,playlists,,Pinocchio Story,Kanye West,2008,https://open.spotify.com/track/6giHsGo1eSYZSXKdNwTC62,,,
3862,playlists,,POWER,Kanye West,2010,https://open.spotify.com/track/2gZUPNdnz5Y45eiGxpHGSc,,,
3863,playlists,,Praise God,Kanye West,2021,https://open.spotify.com/track/0WSEq9Ko4kFPt8yo3ICd6T,,,
3864,playlists,,Pt. 2,Kanye West,2016,https://open.spotify.com/track/1Wsbr1d2BouNGk2q92mIj7,,,
3865,playlists,,Real Friends,Kanye West,2016,https://open.spotify.com/track/66Q3fAmSX5eHamgbKa9alP,,,
3866,playlists,,RoboCop,Kanye West,2008,https://open.spotify.com/track/02LAK7qT1wya0klSeNO96f,,,
3867,playlists,,Roses,Kanye West,2005,https://open.spotify.com/track/2DHNCWZYmVr1Lv08q5b0kB,,,
3868,playlists,,Saint Pablo,Kanye West,2016,https://open.spotify.com/track/1o0kWPueYo94LIjPYOE5Nf,,,
3869,playlists,,Say You Will,Kanye West,2008,https://open.spotify.com/track/5e5MKPtJuFb8NaeSEyV5gD,,,
3870,playlists,,School Spirit,Kanye West,2004,https://open.spotify.com/track/1g1zk6gOFE63kDszT1luxY,,,
3871,playlists,,School Spirit Skit 1,Kanye West,2004,https://open.spotify.com/track/5d4scXfkO8r4sIf14DfBt0,,,
3872,playlists,,School Spirit Skit 2,Kanye West,2004,https://open.spotify.com/track/1PPFVIkRXhTeM6Uud5ckEu,,,
3873,playlists,,Send It Up,Kanye West,2013,https://open.spotify.com/track/3RKblQNJs8HPvWBgXmq6nn,,,
3874,playlists,,Siiiiiiiiilver Surffffeeeeer Intermission,Kanye West,2016,https://open.spotify.com/track/1ZnA4VYOlYIShuGt60LmCs,,,
3875,playlists,,Skit #1,Kanye West,2005,https://open.spotify.com/track/164al00XRSLWG6h4hc12bD,,,
3876,playlists,,Skit #2,Kanye West,2005,https://open.spotify.com/track/466XcSgGAiQxcDrcV0yoMP,,,
3877,playlists,,Skit #3,Kanye West,2005,https://open.spotify.com/track/2Xn5DIyAba7Fgyky3gU3rA,,,
3878,playlists,,Skit #4,Kanye West,2005,https://open.spotify.com/track/3zXhvJaLpxefYIxBE0cnB0,,,
3879,playlists,,Street Lights,Kanye West,2008,https://open.spotify.com/track/6j8gTlbhj9KJSeypNcNAS9,,,
3880,playlists,,Stronger,Kanye West,2007,https://open.spotify.com/track/6C7RJEIUDqKkJRZVWdkfkH,,,
3881,playlists,,The Glory,Kanye West,2007,https://open.spotify.com/track/39cpcnobaB8FdedVjHjXP2,,,
3882,playlists,,The New Workout Plan,Kanye West,2004,https://open.spotify.com/track/0fDf7lTJ6A6uzGWUEJHcCq,,,
3883,playlists,,Through The Wire,Kanye West,2004,https://open.spotify.com/track/3KUpGMnZL76I9E7FoWV1re,,,
3884,playlists,,Ultralight Beam,Kanye West,2016,https://open.spotify.com/track/1eQBEelI2NCy7AUTerX0KS,,,
3885,playlists,,Violent Crimes,Kanye West,2018,https://open.spotify.com/track/3s7MCdXyWmwjdcWh7GWXas,,,
3886,playlists,,Wake Up Mr. West,Kanye West,2005,https://open.spotify.com/track/62KeM7jbmYvzT5FycdiQeS,,,
3887,playlists,,Waves,Kanye West,2016,https://open.spotify.com/track/3nAq2hCr1oWsIU54tS98pL,,,
3888,playlists,,We Don't Care,Kanye West,2004,https://open.spotify.com/track/0Z1ozhbWc9XPczRSrFYqBb,,,
3889,playlists,,Who Will Survive In America,Kanye West,2010,https://open.spotify.com/track/4e5IPJxSGVWPsaxQzdRseN,America,region,high
3890,playlists,,Wolves,Kanye West,2016,https://open.spotify.com/track/432hUIl3ISDeytYW5XBQ5h,,,
3891,playlists,,Workout Plan,Kanye West,2004,https://open.spotify.com/track/3nPy7iQUaAgZeCeAWpCMG5,,,
3892,playlists,,Yikes,Kanye West,2018,https://open.spotify.com/track/2r4JRwcbIeuAzWjH4YXlLs,,,
3893,playlists,,Heard 'Em Say,"Kanye West, Adam Levine",2005,https://open.spotify.com/track/6yIjtVtnOBeC8SwdVHzAuF,,,
3894,playlists,,Life Of The Party (with André 3000),"Kanye West, André 3000",2021,https://open.spotify.com/track/2yBb1CRq98SSWRuDSn36SZ,,,
3895,playlists,,Mercy,"Kanye West, Big Sean, Pusha T, 2 Chainz",2012,https://open.spotify.com/track/4qikXelSRKvoCqFcHLB2H2,,,
3896,playlists,,Lost In The World,"Kanye West, Bon Iver",2010,https://open.spotify.com/track/2Im64pIz6m0EJKdUe6eZ8r,,,
3897,playlists,,Bring Me Down,"Kanye West, Brandy",2005,https://open.spotify.com/track/25K9cWrxNv991UYiOzBJqR,,,
3898,playlists,,Homecoming,"Kanye West, Chris Martin",2007,https://open.spotify.com/track/2iaCM7WvOknQI1230hA9eK,,,
3899,playlists,,My Way Home,"Kanye West, Common",2005,https://open.spotify.com/track/0TzIHqhAbvYR6qJKrMMFlk,,,
3900,playlists,,Gone,"Kanye West, Consequence, Cam'ron",2005,https://open.spotify.com/track/5RjbFGeWVsCpw8EcE8OrvZ,,,
3901,playlists,,Nah Nah Nah (feat. DaBaby & 2 Chainz) - Remix,"Kanye West, DaBaby, 2 Chainz",2020,https://open.spotify.com/track/20m8ZHA6Jevqo1xnhQffQu,,,
3902,playlists,,Everything I Am,"Kanye West, DJ Premier",2007,https://open.spotify.com/track/0NrtwAmRAdLxua31SzHvXr,,,
3903,playlists,,Spaceship,"Kanye West, GLC, Consequence",2004,https://open.spotify.com/track/0RuJD7YfBO2gvj6smWkAgR,,,
3904,playlists,,Champions,"Kanye West, Gucci Mane, Big Sean, 2 Chainz, Travis Scott, Yo Gotti, Quavo, Desiigner",2016,https://open.spotify.com/track/2nBI3iWLhupR7LyAJ5GGkE,,,
3905,playlists,,Gold Digger,"Kanye West, Jamie Foxx",2005,https://open.spotify.com/track/1PS1QMdUqOal0ai3Gt7sDQ,,,
3906,playlists,,Clique,"Kanye West, JAŸ-Z, Big Sean",2012,https://open.spotify.com/track/3rbNV2GI8Vtd8byhUtXZID,,,
3907,playlists,,Never Let Me Down,"Kanye West, JAŸ-Z, J. Ivy",2004,https://open.spotify.com/track/0XMJORJKm4q3iorGAtcait,,,
3908,playlists,,So Appalled,"Kanye West, JAŸ-Z, Pusha T, CyHi, Swizz Beatz, RZA",2010,https://open.spotify.com/track/6K07Ahf6V7CAQn0ikrOztl,,,
3909,playlists,,Monster,"Kanye West, JAŸ-Z, Rick Ross, Nicki Minaj, Bon Iver",2010,https://open.spotify.com/track/1ZHYJ2Wwgxes4m8Ba88PeK,,,
3910,playlists,,Amazing,"Kanye West, Jeezy",2008,https://open.spotify.com/track/0m3Ze0cy8qBHSsV2exAfCw,,,
3911,playlists,,Blame Game,"Kanye West, John Legend",2010,https://open.spotify.com/track/4EndPA8b6FDWYp1RgsnLEB,,,
3912,playlists,,Welcome To Heartbreak,"Kanye West, Kid Cudi",2008,https://open.spotify.com/track/3F18I7LhWKxlf1PytSoTBH,,,
3913,playlists,,Gorgeous,"Kanye West, Kid Cudi, Raekwon",2010,https://open.spotify.com/track/23SZWX2IaDnxmhFsSLvkG2,,,
3914,playlists,,I Love It,"Kanye West, Lil Pump",2019,https://open.spotify.com/track/4kamnDMs8sxLZ2uEHHQFF5,,,
3915,playlists,,I Love It (& Lil Pump),"Kanye West, Lil Pump",2018,https://open.spotify.com/track/4S8d14HvHb70ImctNgVzQQ,,,
3916,playlists,,Barry Bonds,"Kanye West, Lil Wayne",2007,https://open.spotify.com/track/7kXINLuqpicfE1sDCZ3Xwv,,,
3917,playlists,,See You In My Nightmares,"Kanye West, Lil Wayne",2008,https://open.spotify.com/track/5zuoz1NBnpoHK6g5sbEH8F,,,
3918,playlists,,Breathe In Breathe Out,"Kanye West, Ludacris",2004,https://open.spotify.com/track/4KFY4EEv9CN6ivrzD6vEvg,,,
3919,playlists,,Touch The Sky,"Kanye West, Lupe Fiasco",2005,https://open.spotify.com/track/2dxjKgT0li4qBI3QwuN9Ih,,,
3920,playlists,,Drunk and Hot Girls,"Kanye West, Mos Def",2007,https://open.spotify.com/track/1xMT0HHQbQFmGJXDq1ApgX,,,
3921,playlists,,Good Night - Bonus Track,"Kanye West, Mos Def, Albe Back",2007,https://open.spotify.com/track/2XJFvzaSdrAuOhDA2mfFse,,,
3922,playlists,,Two Words,"Kanye West, Mos Def, Freeway, The Boys Choir Of Harlem",2004,https://open.spotify.com/track/6GI114RuBiRyc09NcXyU6y,,,
3923,playlists,,Paranoid,"Kanye West, Mr Hudson",2008,https://open.spotify.com/track/0w2piYWj1F2bzUftzGJgK9,,,
3924,playlists,,We Major,"Kanye West, Nas, Really Doe",2005,https://open.spotify.com/track/46fk9wjYcPm0sgym2b7EEE,,,
3925,playlists,,Ghost Town,"Kanye West, PARTYNEXTDOOR",2018,https://open.spotify.com/track/6Bg7MznA9X0dIhlAsLyBYj,,,
3926,playlists,,Wouldn't Leave,"Kanye West, PARTYNEXTDOOR",2018,https://open.spotify.com/track/3dG6tjetoR4GMmUGZUprLt,,,
3927,playlists,,Drive Slow,"Kanye West, Paul Wall, GLC",2005,https://open.spotify.com/track/6vB49BJ70zBpDrrAPwdaB8,,,
3928,playlists,,Runaway,"Kanye West, Pusha T",2010,https://open.spotify.com/track/3DK6m7It6Pw857FcQftMds,,,
3929,playlists,,Devil In A New Dress,"Kanye West, Rick Ross",2010,https://open.spotify.com/track/1UGD3lW3tDmgZfAVDh6w7r,,,
3930,playlists,,All Falls Down,"Kanye West, Syleena Johnson",2004,https://open.spotify.com/track/2cYZpcIV39X48RnOFM7w2V,All Falls,pattern,low
3931,playlists,,Good Life,"Kanye West, T-Pain",2007,https://open.spotify.com/track/1fLdeDTrJWNkwOeFyAVLvF,,,
3932,playlists,,Get Em High,"Kanye West, Talib Kweli, Common",2004,https://open.spotify.com/track/0eSuBkGm5URmCu6OymIv8x,,,
3933,playlists,,Crack Music,"Kanye West, The Game",2005,https://open.spotify.com/track/4fRTe59xEeNHT4uyAGsV27,,,
3934,playlists,,Hurricane,"Kanye West, The Weeknd, Lil Baby",2021,https://open.spotify.com/track/44I7sqKYCAa7bQdVywkShO,,,
3935,playlists,,All Day,"Kanye West, Theophilus London, Allan Kingdom, Paul McCartney",2015,https://open.spotify.com/track/79reBHqpRoWXaQbjBBY3UC,,,
3936,playlists,,Wash Us In The Blood,"Kanye West, Travis Scott",2020,https://open.spotify.com/track/7mEUjhl6aTztdHCrxoTgBG,,,
3937,playlists,,PROBLEMATIC,"Kanye West, Ty Dolla $ign",2024,https://open.spotify.com/track/1ty0at2tUKqMGTyYbJ43eL,,,
3938,playlists,,True Love,"Kanye West, XXXTENTACION",2022,https://open.spotify.com/track/06JvOZ39sK8D8SqiqfaxDU,,,
3939,playlists,,FATHER (feat. Travis Scott),"Kanye West, Ye, Travis Scott",2026,https://open.spotify.com/track/5pfn68duSmBKo4FhYknOms,,,
3940,playlists,,Numba 1 (Tide Is High),"Kardinal Offishall, Rihanna",2008,https://open.spotify.com/track/18iSiFtrQ78wWLFJi4pCF7,,,
3941,playlists,,Thru the Tundra,"Karma Kid, Aminé",2016,https://open.spotify.com/track/2t0WGjWdj2wWuI7sOn4lF3,,,
3942,playlists,,Dance with Me,"Kaskade, Justus",2022,https://open.spotify.com/track/4AonDN7yeOZbMI2rIOYQHa,,,
3943,playlists,,P.I.M.P,Kastuvas,2024,https://open.spotify.com/track/6zKWn69gX2RN0e5VDrdV8n,,,
3944,playlists,,Yards / Gardens,Kate Bollinger,2022,https://open.spotify.com/track/3PphHkiVdhRaO1EWH6ZWqZ,,,
3945,playlists,,Walking On Sunshine,Katrina & The Waves,1985,https://open.spotify.com/track/05wIrZSwuaVWhcv5FfqeH0,,,
3946,playlists,,Hot N Cold,Katy Perry,2008,https://open.spotify.com/track/1y4eb6hmAvsqlDOl3fx9kk,,,
3947,playlists,,Last Friday Night (T.G.I.F.),Katy Perry,2012,https://open.spotify.com/track/455AfCsOhhLPRc68sE01D8,,,
3948,playlists,,Part Of Me,Katy Perry,2012,https://open.spotify.com/track/6yARPLK0PV4heEyh7pVMGz,,,
3949,playlists,,Roar,Katy Perry,2013,https://open.spotify.com/track/27tNWlhdAryQY04Gb2ZhUI,,,
3950,playlists,,Teenage Dream,Katy Perry,2012,https://open.spotify.com/track/55qBw1900pZKfXJ6Q9A2Lc,,,
3951,playlists,,Dark Horse,"Katy Perry, Juicy J",2013,https://open.spotify.com/track/5jrdCoLpJSvHHorevXBATy,,,
3952,playlists,,E.T.,"Katy Perry, Kanye West",2012,https://open.spotify.com/track/36ux3YuUsGTWPT8fXclS45,,,
3953,playlists,,California Gurls,"Katy Perry, Snoop Dogg",2010,https://open.spotify.com/track/6KOEK6SeCEZOQkLj5M1PxH,California,us_state,high
3954,playlists,,My Jeans,KayCyy,2023,https://open.spotify.com/track/1IBKObjs2laDkUdzE86jr4,,,
3955,playlists,,ROLL THE DICE (Prod. Gesaffelstein),"KayCyy, Gesaffelstein",2023,https://open.spotify.com/track/7CAg4N1S926AymvuLjnJcy,,,
3956,playlists,,4EVA (feat. Pharrell Williams),"KAYTRAMINÉ, Aminé, KAYTRANADA, Pharrell Williams",2023,https://open.spotify.com/track/3CblJq8QQQ0bb7vwJu8c3v,,,
3957,playlists,,BREAKDANCE LESSON N.1.,KAYTRANADA,2016,https://open.spotify.com/track/2CtvI2Isd3aZmfPVD16f8z,,,
3958,playlists,,DESPITE THE WEATHER,KAYTRANADA,2016,https://open.spotify.com/track/4kQT1Ep2CUYOHnve4G3hWA,,,
3959,playlists,,LITE SPOTS,KAYTRANADA,2016,https://open.spotify.com/track/1PreaYFBZLxT7bzsVMcz53,,,
3960,playlists,,TRACK UNO,KAYTRANADA,2016,https://open.spotify.com/track/2yuRPuX2qOUDaBlbZDSZl9,,,
3961,playlists,,TOGETHER (feat. AlunaGeorge & GoldLink),"KAYTRANADA, AlunaGeorge, GoldLink",2016,https://open.spotify.com/track/2xOlHKd22I0CERRTI8K7IK,,,
3962,playlists,,GLOWED UP,"KAYTRANADA, Anderson .Paak",2016,https://open.spotify.com/track/33pDmPx2pkJ7JCAQpRDQ9B,,,
3963,playlists,,Twin Flame,"KAYTRANADA, Anderson .Paak",2022,https://open.spotify.com/track/6H16x8RO8h6NDO9rWIxEGZ,,,
3964,playlists,,WEIGHT OFF (feat. BADBADNOTGOOD),"KAYTRANADA, BADBADNOTGOOD",2016,https://open.spotify.com/track/3JfjHs53c0T33lAN6czdqe,,,
3965,playlists,,What You Need (feat. Charlotte Day Wilson),"KAYTRANADA, Charlotte Day Wilson",2019,https://open.spotify.com/track/0lWmT9NbSJRgFY6g1GHu4e,,,
3966,playlists,,Witchy (feat. Childish Gambino),"KAYTRANADA, Childish Gambino",2024,https://open.spotify.com/track/0rolt9kLR9GFlElTSSds2z,,,
3967,playlists,,GOT IT GOOD (feat. Craig David),"KAYTRANADA, Craig David",2016,https://open.spotify.com/track/2xyi5jBkaQ741tXWTiqyr0,,,
3968,playlists,,Intimidated (feat. H.E.R.),"KAYTRANADA, H.E.R.",2021,https://open.spotify.com/track/1jBKtzlwTVtCrScpiiHiKT,,,
3969,playlists,,BUS RIDE (feat. Karriem Riggins & River Tiber),"KAYTRANADA, Karriem Riggins, River Tiber",2016,https://open.spotify.com/track/7lHITIlctyBaAUQXNsroZc,,,
3970,playlists,,BULLETS (feat. Little Dragon),"KAYTRANADA, Little Dragon",2016,https://open.spotify.com/track/5hFSDtBIV0AjJwc0tgXNI7,,,
3971,playlists,,Call U Up (feat. Lou Phelps),"KAYTRANADA, Lou Phelps",2024,https://open.spotify.com/track/7ieeWv8mKhdLCF3QuNhF2q,,,
3972,playlists,,Gray Area (feat. Mick Jenkins),"KAYTRANADA, Mick Jenkins",2019,https://open.spotify.com/track/6iDjyly0nWEdn9fC1PboHm,,,
3973,playlists,,ONE TOO MANY (feat. Phonte),"KAYTRANADA, Phonte",2016,https://open.spotify.com/track/1rjJcf0J1JHhyr0jGXc5fD,,,
3974,playlists,,VIVID DREAMS (feat. River Tiber),"KAYTRANADA, River Tiber",2016,https://open.spotify.com/track/2S8Cgdi09Upmup15xHBbH0,,,
3975,playlists,,CHANCES,"KAYTRANADA, Shay Lia",2018,https://open.spotify.com/track/0XEhhANHRAqXM9c3JSvLfX,,,
3976,playlists,,LEAVE ME ALONE (feat. Shay Lia),"KAYTRANADA, Shay Lia",2016,https://open.spotify.com/track/44dOBMeJCASW2TfKraoGnl,,,
3977,playlists,,YOU'RE THE ONE,"KAYTRANADA, Syd",2016,https://open.spotify.com/track/2b4SSorCTQ2VzmllaeWuuT,,,
3978,playlists,,DRIVE ME CRAZY (feat. VIC MENSA),"KAYTRANADA, VIC MENSA",2016,https://open.spotify.com/track/6h6U4mLKP6sVg4yNjfd3LA,,,
3979,playlists,,Love Train,Keb' Mo',2001,https://open.spotify.com/track/3qAfilenzIOoDPN6kjgiRp,,,
3980,playlists,,Gangsta,Kehlani,2016,https://open.spotify.com/track/1W7zkKgRv9mrLbfdQ8XyH3,,,
3981,playlists,,Milkshake,Kelis,2008,https://open.spotify.com/track/4LmzPJDil70LpiApWfOI6O,,,
3982,playlists,,Milkshake 20 - Alex Wann Remix,"Kelis, Alex Wann",2023,https://open.spotify.com/track/49wEdWGkL2CcOrXEKklXtJ,,,
3983,playlists,,Millionaire (feat. André 3000),"Kelis, André 3000",2003,https://open.spotify.com/track/1mVTQSGoFchL3VVrIa0MeH,,,
3984,playlists,,Since U Been Gone,Kelly Clarkson,2004,https://open.spotify.com/track/3xrn9i8zhNZsTtcoWgQEAd,,,
3985,playlists,,6 MILLION WAYS,Kemba,2020,https://open.spotify.com/track/4fDeDrb712E9GnkzqByxGO,,,
3986,playlists,,The Basement,"Kembe X, Isaiah Rashad, REASON",2023,https://open.spotify.com/track/5AiS9AoF7ONfTcNdXjWPNi,,,
3987,playlists,,Alright,Kendrick Lamar,2015,https://open.spotify.com/track/3iVcZ5G6tvkXZkZKlMpIUs,,,
3988,playlists,,Black Panther,Kendrick Lamar,2018,https://open.spotify.com/track/5qN4HFkapdAOV94XPryVof,,,
3989,playlists,,BLOOD.,Kendrick Lamar,2017,https://open.spotify.com/track/1n4jwRVXdkK2U34nBDUKKT,,,
3990,playlists,,DNA.,Kendrick Lamar,2017,https://open.spotify.com/track/6HZILIRieu8S0iqY8kIKhj,,,
3991,playlists,,DUCKWORTH.,Kendrick Lamar,2017,https://open.spotify.com/track/0y9uTzK9cNKSAEHnpeRG8C,,,
3992,playlists,,ELEMENT.,Kendrick Lamar,2017,https://open.spotify.com/track/1EaKU4dMbesXXd3BrLCtYG,,,
3993,playlists,,euphoria,Kendrick Lamar,2024,https://open.spotify.com/track/77DRzu7ERs0TX3roZcre7Q,,,
3994,playlists,,FEAR.,Kendrick Lamar,2017,https://open.spotify.com/track/23luOrEVHMfoX0AhfbQuS6,,,
3995,playlists,,FEEL.,Kendrick Lamar,2017,https://open.spotify.com/track/2LTlO3NuNVN70lp2ZbVswF,,,
3996,playlists,,For Free? - Interlude,Kendrick Lamar,2015,https://open.spotify.com/track/75izAeHlGuOgA865CFDyIv,,,
3997,playlists,,For Sale? - Interlude,Kendrick Lamar,2015,https://open.spotify.com/track/7unx2Rvsq8D0RfOLRXclTA,Salé,city,medium
3998,playlists,,GOD.,Kendrick Lamar,2017,https://open.spotify.com/track/5p3NP9mQblDsVJLdfNZJ3I,,,
3999,playlists,,Hood Politics,Kendrick Lamar,2015,https://open.spotify.com/track/2UOYzhusMTypF7oAQwksCj,,,
4000,playlists,,HUMBLE.,Kendrick Lamar,2017,https://open.spotify.com/track/7KXjTSCq5nL1LoYtL7XAwS,,,
4001,playlists,,i,Kendrick Lamar,2014,https://open.spotify.com/track/7wdzLe2Gsx1RGqbvYZHASz,,,
4002,playlists,,King Kunta,Kendrick Lamar,2015,https://open.spotify.com/track/0N3W5peJUQtI4eyR6GJT5O,,,
4003,playlists,,LUST.,Kendrick Lamar,2017,https://open.spotify.com/track/06FCvd7rrRcF3DdvWH5Isp,,,
4004,playlists,,Momma,Kendrick Lamar,2015,https://open.spotify.com/track/0CjJqkWOpIUXdem5hUcxAk,,,
4005,playlists,,Mortal Man,Kendrick Lamar,2015,https://open.spotify.com/track/1WT11QmhZutciEv1NsHt1R,,,
4006,playlists,,N95,Kendrick Lamar,2022,https://open.spotify.com/track/2FeBslNBMdR9V58uv6hd2t,,,
4007,playlists,,Not Like Us,Kendrick Lamar,2024,https://open.spotify.com/track/6AI3ezQ4o3HUoP6Dhudph3,,,
4008,playlists,,PRIDE.,Kendrick Lamar,2017,https://open.spotify.com/track/6IZvVAP7VPPnsGX6bvgkqg,,,
4009,playlists,,Rich Spirit,Kendrick Lamar,2022,https://open.spotify.com/track/1QPreu0BNOrUfEb8HTd2qG,,,
4010,playlists,,"Sing About Me, I'm Dying Of Thirst",Kendrick Lamar,2012,https://open.spotify.com/track/3q2v8QaTnHLveAQzR6gvYm,,,
4011,playlists,,squabble up,Kendrick Lamar,2024,https://open.spotify.com/track/0nj9Bq5sHDiTxSHunhgkFb,,,
4012,playlists,,Swimming Pools (Drank),Kendrick Lamar,2012,https://open.spotify.com/track/6REbwUNlppTfcnV4d4ZoZi,,,
4013,playlists,,The Art of Peer Pressure,Kendrick Lamar,2012,https://open.spotify.com/track/0d0jsoba88SpOoFxCxA2rZ,,,
4014,playlists,,The Blacker The Berry,Kendrick Lamar,2015,https://open.spotify.com/track/5Mtt6tZSZA9cXTHGSGpyh0,,,
4015,playlists,,u,Kendrick Lamar,2015,https://open.spotify.com/track/1bxEpNR75Hq3T2oF9AZjt8,,,
4016,playlists,,untitled 02 | 06.23.2014.,Kendrick Lamar,2016,https://open.spotify.com/track/3I0FBDc1c1BLNtXWKVjmFg,,,
4017,playlists,,untitled 04 | 08.14.2014.,Kendrick Lamar,2016,https://open.spotify.com/track/1U13SSgDOxK98L1FTWYrjQ,,,
4018,playlists,,untitled 06 | 06.30.2014.,Kendrick Lamar,2016,https://open.spotify.com/track/4M2t7bP4Mq87mGMn0PObUX,,,
4019,playlists,,untitled 07 levitate,Kendrick Lamar,2016,https://open.spotify.com/track/4A5JwTktOqMtayAVVmrDzE,,,
4020,playlists,,untitled 07 | 2014 - 2016,Kendrick Lamar,2016,https://open.spotify.com/track/40IQooNkPRVtn4zlE3ZFpA,,,
4021,playlists,,YAH.,Kendrick Lamar,2017,https://open.spotify.com/track/4BHSjbYylfOH5WAGusDyni,,,
4022,playlists,,You Ain't Gotta Lie (Momma Said),Kendrick Lamar,2015,https://open.spotify.com/track/7A3ETuOrieyx9KSF0sn0Zf,,,
4023,playlists,,Savior,"Kendrick Lamar, Baby Keem, Sam Dew",2022,https://open.spotify.com/track/0YeUVm23SAkUruwEx9LWnt,,,
4024,playlists,,Institutionalized,"Kendrick Lamar, Bilal, Anna Wise, Snoop Dogg",2015,https://open.spotify.com/track/4oFtLSgHyZPNYDCcANhTnO,,,
4025,playlists,,These Walls,"Kendrick Lamar, Bilal, Anna Wise, Thundercat",2015,https://open.spotify.com/track/7uWVT3UkCAZyANvv0bdyQn,,,
4026,playlists,,The Recipe,"Kendrick Lamar, Dr. Dre",2012,https://open.spotify.com/track/4i0ioe6BC6qvV6FOm6nf7K,,,
4027,playlists,,Wesley's Theory,"Kendrick Lamar, George Clinton, Thundercat",2015,https://open.spotify.com/track/7Ks4VCY1wFebnOdJrM13t6,,,
4028,playlists,,How Much A Dollar Cost,"Kendrick Lamar, James Fauntleroy, Ronald Isley",2015,https://open.spotify.com/track/4tQcyj5488alHT1ZgFduzn,,,
4029,playlists,,Money Trees,"Kendrick Lamar, Jay Rock",2012,https://open.spotify.com/track/2HbKqm4o0w5wEeEFXm2sD4,,,
4030,playlists,,"Bitch, Don’t Kill My Vibe - Remix","Kendrick Lamar, JAŸ-Z",2012,https://open.spotify.com/track/7635mlfbjmTS7t17pKtl6r,,,
4031,playlists,,Silent Hill,"Kendrick Lamar, Kodak Black",2022,https://open.spotify.com/track/3tYTyAt1q6BFBiGyYVOLhi,Silent Hill,pattern,low
4032,playlists,,tv off (feat. lefty gunplay),"Kendrick Lamar, Lefty Gunplay",2024,https://open.spotify.com/track/0aB0v4027ukVziUGwVGYpG,,,
4033,playlists,,Now Or Never - Bonus Track,"Kendrick Lamar, Mary J. Blige",2012,https://open.spotify.com/track/4KjnaUNYPwGnJjoeTFlt91,,,
4034,playlists,,m.A.A.d city,"Kendrick Lamar, MC Eiht",2012,https://open.spotify.com/track/439TlnnznSiBbQbgXiBqAd,,,
4035,playlists,,Complexion (A Zulu Love),"Kendrick Lamar, Rapsody",2015,https://open.spotify.com/track/72hFOhhhnOJZnnp6uVOgPn,,,
4036,playlists,,LOYALTY. FEAT. RIHANNA.,"Kendrick Lamar, Rihanna",2017,https://open.spotify.com/track/6SwRhMLwNqEi6alNPVG00n,,,
4037,playlists,,Father Time (feat. Sampha),"Kendrick Lamar, Sampha",2022,https://open.spotify.com/track/4xIhSUJantE6BMl3u8dtCJ,,,
4038,playlists,,"All The Stars (with SZA) - From ""Black Panther: The Album""","Kendrick Lamar, SZA",2018,https://open.spotify.com/track/3GCdLUSnKSMJhs4Tj6CV3s,,,
4039,playlists,,Big Shot (with Travis Scott),"Kendrick Lamar, Travis Scott",2018,https://open.spotify.com/track/5cXg9IQS34FzLVdHhp7hu7,,,
4040,playlists,,XXX. FEAT. U2.,"Kendrick Lamar, U2",2017,https://open.spotify.com/track/4iYRa2btalAzPZoSYfROqF,,,
4041,playlists,,LOVE. FEAT. ZACARI.,"Kendrick Lamar, Zacari",2017,https://open.spotify.com/track/6PGoSes0D9eUDeeAafB2As,,,
4042,playlists,,Hold My Head,Kenny Beats,2022,https://open.spotify.com/track/4eSZUNz2flCKs7zESV50kW,,,
4043,playlists,,"Danger Zone - From ""Top Gun"" Original Soundtrack",Kenny Loggins,2002,https://open.spotify.com/track/2RtnoUsvJg3wMgMeEhG6fr,,,
4044,playlists,,"Footloose - From ""Footloose"" Soundtrack",Kenny Loggins,1984,https://open.spotify.com/track/2vz1CsL5WBsbpBcwgboTAw,,,
4045,playlists,,FACTS,Kenny Mason,2023,https://open.spotify.com/track/52sUnIQRojLUTxo7OWW2qv,,,
4046,playlists,,Knock You Down,"Keri Hilson, Kanye West, Ne-Yo",2009,https://open.spotify.com/track/58FUwmyGUqkt53YPUcm7cJ,,,
4047,playlists,,BOY CRAZY.,Kesha,2025,https://open.spotify.com/track/5CiPDLxXmUG7Fk5yjlNy9n,,,
4048,playlists,,Die Young,Kesha,2012,https://open.spotify.com/track/7EQGXaVSyEDsCWKmUcfpLk,,,
4049,playlists,,JOYRIDE - Extended,Kesha,2024,https://open.spotify.com/track/7v1njUNqO0I8mnL3mQ6hFW,,,
4050,playlists,,Take It Off,Kesha,2010,https://open.spotify.com/track/0WCiI0ddWiu5F2kSHgfw5S,,,
4051,playlists,,TiK ToK,Kesha,2010,https://open.spotify.com/track/4srpHYFHKjVGRDNHqRpWxi,,,
4052,playlists,,We R Who We R,Kesha,2010,https://open.spotify.com/track/3LUWWox8YYykohBbHUrrxd,,,
4053,playlists,,Your Love Is My Drug,Kesha,2010,https://open.spotify.com/track/6vc2Jq2vaGu8z326kSrw92,,,
4054,playlists,,Blah Blah Blah (feat. 3OH!3),"Kesha, 3OH!3",2010,https://open.spotify.com/track/7lWUJpax919G4JdaFEVmCy,,,
4055,playlists,,ATTENTION!,"Kesha, Slayyyter, Rose Gray",2025,https://open.spotify.com/track/3roiUw3YFNlKE3u8qMmVmw,,,
4056,playlists,,American Boyfriend,Kevin Abstract,2016,https://open.spotify.com/track/1AUA7JlrARv430PUJRK0Lp,,,
4057,playlists,,Blink,Kevin Abstract,2016,https://open.spotify.com/track/5aaOg4VLtEeEqbMkklgs16,,,
4058,playlists,,Degas Park,Kevin Abstract,2015,https://open.spotify.com/track/0sri8HoWihcZO9Gr31gbmy,Degas Park,pattern,low
4059,playlists,,Echo,Kevin Abstract,2016,https://open.spotify.com/track/52LQDE6Fx3VkbyliZab7WU,,,
4060,playlists,,Empty,Kevin Abstract,2016,https://open.spotify.com/track/6gSw5vz7dcafda23VqMrnl,,,
4061,playlists,,Flintridge,Kevin Abstract,2016,https://open.spotify.com/track/6HJ8xGm3vwIkl8QyTNMJBT,,,
4062,playlists,,Friendship,Kevin Abstract,2016,https://open.spotify.com/track/332Gkcs86fAvEOH5XQWyFW,,,
4063,playlists,,I Do (End Credits),Kevin Abstract,2016,https://open.spotify.com/track/3mUmAz8WCJXg3XjHfzcqLv,,,
4064,playlists,,Joyride,Kevin Abstract,2019,https://open.spotify.com/track/7t97jbSsGY54ULs52xAV5a,,,
4065,playlists,,June 29th,Kevin Abstract,2016,https://open.spotify.com/track/0EtvyFKJGy5UVcReXc5FOo,,,
4066,playlists,,Kin,Kevin Abstract,2016,https://open.spotify.com/track/1WiA6ics95lhncvzFIFFEC,,,
4067,playlists,,Miserable America,Kevin Abstract,2016,https://open.spotify.com/track/5WPVwig7Tl6NFJ5BL6ONhd,America,region,high
4068,playlists,,Papercut,Kevin Abstract,2016,https://open.spotify.com/track/18MmfjsYN2rfrUUvkbN2dH,,,
4069,playlists,,Peach,Kevin Abstract,2019,https://open.spotify.com/track/5JRMqkR82k2fdDEAim9SCN,,,
4070,playlists,,Runner,Kevin Abstract,2016,https://open.spotify.com/track/3YhkHREtu481dJx4NMzeol,,,
4071,playlists,,Seventeen,Kevin Abstract,2016,https://open.spotify.com/track/03sQJmtsGDLrBtlKoAvUTt,,,
4072,playlists,,Suburbian Born,Kevin Abstract,2016,https://open.spotify.com/track/3oB25feh5Wl26YRXsfRhoQ,,,
4073,playlists,,Tattoo,Kevin Abstract,2016,https://open.spotify.com/track/2jEkD23p3LVw2D19OiFvMK,,,
4074,playlists,,Yellow,Kevin Abstract,2016,https://open.spotify.com/track/0vv7loHDXE3dpcJjWqNm7T,,,
4075,playlists,,Tennessee (feat. Lil Nas X),"Kevin Abstract, Lil Nas X",2024,https://open.spotify.com/track/7G6J8Dnz3Y57H1pfXozEae,Tennessee,us_state,high
4076,playlists,,SIERRA NIGHTS (feat. Ryan Beatty),"Kevin Abstract, Ryan Beatty",2021,https://open.spotify.com/track/1CsLmXktvD3Cj04dPCtJNI,Sierra Nevada,landmark,medium
4077,playlists,,2 Phones,Kevin Gates,2016,https://open.spotify.com/track/0wdKiSBUT7aZkXUIdJWcwC,,,
4078,playlists,,Change Lanes,Kevin Gates,2018,https://open.spotify.com/track/59XHPyb0MTMElZpkG0Wp69,,,
4079,playlists,,Hard For,Kevin Gates,2016,https://open.spotify.com/track/0YSTRuZ7elW9CEBfZJW5Js,,,
4080,playlists,,Kno One,Kevin Gates,2015,https://open.spotify.com/track/0443sTFEmh8GVr5yHsVa7M,,,
4081,playlists,,Know Better,Kevin Gates,2016,https://open.spotify.com/track/50prNXlssUmo8p5Agh0gHJ,,,
4082,playlists,,Let It Sing,Kevin Gates,2018,https://open.spotify.com/track/090R9OdFMbQQksvwuXmNEY,,,
4083,playlists,,Vouch,Kevin Gates,2018,https://open.spotify.com/track/37zJ0VBdZO7G7LoSjLX1ES,,,
4084,playlists,,Turn Me On,Kevin Lyttle,2004,https://open.spotify.com/track/0RmXtDH1cBMGImRrmn5xL6,,,
4085,playlists,,Let It Rock,"Kevin Rudolf, Lil Wayne",2008,https://open.spotify.com/track/6i24LdtpurY1OPvRVjNsSH,,,
4086,playlists,,Faith,Kevin Yazzie,2008,https://open.spotify.com/track/3YrY2OC95Hqv0MTVLNsXgJ,,,
4087,playlists,,Four Harmonized Peyote Songs,Kevin Yazzie,2008,https://open.spotify.com/track/2Hvbzw1RD0Mde9PaLEfCSq,,,
4088,playlists,,Gift of Life,Kevin Yazzie,2009,https://open.spotify.com/track/3h1uVb2pflZUuzu2G7D4ve,,,
4089,playlists,,Good Relations,Kevin Yazzie,2010,https://open.spotify.com/track/6ezeaL6821tNH04S8iRPCD,,,
4090,playlists,,It's Morning,Kevin Yazzie,2016,https://open.spotify.com/track/6ezLDXAqUDQMgKCBNJc97C,,,
4091,playlists,,Love,Kevin Yazzie,2010,https://open.spotify.com/track/2FAqxInWTcRKwLhmXbM3aU,,,
4092,playlists,,Set 1,Kevin Yazzie,2013,https://open.spotify.com/track/0YJSIP1xar6rQAF93LVO8m,,,
4093,playlists,,Four Peyote Songs led by Kevin Yazzie 2,"Kevin Yazzie, Cheevers Toppah",2009,https://open.spotify.com/track/5IRRi2WqK3LHYC8DTRFPdd,,,
4094,playlists,,Let's Go,Key Glock,2023,https://open.spotify.com/track/5GCU2LJWPzoP8Q6nexs61z,,,
4095,playlists,,Boys Don't Cry (feat. Bobby Raps),"KEY!, Bobby Raps",2020,https://open.spotify.com/track/3FGQakzy8Cb20cIgyIQjhi,,,
4096,playlists,,gods of the city!,Keyon Christ,2019,https://open.spotify.com/track/6njLJtmOJDvdvpwnbvseKK,,,
4097,playlists,,nights like this!,Keyon Christ,2018,https://open.spotify.com/track/1WSzodG8kr0nSldrmwYLx9,,,
4098,playlists,,something says!,Keyon Christ,2019,https://open.spotify.com/track/10pwpybdWl8EKUunPYNMED,,,
4099,playlists,,they dont want us!,Keyon Christ,2019,https://open.spotify.com/track/0nB4gbwl3u9RXAl75xAav9,,,
4100,playlists,,when u did drugs!,Keyon Christ,2019,https://open.spotify.com/track/6Zs6ZklNNiY5yHx2WjFXT9,,,
4101,playlists,,why me!,Keyon Christ,2019,https://open.spotify.com/track/697HTmiICIj293SMgYM1MA,,,
4102,playlists,,unfuckingfortunately!,"Keyon Christ, VIC MENSA",2019,https://open.spotify.com/track/3E0mv65420LRscn6xwuyks,,,
4103,playlists,,Dum Dee Dum,Keys N Krates,2013,https://open.spotify.com/track/2DJ8hgvavT2SW6sRQxzJiR,,,
4104,playlists,,8TEEN,Khalid,2017,https://open.spotify.com/track/5bgwqaRSS3M8WHWruHgSL5,,,
4105,playlists,,9.13,Khalid,2018,https://open.spotify.com/track/7EROK3PMgkCG3wdwcbeauW,,,
4106,playlists,,Alive,Khalid,2019,https://open.spotify.com/track/12VqHHz4wvVcnEdSivjLeQ,,,
4107,playlists,,American Teen,Khalid,2017,https://open.spotify.com/track/312WNtMs3F28cUukaPY9bo,,,
4108,playlists,,Bad Luck,Khalid,2019,https://open.spotify.com/track/2vsuel3g4zaLYSOY0mOMbi,,,
4109,playlists,,Better,Khalid,2018,https://open.spotify.com/track/2OpBganfGk2GVdSlRdxzaX,,,
4110,playlists,,Bluffin',Khalid,2019,https://open.spotify.com/track/42w7pX3r1TpLR0i55Ek5ND,,,
4111,playlists,,Eleven,Khalid,2020,https://open.spotify.com/track/1ToprX3cpBiXoAe5eNSk74,,,
4112,playlists,,Free Spirit,Khalid,2019,https://open.spotify.com/track/2kAIpGWnlFLQh48iut6Zzq,,,
4113,playlists,,Heaven,Khalid,2019,https://open.spotify.com/track/0Hgqglypzt6Qs5Duqskcqs,,,
4114,playlists,,Hundred,Khalid,2019,https://open.spotify.com/track/0HEckRWFSknIupbGzavk5d,,,
4115,playlists,,Intro,Khalid,2019,https://open.spotify.com/track/5BfMJ6iytQnu1r7iiCYSXe,,,
4116,playlists,,Last Call,Khalid,2022,https://open.spotify.com/track/7k0wVBW3cvV6Xmb87JikIf,,,
4117,playlists,,Location,Khalid,2016,https://open.spotify.com/track/6XOin64PR2Oj4W0tO8GOQv,,,
4118,playlists,,Motion,Khalid,2018,https://open.spotify.com/track/65DzdjRWH35DNsBZBjW523,,,
4119,playlists,,My Bad,Khalid,2019,https://open.spotify.com/track/2XKFnwB6djxrJCjR3PdeRb,,,
4120,playlists,,Paradise,Khalid,2019,https://open.spotify.com/track/6fOOKqQWcSy33ApU1wqkkW,,,
4121,playlists,,Please Don't Fall In Love With Me,Khalid,2024,https://open.spotify.com/track/7jEpRsSusmGqKFISucMnV7,,,
4122,playlists,,Present,Khalid,2021,https://open.spotify.com/track/6RBfz4bNLNzvt37HycN1Xf,,,
4123,playlists,,Right Back,Khalid,2019,https://open.spotify.com/track/5A1w94uzc1kO1Zhe8WWxC3,,,
4124,playlists,,Salem's Interlude,Khalid,2018,https://open.spotify.com/track/0v75ti1d2M6pd0sC42UNNN,,,
4125,playlists,,Saturday Nights,Khalid,2018,https://open.spotify.com/track/7vGGAJBkHKxKtOnGjQduDV,,,
4126,playlists,,Saved,Khalid,2017,https://open.spotify.com/track/248OFOZef6ShXv6DGgbnxU,,,
4127,playlists,,Self,Khalid,2019,https://open.spotify.com/track/1WqLtczgKdbHFHhefOU0y7,,,
4128,playlists,,Twenty One,Khalid,2019,https://open.spotify.com/track/1NgCWYuBLfqBDA3b8MgSVU,,,
4129,playlists,,Vertigo,Khalid,2018,https://open.spotify.com/track/7stcuQtnHL7C6XdPvpwywv,,,
4130,playlists,,Winter,Khalid,2017,https://open.spotify.com/track/4V3VshJLUTCIWa77YiAkvM,,,
4131,playlists,,Retrograde (feat. 6lack & Lucky Daye),"Khalid, 6LACK, Lucky Daye",2021,https://open.spotify.com/track/3v5WRAItrZgr5vCdW3vTmz,,,
4132,playlists,,OTW,"Khalid, 6LACK, Ty Dolla $ign",2018,https://open.spotify.com/track/6Hgh47WXVKtXN5zGOu0hjI,,,
4133,playlists,,Know Your Worth,"Khalid, Disclosure",2020,https://open.spotify.com/track/0TrPqhAMoaKUFLR7iYDokf,,,
4134,playlists,,Talk (feat. Disclosure),"Khalid, Disclosure",2019,https://open.spotify.com/track/6TqXcAFInzjp0bODyvrWEq,,,
4135,playlists,,Suncity (feat. Empress Of),"Khalid, Empress Of",2018,https://open.spotify.com/track/6SkHm6poyKfzV6kc9any8k,,,
4136,playlists,,Let's Go (Remix) (feat. GoldLink),"Khalid, GoldLink",2017,https://open.spotify.com/track/2XdQVMDbbOWD4Jx3vygaqu,,,
4137,playlists,,All I Feel Is Rain (feat. JID),"Khalid, JID",2021,https://open.spotify.com/track/1cH4Hlu7R2jiN5l6bvvsvT,,,
4138,playlists,,Outta My Head (with John Mayer),"Khalid, John Mayer",2019,https://open.spotify.com/track/09oZ9eXQ2fo6YDrPzJqAoP,,,
4139,playlists,,Don't Pretend,"Khalid, SAFE",2019,https://open.spotify.com/track/1E6DEDWDKHoOW0fcFuDghV,,,
4140,playlists,,The Ways (with Swae Lee),"Khalid, Swae Lee",2018,https://open.spotify.com/track/5jyyPsIGM2yqkZN9R3TmvN,,,
4141,playlists,,Texas Sun,"Khruangbin, Leon Bridges",2020,https://open.spotify.com/track/24ntSW3QVJzR79lHAAOTaY,Texas,us_state,high
4142,playlists,,Electric U,Kid Bloom,2016,https://open.spotify.com/track/1h3ODYcDJly0H53W2Ai42Q,,,
4143,playlists,,All In,Kid Cudi,2016,https://open.spotify.com/track/4HMhDkyOObFngSAz2xeQhK,,,
4144,playlists,,BLUE SKY,Kid Cudi,2024,https://open.spotify.com/track/7rYR2a3DisiE26KA2FpHgT,,,
4145,playlists,,Cosmic Warrior,Kid Cudi,2016,https://open.spotify.com/track/3uEBYVUzx2aft489ui6Nmi,,,
4146,playlists,,Dance 4 Eternity,Kid Cudi,2016,https://open.spotify.com/track/4VOUXdkDN3USHfEtBjCUPS,,,
4147,playlists,,Day 'N' Nite (nightmare),Kid Cudi,2009,https://open.spotify.com/track/5FEXPoPnzueFJQCPRIrC3c,,,
4148,playlists,,Distant Fantasies,Kid Cudi,2016,https://open.spotify.com/track/0dBXCFV75G0mdi5fo7eO9v,,,
4149,playlists,,Does It,Kid Cudi,2016,https://open.spotify.com/track/1Bta6k7sXqUJfebYppG7Mq,,,
4150,playlists,,DREAMS I SEE,Kid Cudi,2024,https://open.spotify.com/track/4mamncqmgsPaWkBaemFijf,,,
4151,playlists,,Frequency,Kid Cudi,2016,https://open.spotify.com/track/0O6jl8Zamz6TGF0nUwMQsF,,,
4152,playlists,,GHOST!,Kid Cudi,2010,https://open.spotify.com/track/7aAEJfIzJUUSRXQNz2JzfO,,,
4153,playlists,,HEAVEN'S GALAXY,Kid Cudi,2023,https://open.spotify.com/track/1iUlclkUb1sXcmrDqfQkIH,,,
4154,playlists,,ILLusions,Kid Cudi,2016,https://open.spotify.com/track/36ltVroxdokt4IVqNh4EEO,,,
4155,playlists,,Kitchen,Kid Cudi,2016,https://open.spotify.com/track/0Jcij1eWd5bDMU5iPbxe2i,,,
4156,playlists,,Leader Of The Delinquents,Kid Cudi,2020,https://open.spotify.com/track/3hR48Bj9Wgl6xunDG4nsRZ,,,
4157,playlists,,Livin' My Truth,Kid Cudi,2022,https://open.spotify.com/track/37Qn9foJ2E2S24guZSyvyg,,,
4158,playlists,,Lord I Know,Kid Cudi,2020,https://open.spotify.com/track/7f2voPcnDEAzX4yB8SLnU2,,,
4159,playlists,,Mature Nature,Kid Cudi,2016,https://open.spotify.com/track/6fXMuxRTO9vdrsAcbO3X5x,,,
4160,playlists,,Mojo So Dope,Kid Cudi,2010,https://open.spotify.com/track/6hPSal3ragmfUt1I5mKZjn,Mojo,city,medium
4161,playlists,,PORSCHE TOPLESS,Kid Cudi,2023,https://open.spotify.com/track/0XyLyJATYbD8eSyfqq72hx,,,
4162,playlists,,Releaser,Kid Cudi,2016,https://open.spotify.com/track/5Tm9At0xeFb0MtlV8uI3eY,,,
4163,playlists,,"Solo Dolo, Pt. III",Kid Cudi,2020,https://open.spotify.com/track/27oVCAziETRbNuo5A8LNpg,Dolo,city,medium
4164,playlists,,Swim In The Light,Kid Cudi,2016,https://open.spotify.com/track/5cjsgbZ8tZYD4f0LNpApnf,,,
4165,playlists,,Tequila Shots,Kid Cudi,2020,https://open.spotify.com/track/30KctD1WsHKTIYczXjip5a,Tequila,city,medium
4166,playlists,,The Commander,Kid Cudi,2016,https://open.spotify.com/track/7iqsSrwZqc8vpdvbyK74pQ,,,
4167,playlists,,The Void,Kid Cudi,2020,https://open.spotify.com/track/2yg7MXp8nSPaf61HVkhEr3,,,
4168,playlists,,Wounds,Kid Cudi,2016,https://open.spotify.com/track/5ND2pMuoFVtT0Ocug5A4KT,,,
4169,playlists,,WOW (with A$AP Rocky),"Kid Cudi, A$AP Rocky",2024,https://open.spotify.com/track/2RWlRSi9TthgUka2yrLnrD,,,
4170,playlists,,By Design,"Kid Cudi, André Benjamin",2016,https://open.spotify.com/track/5FxVTEpoBress37MmlMhbZ,,,
4171,playlists,,The Guide,"Kid Cudi, André Benjamin",2016,https://open.spotify.com/track/62Mre4mWZkOGjau4UQtFUV,,,
4172,playlists,,The Adventures of Moon Man & Slim Shady (with Eminem),"Kid Cudi, Eminem",2020,https://open.spotify.com/track/38iBrrbbXyWaSPkmuDNgjZ,,,
4173,playlists,,Guns Go Bang,"Kid Cudi, JAŸ-Z",2021,https://open.spotify.com/track/7nkaJQflQ0saF0w4sOSTco,,,
4174,playlists,,Erase Me - Main,"Kid Cudi, Kanye West",2010,https://open.spotify.com/track/6XkuklKiHYVTlVvWlTgQYP,,,
4175,playlists,,Just What I Am,"Kid Cudi, King Chip",2013,https://open.spotify.com/track/20bJBbPapGQ4bqs0YcA9xY,,,
4176,playlists,,Pursuit Of Happiness (Nightmare),"Kid Cudi, MGMT, Ratatat",2009,https://open.spotify.com/track/5iSEsR6NKjlC9SrIJkyL3k,,,
4177,playlists,,Pursuit Of Happiness - Extended Steve Aoki Remix,"Kid Cudi, MGMT, Ratatat, Steve Aoki",2012,https://open.spotify.com/track/5PX4uS1LqlWEPL69phPVQQ,,,
4178,playlists,,Want It Bad (with Nigo),"Kid Cudi, Nigo",2022,https://open.spotify.com/track/6PzDwzYlw2gH6pYFQqNnFA,,,
4179,playlists,,Flight At First Sight/Advanced,"Kid Cudi, Pharrell Williams",2016,https://open.spotify.com/track/0gnYo3z19PzAVikI7doinv,,,
4180,playlists,,Surfin',"Kid Cudi, Pharrell Williams",2016,https://open.spotify.com/track/1uHb5qa69lHLcFT38fIfUG,,,
4181,playlists,,Show Out (with Skepta & Pop Smoke),"Kid Cudi, Skepta, Pop Smoke",2020,https://open.spotify.com/track/5CFJRZRq6sdKKtRwNPWbYv,,,
4182,playlists,,Baptized In Fire,"Kid Cudi, Travis Scott",2016,https://open.spotify.com/track/6WSBZroxQaO3FYEpT2ACFH,,,
4183,playlists,,GET OFF ME (with Travis Scott),"Kid Cudi, Travis Scott",2024,https://open.spotify.com/track/2Adxpr1j5lSihOCsmIfflJ,,,
4184,playlists,,Rose Golden,"Kid Cudi, WILLOW",2016,https://open.spotify.com/track/40jxatV29fk82SAziDsPqN,,,
4185,playlists,,F With U (feat. Ty Dolla $ign),"Kid Ink, Ty Dolla $ign",2017,https://open.spotify.com/track/6mLfR7fHVDcCKpLwGLWCWw,,,
4186,playlists,,Born Free,Kid Rock,2010,https://open.spotify.com/track/0nzsQbMirivcvRc6rNfXSp,,,
4187,playlists,,Cudi Montage,KIDS SEE GHOSTS,2018,https://open.spotify.com/track/4kUZvXB3LC3an3HX6h0s17,,,
4188,playlists,,Fire,KIDS SEE GHOSTS,2018,https://open.spotify.com/track/7oHkit3F3vimtsBbnZkU0G,,,
4189,playlists,,Reborn,KIDS SEE GHOSTS,2018,https://open.spotify.com/track/4RVbK6cV0VqWdpCDcx3hiT,,,
4190,playlists,,4th Dimension,"KIDS SEE GHOSTS, Louis Prima",2018,https://open.spotify.com/track/6JyEh4kl9DLwmSAoNDRn5b,,,
4191,playlists,,Feel The Love,"KIDS SEE GHOSTS, Pusha T",2018,https://open.spotify.com/track/3aUFrxO1B8EW63QchEl3wX,,,
4192,playlists,,Freeee (Ghost Town Pt. 2),"KIDS SEE GHOSTS, Ty Dolla $ign",2018,https://open.spotify.com/track/7GRTrWsP3yo2Fx8umJfA1X,,,
4193,playlists,,Kids See Ghosts,"KIDS SEE GHOSTS, Yasiin Bey",2018,https://open.spotify.com/track/2I3dW2dCBZAJGj5X21E53k,,,
4194,playlists,,Break It Down,Kidz In The Hall,2011,https://open.spotify.com/track/6aEgEAHpmZ1TgxuoE5rBQl,,,
4195,playlists,,No Panties,Kill Frenzy,2014,https://open.spotify.com/track/2bY6J7raCWuUACZ9pPd5fY,,,
4196,playlists,,I Do Coke,"Kill The Noise, Feed Me",2015,https://open.spotify.com/track/3PvhJcV5xv7E1ImIfbRYeM,,,
4197,playlists,,"SCIENTISTS & ENGINEERS [Feat. Future, Eryn Allen Kane]","Killer Mike, André 3000, Eryn Allen Kane, Future",2023,https://open.spotify.com/track/2RHKzvzdxXANTOKtbZnuLo,,,
4198,playlists,,RUN [Feat. Young Thug] - Single Version,"Killer Mike, Young Thug",2022,https://open.spotify.com/track/4DSS2IhBFgW7MYyjkOOx68,,,
4199,playlists,,Killamonjaro,KILLY,2017,https://open.spotify.com/track/537l7spEsGg6aWl6Y9eKAs,,,
4200,playlists,,<demons>,Kim Petras,2020,https://open.spotify.com/track/4YhG0wYSsxcpe3RGeXgj9v,,,
4201,playlists,,Freak It,Kim Petras,2025,https://open.spotify.com/track/1e8DRAVSxGDPd9hgxcppP2,,,
4202,playlists,,I Like Ur Look,Kim Petras,2025,https://open.spotify.com/track/51h21FmipeDJZXP1HDEiZv,,,
4203,playlists,,Treat Me Like A Slut,Kim Petras,2022,https://open.spotify.com/track/0dlP9SnqQa5k1A9mReybFb,,,
4204,playlists,,XXX,Kim Petras,2022,https://open.spotify.com/track/3QcWzAQvI41KYheHtvsNoT,,,
4205,playlists,,Holdin Me Down,"King Combs, Future",2021,https://open.spotify.com/track/6rIXdBC74sTiA3XknfwL9V,,,
4206,playlists,,A Little Bit Like Magic,King Harvest,2007,https://open.spotify.com/track/3atXF2eAOpkbcxLN1nGlW1,,,
4207,playlists,,Tentation (remix),King Melrose,2016,https://open.spotify.com/track/16GvYe6dfPhUCPIlLOHv3G,,,
4208,playlists,,Detachable Penis,King Missile,1992,https://open.spotify.com/track/7wXPymdFwPwxd6pwt267Tx,,,
4209,playlists,,Run to You (feat. Chance the Rapper & VIC MENSA),"King Promise, Chance the Rapper, VIC MENSA",2022,https://open.spotify.com/track/4BsHRAsnjEnMEO5JCmj6TB,,,
4210,playlists,,Don't Play That,"King Von, 21 Savage",2022,https://open.spotify.com/track/6BczFLHW9aIf9aWn5NFuNL,,,
4211,playlists,,Different Day,Kirk Knight,2018,https://open.spotify.com/track/4mRpLwZ0cbt8CeBtsgN31s,,,
4212,playlists,,Downtime,Kirk Knight,2018,https://open.spotify.com/track/6nBTVk1WEkzYbbdGJUqo2G,,,
4213,playlists,,Duffle Bag,Kirk Knight,2018,https://open.spotify.com/track/2vRzdaP730Uwg1iJr6tP7Q,,,
4214,playlists,,Full Metal Jacket,Kirk Knight,2018,https://open.spotify.com/track/4xwytH8qE0m7XEcM2lsh5B,,,
4215,playlists,,Intro,Kirk Knight,2018,https://open.spotify.com/track/7CLOorRGaITwJkPlseY7Cz,,,
4216,playlists,,Leverage,Kirk Knight,2018,https://open.spotify.com/track/6MIs2j9uygIyQfpA5cJxGD,,,
4217,playlists,,M.O.,Kirk Knight,2018,https://open.spotify.com/track/6YVC71eHWpqEuzCKFFyQXd,,,
4218,playlists,,Never Again,Kirk Knight,2018,https://open.spotify.com/track/7fAPe38N9nEtFF4r1hHRbm,,,
4219,playlists,,Not For Nothing,Kirk Knight,2018,https://open.spotify.com/track/34BcYmMfwEX8fjuN8gYZyj,,,
4220,playlists,,Run It Back (Freestyle),Kirk Knight,2018,https://open.spotify.com/track/7lAUHzk69OUCHc4qg8j0zB,,,
4221,playlists,,Tom Clancy,Kirk Knight,2018,https://open.spotify.com/track/58uBiMvKpp4nIx9FlBJ7hI,,,
4222,playlists,,Tml,"Kirk Knight, Lucille Ghatti",2018,https://open.spotify.com/track/4qzZjhIWbFH5koqcKo1cMN,,,
4223,playlists,,Rock With Me,"Kisch, Syon",2020,https://open.spotify.com/track/0nW1NZeyAENvkfuFQuk1FU,,,
4224,playlists,,"Annie, Heart Thief of the Sea",Kishi Bashi,2015,https://open.spotify.com/track/1ftzjBFVQH2akOcX8eg0pD,,,
4225,playlists,,Man on the Moon (Bonus Track) - Miguel Campbell Remix,"Klangkuenstler, Alice Phoebe Lou, Miguel Campbell",2014,https://open.spotify.com/track/7vlL1ied7PzzE8tLGBfEEM,,,
4226,playlists,,I Got It (feat. Amir Obe),"Klepto Magz, Amir Obe",2015,https://open.spotify.com/track/5EDHFar5r9vrxZwLME5hDT,,,
4227,playlists,,Ready,"Klinical, Killa P",2024,https://open.spotify.com/track/6gXwweK0MNOy7UM24rcGw7,,,
4228,playlists,,Tokyo,"Klinical, Spektiv",2024,https://open.spotify.com/track/0lqvcq1uZbeau5O0AOmj6g,Tokyo,city,high
4229,playlists,,dashstar* - VIP,Knock2,2022,https://open.spotify.com/track/4FKRT4uPFx2L4exy9DCs1o,,,
4230,playlists,,No Slaves,"Knox Brown, Anderson .Paak",2016,https://open.spotify.com/track/5zCxe7ZspX6hxmU05CEQBV,,,
4231,playlists,,itkanbe[sonice],"Knxwledge, NxWorries",2020,https://open.spotify.com/track/5o9xRcKTgpXnoLj1UY46yJ,,,
4232,playlists,,Calling My Spirit,Kodak Black,2018,https://open.spotify.com/track/2MShy1GSSgbmGUxADNIao5,,,
4233,playlists,,Close to the Grave,Kodak Black,2018,https://open.spotify.com/track/5eMbTELOeo7gEdFAIBix0c,,,
4234,playlists,,Coolin and Booted,Kodak Black,2017,https://open.spotify.com/track/1Nh5WUisukhSNgwXLRoyZf,,,
4235,playlists,,Corrlinks and JPay,Kodak Black,2017,https://open.spotify.com/track/189SCF7XFCfIQybq5CZwD9,,,
4236,playlists,,Could of Been Different,Kodak Black,2018,https://open.spotify.com/track/4VQ46sRJtb6osiD3xfYGHx,,,
4237,playlists,,Day for Day,Kodak Black,2017,https://open.spotify.com/track/0rGipWrGwAnZsaVkyiJpap,,,
4238,playlists,,From the Cradle,Kodak Black,2018,https://open.spotify.com/track/53iV4HGEGjKtAFrPt0PyfV,,,
4239,playlists,,I Wish,Kodak Black,2022,https://open.spotify.com/track/0FmKMGrNrrf12GmmCYh2eJ,,,
4240,playlists,,Identity Theft,Kodak Black,2018,https://open.spotify.com/track/48KTGG6wBPpleE5KsTuiwy,,,
4241,playlists,,"If I'm Lyin', I'm Flyin'",Kodak Black,2018,https://open.spotify.com/track/7HdNB8nvJOBwHa8hIkzvxp,,,
4242,playlists,,In the Flesh,Kodak Black,2018,https://open.spotify.com/track/15eaTEZMA2CqOxBvyuosLI,,,
4243,playlists,,Lemme See,Kodak Black,2023,https://open.spotify.com/track/53QRPT9Z42ALxGL1YGT9x1,,,
4244,playlists,,Malcolm X.X.X.,Kodak Black,2018,https://open.spotify.com/track/6JXFDTCAIe5FfiiQYeMgh3,,,
4245,playlists,,Needing Something,Kodak Black,2018,https://open.spotify.com/track/1CjgBZsDOXNUs9aZdzOqSu,,,
4246,playlists,,No Meds,Kodak Black,2017,https://open.spotify.com/track/0bK45V2i9R8NUio3TGDW5v,,,
4247,playlists,,Off the Land,Kodak Black,2017,https://open.spotify.com/track/4i32ns3wiz22LjTDkoED08,,,
4248,playlists,,Patty Cake,Kodak Black,2017,https://open.spotify.com/track/0bXFIF7iL17TYLyx8JHziM,,,
4249,playlists,,Save You,Kodak Black,2017,https://open.spotify.com/track/1RkkWkxfzn0L75BfPLw3Ix,Savé,city,medium
4250,playlists,,Side Nigga,Kodak Black,2017,https://open.spotify.com/track/2NkrrS0VjAE1D8V6JtkZlt,,,
4251,playlists,,Stressed Out,Kodak Black,2024,https://open.spotify.com/track/77jOw64pELbZ5l0blrTia9,,,
4252,playlists,,Super Gremlin,Kodak Black,2021,https://open.spotify.com/track/4A8cWXxKfIL3lAyUDzXbCF,,,
4253,playlists,,Take One,Kodak Black,2018,https://open.spotify.com/track/1XJBDDpeuZaj5fvmwhdIMw,,,
4254,playlists,,Testimony,Kodak Black,2018,https://open.spotify.com/track/6Gg25EZRbQd4IHiJz2KSY0,,,
4255,playlists,,There He Go,Kodak Black,2017,https://open.spotify.com/track/6canmpFnLHVUzvVWAodifz,,,
4256,playlists,,This Forever,Kodak Black,2018,https://open.spotify.com/track/26FpOENKQstjLRhX1fxUs9,,,
4257,playlists,,Transgression,Kodak Black,2018,https://open.spotify.com/track/52Vrauy7m3EtC1aQqj7Rfp,,,
4258,playlists,,Transportin',Kodak Black,2017,https://open.spotify.com/track/1WIZiOuNO3woKfdlSK2gNn,,,
4259,playlists,,Tunnel Vision,Kodak Black,2017,https://open.spotify.com/track/2BoS7pU92MQtynhQ0cZOLT,,,
4260,playlists,,Twenty 8,Kodak Black,2017,https://open.spotify.com/track/0aLo146zdEelBv1dc5YyME,,,
4261,playlists,,U Ain't Never,Kodak Black,2017,https://open.spotify.com/track/6scsBF1tws6Dg8VL3Xu5bS,,,
4262,playlists,,Up in Here,Kodak Black,2017,https://open.spotify.com/track/4rcDP7pcJ9TN3LDeFSfUav,,,
4263,playlists,,Why They Call You Kodak,Kodak Black,2017,https://open.spotify.com/track/2QnCQRQ2UKKhiMJwh7967M,,,
4264,playlists,,Reminiscing (feat. A Boogie wit da Hoodie),"Kodak Black, A Boogie Wit da Hoodie",2017,https://open.spotify.com/track/3Aa4thPgwXgOlyEBTF4yzj,,,
4265,playlists,,Candy Paint (feat. Bun B),"Kodak Black, Bun B",2017,https://open.spotify.com/track/5Su82DCebDzhL88yWyUasx,,,
4266,playlists,,Conscience (feat. Future),"Kodak Black, Future",2017,https://open.spotify.com/track/16dXg2YuFOxwDC3cTf5jde,,,
4267,playlists,,Feeling Like (feat. Jeezy),"Kodak Black, Jeezy",2017,https://open.spotify.com/track/3aY5w0ETPcBEdYRe5RlDM7,,,
4268,playlists,,MoshPit (feat. Juice WRLD),"Kodak Black, Juice WRLD",2018,https://open.spotify.com/track/4KX8vXbouybtUptEyYxtIk,,,
4269,playlists,,Gnarly (feat. Lil Pump),"Kodak Black, Lil Pump",2018,https://open.spotify.com/track/40Rpg3LkZwwzuHJ3GdjMma,,,
4270,playlists,,Codeine Dreaming (feat. Lil Wayne),"Kodak Black, Lil Wayne",2017,https://open.spotify.com/track/4DTpngLjoHj5gFxEZFeD3J,,,
4271,playlists,,ZEZE (feat. Travis Scott & Offset),"Kodak Black, Offset, Travis Scott",2018,https://open.spotify.com/track/0FZ4Dmg8jJJAPJnvBIzD9z,,,
4272,playlists,,Heart Mind,"Kodak Black, Plies",2017,https://open.spotify.com/track/2OPxM2L3KtuehqY24vTMGs,,,
4273,playlists,,Top Off Benz (feat. Young Thug),"Kodak Black, Young Thug",2017,https://open.spotify.com/track/0xlyQp1p50ZekkZ0vrBydP,,,
4274,playlists,,Pronto,Kofi,2019,https://open.spotify.com/track/7quZ4mSfmvDaJDcP1SPhr2,,,
4275,playlists,,Sorry I Am Late - Summer 2016 Version,Kollektiv Turmstrasse,2016,https://open.spotify.com/track/4HubaPJdFWVTWzgHCeeW2f,,,
4276,playlists,,Bruk Off Yuh Back,Konshens,2016,https://open.spotify.com/track/30mNHDOw7qD5SF8tBeuPpu,,,
4277,playlists,,Blue Hunnids,"Kool John, P-Lo",2015,https://open.spotify.com/track/2BFeLCEDQBecReNuLbOHoQ,,,
4278,playlists,,LAND OF FIRE,Kordhell,2022,https://open.spotify.com/track/4aYamw19Hloc6hQlJwWM1y,,,
4279,playlists,,Alkaline,Kota the Friend,2019,https://open.spotify.com/track/2HICdPKr1U60RWy1Zm5J07,,,
4280,playlists,,Birdie,Kota the Friend,2019,https://open.spotify.com/track/2X86YOI8gYMCaQsXjjPsGt,,,
4281,playlists,,Long Beach,"Kota the Friend, Hello O'shay, Alex Banin",2020,https://open.spotify.com/track/6tqIes4TjudsjfIpK4P2Jh,Long Beach,city,high
4282,playlists,,Hurt,Kowloon,2021,https://open.spotify.com/track/5PHPBSzGhbUaalip3bNojK,,,
4283,playlists,,The Sun,Kowloon,2021,https://open.spotify.com/track/4KIoUrQlMx3PFtRmPNbgAv,,,
4284,playlists,,Wake Up,Kowloon,2021,https://open.spotify.com/track/4xwmYMilHBbSLJs0toC0dh,,,
4285,playlists,,In Plain Sight,"Kraak & Smaak, IVAR",2019,https://open.spotify.com/track/4BRx9dbjHmxUGRZAhQta3d,,,
4286,playlists,,90s Groove,"Krabi, Niotech",2023,https://open.spotify.com/track/4m29gZOWSqZycAkEbRP0A8,,,
4287,playlists,,Gucci Gucci,Kreayshawn,2012,https://open.spotify.com/track/1ea97AUSazu2QZw9BnHJqK,,,
4288,playlists,,Forrest Gump (feat. ABG Neal),"Krimelife Ca$$, ABG Neal",2019,https://open.spotify.com/track/0lS4qm0WGGs0F6NKlFaP8F,,,
4289,playlists,,Gatluak - Bakermat Remix,"Kronan, Nyaruach, Bakermat",2021,https://open.spotify.com/track/0GT2hQQ6mdHeW0AZDl5NlJ,,,
4290,playlists,,MC's Act Like They Don't Know,KRS-One,1995,https://open.spotify.com/track/0snDRsjNRMJhm7SVja8l6J,,,
4291,playlists,,Sound of Da Police,KRS-One,2013,https://open.spotify.com/track/4T2aK0zNuYuMXqfBSHJM02,,,
4292,playlists,,Suddenly I See,KT Tunstall,2005,https://open.spotify.com/track/5p9XWUdvbUzmPCukOmwoU3,,,
4293,playlists,,Gomi,Kumo 99,2023,https://open.spotify.com/track/3crNbiAuvrbxCuW7QG3PRi,,,
4294,playlists,,This Girl (Kungs Vs. Cookin' On 3 Burners),"Kungs, Cookin' On 3 Burners",2016,https://open.spotify.com/track/1A8j067qyiNwQnZT0bzUpZ,,,
4295,playlists,,Kaptein,Kurt Darren,2008,https://open.spotify.com/track/2dN6ZxgmN21aRTNeDDI4qB,,,
4296,playlists,,Dicko Mode,Kusorare,2021,https://open.spotify.com/track/1qhyLsodjAGp2pfkAZDq6e,,,
4297,playlists,,Potter,KVSH,2016,https://open.spotify.com/track/1QVQtAunEBeFkfKmTH2qkF,,,
4298,playlists,,Welcome To The Future,"KVSH, Carola",2022,https://open.spotify.com/track/6rwKmp46Ssl0D9VDVaGKVo,,,
4299,playlists,,Corocito (Manguelena),"KVSH, Tim Hox, Cumbiafrica",2022,https://open.spotify.com/track/61GOXPwH81y1I7KIfBXHlB,,,
4300,playlists,,Ghost,Kweku Collins,2016,https://open.spotify.com/track/54mOyvm5pYGAsamOifXBnL,,,
4301,playlists,,Holla If Ya Hear Me,Kweku Collins,2015,https://open.spotify.com/track/4DejCtKBAlGJzgYmxqREY3,,,
4302,playlists,,Lonely Lullabies,Kweku Collins,2015,https://open.spotify.com/track/7BLBIXwIOXPSpTOh1YnKSA,,,
4303,playlists,,WASTE,KXLLSWXTCH,2021,https://open.spotify.com/track/4NgherJDfCXWBZBYheM4jK,,,
4304,playlists,,COSMO,"KXLLSWXTCH, Powers Pleasant",2023,https://open.spotify.com/track/3cJSrNo7xrIZ1w0HtP92SA,,,
4305,playlists,,Clouds,KYLE,2018,https://open.spotify.com/track/2R0P4yXasxvlrHI9gsR5VQ,,,
4306,playlists,,Games,KYLE,2018,https://open.spotify.com/track/2i2cpeL6No8jICTNIlZsOb,,,
4307,playlists,,It's Yours,KYLE,2018,https://open.spotify.com/track/7ueISsrCCvLuA4KDs8ITzE,,,
4308,playlists,,Perfect,KYLE,2021,https://open.spotify.com/track/77cj905zkxzZ0BOUaMd9SM,,,
4309,playlists,,Rodeo,KYLE,2018,https://open.spotify.com/track/3K8hwcFHdjO7NhUhDiCKUQ,,,
4310,playlists,,ShipTrip,KYLE,2018,https://open.spotify.com/track/2dYbi3CYZL2wp3CoQ9i1II,,,
4311,playlists,,To the Moon,KYLE,2018,https://open.spotify.com/track/27mk3uvDP9NnvNVazB3EDs,,,
4312,playlists,,Ups & Downs,KYLE,2018,https://open.spotify.com/track/2lvnBAJeR0YOpOWo10XwMv,,,
4313,playlists,,Zoom,KYLE,2018,https://open.spotify.com/track/1nPUyAopPGxIrV7qtRVjIy,,,
4314,playlists,,Magic Carpet,"Kyle Watson, MAY BBY",2021,https://open.spotify.com/track/7nEJrG2KIiH6PoDL1Ae5at,,,
4315,playlists,,Ikuyo (feat. 2 Chainz & Sophia Black),"KYLE, 2 Chainz, Sophia Black",2018,https://open.spotify.com/track/2NWoKpRnMfxocVAXF8ASwk,,,
4316,playlists,,Babies (feat. Alessia Cara),"KYLE, Alessia Cara",2018,https://open.spotify.com/track/2iTQEWxLtKrIoYr7FIWq6q,,,
4317,playlists,,OpenDoors (feat. Avery Wilson),"KYLE, Avery Wilson",2018,https://open.spotify.com/track/2Wc9hHneqmsSLwnxflxlA5,,,
4318,playlists,,Playinwitme (feat. Kehlani),"KYLE, Kehlani",2018,https://open.spotify.com/track/4F1yvJfQ7gJkrcgFJQDjOr,,,
4319,playlists,,iMissMe (feat. Khalid),"KYLE, Khalid",2018,https://open.spotify.com/track/7EXHUG8EomBQs9Bg6CrJC3,,,
4320,playlists,,iSpy,"KYLE, Lil Yachty",2016,https://open.spotify.com/track/0WjYgf4qH3B0v0HmW61doL,,,
4321,playlists,,SUPERDUPERKYLE (feat. MadeinTYO),"KYLE, MadeinTYO",2018,https://open.spotify.com/track/6XvAtWxJwJMsXmugRQrksT,,,
4322,playlists,,"Coming, Going? (feat. Take 6)","KYLE, Take 6",2018,https://open.spotify.com/track/5XfIFkmZfqdiBOHL5aOEjH,,,
4323,playlists,,Can't Get You out of My Head,Kylie Minogue,2002,https://open.spotify.com/track/3E7ZwUMJFqpsDOJzEkBrQ7,,,
4324,playlists,,Padam Padam,Kylie Minogue,2023,https://open.spotify.com/track/3k0DJq2HdWJqnqor8NX0ac,Padam,city,medium
4325,playlists,,Agitations tropicales,L'Impératrice,2015,https://open.spotify.com/track/2La21GqU4fKTQLcfLxTeoz,,,
4326,playlists,,Amour Ex Machina,L'Impératrice,2024,https://open.spotify.com/track/4ltd62ynuUWoZza9cSSljg,,,
4327,playlists,,ENTROPIA,L'Impératrice,2025,https://open.spotify.com/track/7dzlMlXxwC2vhpKsfhM6S5,,,
4328,playlists,,Paris,L'Impératrice,2018,https://open.spotify.com/track/6UTDgh5ezazezpAe4HmAos,Paris,city,high
4329,playlists,,Peur des filles,L'Impératrice,2021,https://open.spotify.com/track/00mO8JKk2wQ7VqdPcY1r4O,,,
4330,playlists,,Vanille fraise,L'Impératrice,2015,https://open.spotify.com/track/7nZ9CzhiFRPhOQCn7eDSnn,,,
4331,playlists,,Voodoo?,L'Impératrice,2021,https://open.spotify.com/track/3pr0y5h4MkBngy6gyozLDV,,,
4332,playlists,,Heartquake,"L'Impératrice, Cuco",2023,https://open.spotify.com/track/6vcC7pldyTPKjZJFvY3v7Q,,,
4333,playlists,,Sweet & Sublime (feat. Erick the Architect),"L'Impératrice, Erick the Architect",2024,https://open.spotify.com/track/2ubLYWZuBGfgMO5Py1RP4p,,,
4334,playlists,,chrysalis,"L'Impératrice, Louve",2025,https://open.spotify.com/track/1CyqOIcejpX5Zqzw5BRHFb,,,
4335,playlists,,Everything Eventually Ends,"L'Impératrice, Rejjie Snow",2022,https://open.spotify.com/track/5LInOGDHqrgetnMlnvaDNq,,,
4336,playlists,,Be My Lover,La Bouche,1995,https://open.spotify.com/track/3YB6nCSuFqNiqOvPtAPK9X,,,
4337,playlists,,Tourment d' amour,"La Fine Equipe, Saneyes",2011,https://open.spotify.com/track/1pur8kv69XmZqA3uoMEYnH,,,
4338,playlists,,Doe Me Dansje,"La Fuente, Ronnie Flex, Kraantje Pappie",2023,https://open.spotify.com/track/79LE0asiuQOsZoe2Uwp898,,,
4339,playlists,,Sexotheque,La Roux,2014,https://open.spotify.com/track/7C4q3iDYe1EwGAgXUKKtwU,,,
4340,playlists,,Bulletproof,"La Roux, GAMPER & DADONI",2021,https://open.spotify.com/track/0SyxZC4wlqAwf20cHE6Xon,,,
4341,playlists,,Soon Not Later,"Lady Bee, Dame1",2021,https://open.spotify.com/track/1aUqnyTzGI4eXauiBxdpaJ,,,
4342,playlists,,Night And Day,"Lady Bee, Dorothy Sherman",2020,https://open.spotify.com/track/472dltG3LguzpbWRANBp4f,,,
4343,playlists,,LoveGame,Lady Gaga,2008,https://open.spotify.com/track/5c0Wgs68kjgViFCVDGLB2I,,,
4344,playlists,,Poker Face,Lady Gaga,2009,https://open.spotify.com/track/3OT3Kg4jyVkdZm4Ncz6JgX,,,
4345,playlists,,Just Dance,"Lady Gaga, Colby O'Donis",2009,https://open.spotify.com/track/3E5XrOtqMAs7p2wKhwgOjf,,,
4346,playlists,,Cocaine Rain,Lais,2016,https://open.spotify.com/track/0DRNWGmg8Zn5pVtBhvTCrM,,,
4347,playlists,,Summer Bummer (feat. A$AP Rocky & Playboi Carti),"Lana Del Rey, A$AP Rocky, Playboi Carti",2017,https://open.spotify.com/track/5QqyRUZeBE04yJxsD1OC0I,,,
4348,playlists,,Bad Choices,"Larry June, 2 Chainz, The Alchemist",2025,https://open.spotify.com/track/7bFXjldFpiHnXqM38oSi50,,,
4349,playlists,,Big Energy,Latto,2022,https://open.spotify.com/track/4pi1G1x8tl9VfdD9bL3maT,,,
4350,playlists,,Sunshine (feat. Lil Wayne & Childish Gambino),"Latto, Lil Wayne, Childish Gambino",2022,https://open.spotify.com/track/3Lf16tRdqj4H7MBtCSztDS,,,
4351,playlists,,Evisu,Lauren Declasse,2018,https://open.spotify.com/track/2KPLYoDsfg2Rh3lEAa39z9,,,
4352,playlists,,I Like Me Better,Lauv,2017,https://open.spotify.com/track/1wjzFQodRWrPcQ0AnYnvQ9,,,
4353,playlists,,Magpie,Lava La Rue,2021,https://open.spotify.com/track/65gFD5pX5zfIDxMLkfJwyP,,,
4354,playlists,,Hold Me,Lavern,2023,https://open.spotify.com/track/4SnuG111QPmgwRmlwhJ4Mg,,,
4355,playlists,,Santa Catarina,Lazywax,2020,https://open.spotify.com/track/0Rk5Ma0d9pQac2elQWky1Z,Santa Catarina,city,high
4356,playlists,,Dance Yrself Clean,LCD Soundsystem,2010,https://open.spotify.com/track/2cmRpmO04TLaKPzmAzySYZ,,,
4357,playlists,,Ugk'z (feat. Bun B & Curren$y),"Le$, Bun B, Curren$y",2015,https://open.spotify.com/track/7iNvdwewpZ0GBfBO6nEYBO,,,
4358,playlists,,Droppin',Leikeli47,2018,https://open.spotify.com/track/6Q2PQZqLvugFbZ8zIvzKOr,,,
4359,playlists,,Got It Bad,LEISURE,2018,https://open.spotify.com/track/0oADgO0iK3YpTsPkVb2ptT,,,
4360,playlists,,Lonely Nights,LEISURE,2021,https://open.spotify.com/track/1SJ7eKG6Ha5opLNxlXXvwa,,,
4361,playlists,,Money,LEISURE,2019,https://open.spotify.com/track/1f5eDiILUNeftOB26e6LB1,,,
4362,playlists,,Slipping Away,LEISURE,2021,https://open.spotify.com/track/07AbRgKmb5KfppwtZbZqDI,,,
4363,playlists,,Take You Higher,LEISURE,2021,https://open.spotify.com/track/3QtNPpwrajozNB5AORHYzP,,,
4364,playlists,,Steal My Sunshine,LEN,1999,https://open.spotify.com/track/4agp6oHofabdUedr0B1krj,,,
4365,playlists,,Fly Away,Lenny Kravitz,1998,https://open.spotify.com/track/1OxcIUqVmVYxT6427tbhDW,,,
4366,playlists,,Bad Bad News,Leon Bridges,2018,https://open.spotify.com/track/7FxzgizJRGTQ3fxUqfvljg,,,
4367,playlists,,Bet Ain't Worth the Hand,Leon Bridges,2018,https://open.spotify.com/track/0VBBWt0uJxXNVb624WtOnC,,,
4368,playlists,,Beyond,Leon Bridges,2018,https://open.spotify.com/track/1Omt5bfz1tZUCqd26HxbS0,,,
4369,playlists,,Coming Home,Leon Bridges,2015,https://open.spotify.com/track/65GbQI9VDTs7vo6MJL2iJA,,,
4370,playlists,,Forgive You,Leon Bridges,2018,https://open.spotify.com/track/1sfTdlWfcFdI7NfmcfZPii,,,
4371,playlists,,Georgia to Texas,Leon Bridges,2018,https://open.spotify.com/track/7JSixgF6zx9HroDMRnjn7p,Georgia; Texas,us_state; us_state,high
4372,playlists,,If It Feels Good (Then It Must Be),Leon Bridges,2018,https://open.spotify.com/track/72Dd7GCaepMi8ktuXxmSZF,,,
4373,playlists,,Lions,Leon Bridges,2018,https://open.spotify.com/track/7bg7YfErUZJ2eyYzNVEti1,,,
4374,playlists,,Mrs.,Leon Bridges,2018,https://open.spotify.com/track/2R4O7MgIrN35QXnyLKMFVl,,,
4375,playlists,,Shy,Leon Bridges,2018,https://open.spotify.com/track/407qAIie8sIEgquKD1AAd2,,,
4376,playlists,,You Don't Know,Leon Bridges,2018,https://open.spotify.com/track/40pjk9HXKCxFrsAhKwQKBJ,,,
4377,playlists,,Smile,Leven Kali,2017,https://open.spotify.com/track/5Wbjjde5ez7sx22OtmrXKV,,,
4378,playlists,,HOMEGIRL - BONUS TRACK,"Leven Kali, Smino, Topaz Jones",2020,https://open.spotify.com/track/5M8VxQwrf56IrtRLoXeFW4,,,
4379,playlists,,MADE 4 U,"Leven Kali, Syd",2020,https://open.spotify.com/track/3pQRslIZ0kdIb9rzPqSmkx,,,
4380,playlists,,Flip It,"Levity, Dem Jointz",2024,https://open.spotify.com/track/4XZC1labZABgXtbAag1eWo,,,
4381,playlists,,Afraid To Feel,LF SYSTEM,2022,https://open.spotify.com/track/40SBS57su9xLiE1WqkXOVr,,,
4382,playlists,,Sex for Breakfast,Life of Dillon,2017,https://open.spotify.com/track/6CDaYzCjahDKqFAIslpveh,,,
4383,playlists,,LANES,"Lil AK, 6ix9ine",2019,https://open.spotify.com/track/63dbdU3BmlCCa5lpOFTSSU,,,
4384,playlists,,California Breeze,Lil Baby,2022,https://open.spotify.com/track/6ug9fUi5oLLgQgOF1G8WkM,California,us_state,high
4385,playlists,,Cash,Lil Baby,2018,https://open.spotify.com/track/3OyMMEBmp23N79jkH2gcpT,,,
4386,playlists,,Chastised,Lil Baby,2018,https://open.spotify.com/track/0I1gjYB0yjwYXBn9SVOh3n,,,
4387,playlists,,Close Friends (Lil Baby & Gunna),Lil Baby,2018,https://open.spotify.com/track/5nzhL67GpF9szXWg5y509A,,,
4388,playlists,,Crush A Lot,Lil Baby,2018,https://open.spotify.com/track/39RWYLt6hgk9BbhkDgaHW9,,,
4389,playlists,,Deep End (Lil Baby & Gunna),Lil Baby,2018,https://open.spotify.com/track/16QjPRt5HYK0dnLGmGRCvf,,,
4390,playlists,,First Class,Lil Baby,2018,https://open.spotify.com/track/7i3NiyX4x4WZ8xZjIXWi4s,,,
4391,playlists,,Fit In,Lil Baby,2018,https://open.spotify.com/track/7tgEm1rQTA603HnZYRDgKL,,,
4392,playlists,,Global,Lil Baby,2018,https://open.spotify.com/track/7cW1wHpSLYgKWzoWlOCPFJ,,,
4393,playlists,,Intro,Lil Baby,2018,https://open.spotify.com/track/3X8Nrq4TvSd54ymTiXYcD6,,,
4394,playlists,,I’m Straight,Lil Baby,2018,https://open.spotify.com/track/5zlRcS7ZHsnDgs4VDsDxwL,,,
4395,playlists,,Leaked,Lil Baby,2018,https://open.spotify.com/track/0FIcYpNaqZaJnP3yDcaBN6,,,
4396,playlists,,Never Needed No Help,Lil Baby,2018,https://open.spotify.com/track/7cEZShpmZ7dencnV8ibyUS,,,
4397,playlists,,Pure Cocaine,Lil Baby,2018,https://open.spotify.com/track/577YBGuskWkVDCxZrLRB4v,,,
4398,playlists,,Southside,Lil Baby,2018,https://open.spotify.com/track/5lf3ajySox32qFvGEf2TFM,Southside,region,medium
4399,playlists,,Spazz,Lil Baby,2018,https://open.spotify.com/track/76U7QTSiBUcl5rRziwS0H5,,,
4400,playlists,,The Bigger Picture,Lil Baby,2020,https://open.spotify.com/track/44gRhRi2OhEf7moAUj6MD1,,,
4401,playlists,,This Week,Lil Baby,2018,https://open.spotify.com/track/3yIZgYN7AKO3cDueyhpuCS,,,
4402,playlists,,Woah,Lil Baby,2019,https://open.spotify.com/track/598yNsG1JFrGd4n2kMoz7F,,,
4403,playlists,,Word On The Street,Lil Baby,2018,https://open.spotify.com/track/52i143Ph5c3RQaQFBXWix1,Word On The Street,pattern,low
4404,playlists,,Anyway (feat. 2 Chainz & Gucci Mane),"Lil Baby, 2 Chainz, Gucci Mane",2018,https://open.spotify.com/track/3zxiTHxE4MxwuYf8aLQ9ax,,,
4405,playlists,,Yes Indeed,"Lil Baby, Drake",2018,https://open.spotify.com/track/6vN77lE9LK6HP2DewaN6HZ,,,
4406,playlists,,Out The Mud,"Lil Baby, Future",2019,https://open.spotify.com/track/2wZjsbwmWfNVslgV5afl1L,,,
4407,playlists,,Realist In It (feat. Gucci Mane & Offset),"Lil Baby, Gucci Mane, Offset",2018,https://open.spotify.com/track/2WqTKOAUmv7hz9ZzGnXHrY,,,
4408,playlists,,Belly (Lil Baby & Gunna),"Lil Baby, Gunna",2018,https://open.spotify.com/track/1yQvL8SzbF5JCroRKk9F07,,,
4409,playlists,,Business Is Business (Lil Baby & Gunna),"Lil Baby, Gunna",2018,https://open.spotify.com/track/7roKDmJDOzkpfGpUQJ5EnL,,,
4410,playlists,,Drip Too Hard,"Lil Baby, Gunna",2018,https://open.spotify.com/track/1BxkZE73h9BN3qwuA15TA3,,,
4411,playlists,,Drip Too Hard (Lil Baby & Gunna),"Lil Baby, Gunna",2018,https://open.spotify.com/track/78QR3Wp35dqAhFEc2qAGjE,,,
4412,playlists,,I Am (Lil Baby & Gunna),"Lil Baby, Gunna",2018,https://open.spotify.com/track/3F57PtOdqRpD6euFYqtKXX,,,
4413,playlists,,Ready (feat. Gunna),"Lil Baby, Gunna",2018,https://open.spotify.com/track/4F6yN5FsFW10Ucx7cLCzBh,,,
4414,playlists,,Seals Pills (Lil Baby & Gunna),"Lil Baby, Gunna",2018,https://open.spotify.com/track/7HLglWbzDheHZ3VZUbxGLC,,,
4415,playlists,,Throwing Shade,"Lil Baby, Gunna",2018,https://open.spotify.com/track/2Z9wPJaKys1LAOlcBtjvOU,,,
4416,playlists,,Underdog (Lil Baby & Gunna),"Lil Baby, Gunna",2018,https://open.spotify.com/track/2Am26UXisQ91vBLYdqd7Pa,,,
4417,playlists,,"Never Recover (Lil Baby & Gunna, Drake)","Lil Baby, Gunna, Drake",2018,https://open.spotify.com/track/6wWaVoUOzLQJHd3bWAUpdZ,,,
4418,playlists,,Off White VLONE (Lil Baby & Gunna feat. Lil Durk & NAV),"Lil Baby, Gunna, Lil Durk, NAV",2018,https://open.spotify.com/track/6PoKfDY78ih5OveWirggRX,,,
4419,playlists,,Life Goes On,"Lil Baby, Gunna, Lil Uzi Vert",2018,https://open.spotify.com/track/2bSk87AVkCIIC3Bcligq1z,,,
4420,playlists,,My Jeans (Lil Baby & Gunna feat. Young Thug),"Lil Baby, Gunna, Young Thug",2018,https://open.spotify.com/track/4T7cJdrTRqOBESPYfvfj2x,,,
4421,playlists,,Boss Bitch,"Lil Baby, HoodRich Pablo Juan",2018,https://open.spotify.com/track/53nzcuEwQAzwV2Y7I7lczm,,,
4422,playlists,,Time (feat. Meek Mill),"Lil Baby, Meek Mill",2018,https://open.spotify.com/track/1Szfm2XAx3Kgl55dyl8sTU,,,
4423,playlists,,Bank,"Lil Baby, Moneybagg Yo",2018,https://open.spotify.com/track/5zdWd9T4e2QDPyJAvzlADw,Bānk,city,medium
4424,playlists,,Dreams 2 Reality (feat. NoCap),"Lil Baby, NoCap",2018,https://open.spotify.com/track/3xibgHbKeEgSSAXR5z3cwt,,,
4425,playlists,,Transporter,"Lil Baby, Offset",2018,https://open.spotify.com/track/44MFUuNGtBuB00LjDUnHE0,,,
4426,playlists,,No Friends (feat. Rylo Rodriguez),"Lil Baby, Rylo Rodriguez",2018,https://open.spotify.com/track/6pidGCJ9El17HdXaPO0OO2,,,
4427,playlists,,Exotic,"Lil Baby, Starlito",2018,https://open.spotify.com/track/1zIb1bYJAo1UdR2Xf4oESb,,,
4428,playlists,,Right Now,"Lil Baby, Young Thug",2018,https://open.spotify.com/track/6ghs7wcpS23FOsDpR8D2MW,,,
4429,playlists,,Section 8 (feat. Young Thug),"Lil Baby, Young Thug",2018,https://open.spotify.com/track/6XeZ32B9HbV6ZrU6NTR2iM,,,
4430,playlists,,Beat My Wife,"lil Cumtism, NR",2021,https://open.spotify.com/track/2uypUEj1CsGVHxUfh1tHl5,,,
4431,playlists,,Pissed Me Off,Lil Durk,2021,https://open.spotify.com/track/52nTQQahs46s1iHFQ3Wv5Q,,,
4432,playlists,,Stay Down (with 6LACK & Young Thug),"Lil Durk, 6LACK, Young Thug",2020,https://open.spotify.com/track/6w4PV16oMh5I6ZOCvig0hK,,,
4433,playlists,,All My Life (feat. J. Cole),"Lil Durk, J. Cole",2023,https://open.spotify.com/track/6HgWWaMu31KdOpEG5l28BG,,,
4434,playlists,,Broadway Girls (feat. Morgan Wallen),"Lil Durk, Morgan Wallen",2021,https://open.spotify.com/track/3DZ8dbKg4OTSSqGARvecYd,Broadway,street,high
4435,playlists,,Yeah Yeah (feat. Future & Lil Keed),"Lil Gotit, Future, Lil Keed",2020,https://open.spotify.com/track/5uROp9TdsF7ScCwyEnfMRQ,,,
4436,playlists,,Get Low,"Lil Jon & The East Side Boyz, Ying Yang Twins",2002,https://open.spotify.com/track/0r2Bul2NuCViraT2zX1l5j,,,
4437,playlists,,Proud of Me (feat. Young Thug),"Lil Keed, Young Thug",2019,https://open.spotify.com/track/4ETgPn8Pc9ljGSLLuvWonJ,,,
4438,playlists,,Drank & Drugs,"Lil Kleine, Ronnie Flex",2015,https://open.spotify.com/track/4rHIGjDTXXL9Eudf3YF036,,,
4439,playlists,,Lip Gloss,Lil Mama,2007,https://open.spotify.com/track/1Y4ZdPOOgCUhBcKZOrUFiS,,,
4440,playlists,,Shawty Get Loose (feat. Chris Brown & T-Pain),"Lil Mama, Chris Brown, T-Pain",2008,https://open.spotify.com/track/1Kef862HDQdZQaXpxNtHuv,,,
4441,playlists,,16 Lines,Lil Peep,2018,https://open.spotify.com/track/6akBF8JWM8lrpqejdwIfYI,,,
4442,playlists,,Benz Truck (гелик),Lil Peep,2017,https://open.spotify.com/track/3kBD2xHIqKWXjLAGidDTSz,,,
4443,playlists,,Better Off (Dying),Lil Peep,2017,https://open.spotify.com/track/1tlrTC3x7viJ1U30oOFGdF,,,
4444,playlists,,Broken Smile (My All),Lil Peep,2018,https://open.spotify.com/track/1BCBBO8VUEFOb6RBct4XDp,,,
4445,playlists,,Cry Alone,Lil Peep,2018,https://open.spotify.com/track/4kQazx3VMaDKUG1IIaC94i,,,
4446,playlists,,Fingers,Lil Peep,2018,https://open.spotify.com/track/3GGkqI7lQTP1D6CtymwnHZ,,,
4447,playlists,,Gym Class,Lil Peep,2016,https://open.spotify.com/track/08AJ0xQv5LRZsvXf1Jkr2y,,,
4448,playlists,,Hate Me,Lil Peep,2018,https://open.spotify.com/track/2FoRvrNWBtrJiSgIjmivKG,,,
4449,playlists,,IDGAF,Lil Peep,2018,https://open.spotify.com/track/6zZhlOWizcEG1T7zsTdI6N,,,
4450,playlists,,Leanin',Lil Peep,2018,https://open.spotify.com/track/6cX1iTffMIAU8lEWSOYIIO,,,
4451,playlists,,Life is Beautiful,Lil Peep,2018,https://open.spotify.com/track/5rYpwP1dHWGVMrSZbTmt3e,,,
4452,playlists,,Problems,Lil Peep,2017,https://open.spotify.com/track/5e90dsXJMBw9ndBRiKP1ZA,,,
4453,playlists,,Runaway,Lil Peep,2018,https://open.spotify.com/track/1FBi1YWCAxlRmfuUbMINqO,,,
4454,playlists,,Save That Shit,Lil Peep,2017,https://open.spotify.com/track/0S0vWvyZ6Rc79TXkWxT9QA,Savé,city,medium
4455,playlists,,Sex with My Ex,Lil Peep,2018,https://open.spotify.com/track/0H1Had94fszD13qsFsP1U5,,,
4456,playlists,,Star Shopping,Lil Peep,2015,https://open.spotify.com/track/30bqVoKjX479ab90a8Pafp,,,
4457,playlists,,The Brightside,Lil Peep,2017,https://open.spotify.com/track/4DbnKBddcHUHbYpidc36AT,,,
4458,playlists,,U Said,Lil Peep,2017,https://open.spotify.com/track/3F42FHouOY59SnSsyD2TAX,,,
4459,playlists,,White Girl,Lil Peep,2018,https://open.spotify.com/track/5qCQyPB2MEICEcSC8WVbNx,,,
4460,playlists,,4 Gold Chains - (feat. Clams Casino),"Lil Peep, Clams Casino",2018,https://open.spotify.com/track/2PlrYKsGndAMJ0qqVVPCoV,,,
4461,playlists,,Sunlight On Your Skin - Bonus Track,"Lil Peep, ILOVEMAKONNEN",2018,https://open.spotify.com/track/6trwNRKYjipVE9wUYSSG82,,,
4462,playlists,,I've Been Waiting (w/ ILoveMakonnen & Fall Out Boy),"Lil Peep, ILOVEMAKONNEN, Fall Out Boy",2019,https://open.spotify.com/track/2v5JTeM6hSmi5wWy7jiwrI,,,
4463,playlists,,Awful Things,"Lil Peep, Lil Tracy",2017,https://open.spotify.com/track/7Hr2XoaGpIMKbNXCZDZ3le,,,
4464,playlists,,Avoid,"Lil Peep, Wicca Phase Springs Eternal, døves",2017,https://open.spotify.com/track/1Cx37RLHtu6ZWA0W1uGkai,,,
4465,playlists,,Falling Down - Bonus Track,"Lil Peep, XXXTENTACION",2018,https://open.spotify.com/track/4jvjzW7Hm0yK4LvvE0Paz9,,,
4466,playlists,,Butterfly Doors,Lil Pump,2019,https://open.spotify.com/track/5X4c1AVbFfl8u36AE5QLCI,,,
4467,playlists,,Drop Out,Lil Pump,2019,https://open.spotify.com/track/1O01cSag3DaCGneWQgPBL4,,,
4468,playlists,,Drug Addicts,Lil Pump,2019,https://open.spotify.com/track/4FmNipp8FDJNUZqMR0yfv1,,,
4469,playlists,,Esskeetit,Lil Pump,2018,https://open.spotify.com/track/44KKhCyI0BGS6LvVyDqJtH,,,
4470,playlists,,Life Like Me,Lil Pump,2020,https://open.spotify.com/track/3dNjzxaf6QoyAY6sgT9ixi,,,
4471,playlists,,Nu Uh,Lil Pump,2019,https://open.spotify.com/track/74UsYEM1wySfbxp4Ml4sWF,,,
4472,playlists,,Off White,Lil Pump,2019,https://open.spotify.com/track/4w6rP1zXxWMMJ132iDGn25,,,
4473,playlists,,Racks on Racks,Lil Pump,2019,https://open.spotify.com/track/56lQI55srtE2glxdPffDLT,,,
4474,playlists,,Vroom Vroom Vroom,Lil Pump,2019,https://open.spotify.com/track/1MB0Zg2dxvckDkLuKC9hZb,,,
4475,playlists,,Who Dat,Lil Pump,2019,https://open.spotify.com/track/41s5QL5ZxXJ1RSwhW7DBcp,,,
4476,playlists,,Multi Millionaire (feat. Lil Uzi Vert),"Lil Pump, Lil Uzi Vert",2018,https://open.spotify.com/track/7q8cy4uoA2itYATsKeXhcq,,,
4477,playlists,,Be Like Me (feat. Lil Wayne),"Lil Pump, Lil Wayne",2019,https://open.spotify.com/track/6flur5o18COKeafnjLHRiJ,,,
4478,playlists,,Fasho Fasho (feat. Offset),"Lil Pump, Offset",2019,https://open.spotify.com/track/1oEnImXo4QjmRzyoZn7yze,,,
4479,playlists,,Too Much Ice (feat. Quavo),"Lil Pump, Quavo",2019,https://open.spotify.com/track/2Te4ixW9GbwdNcBhMpdzBq,,,
4480,playlists,,Racks to the Ceiling,"Lil Pump, RONNY J, Tory Lanez",2021,https://open.spotify.com/track/7BxOnIN2GIDEss4Eg3weRL,,,
4481,playlists,,ION (feat. Smokepurpp),"Lil Pump, Smokepurpp",2019,https://open.spotify.com/track/0PWnTLrryhbYaRSGF6CsHf,,,
4482,playlists,,Stripper Name (feat. YG and 2 Chainz),"Lil Pump, YG, 2 Chainz",2019,https://open.spotify.com/track/0lZk8fjx0u7hRwEgs7sOKW,,,
4483,playlists,,Summer Nights,Lil Rob,2005,https://open.spotify.com/track/6fVCBBlHif6zfqXAEHKJy8,,,
4484,playlists,,Sex Offender Shuffle,Lil Saad,2019,https://open.spotify.com/track/5232eQbr64X24Ldov9Ttmj,,,
4485,playlists,,Blue Strips,Lil Skies,2019,https://open.spotify.com/track/0AKwYorDdgm3NtusTmPlkn,,,
4486,playlists,,Breathe,Lil Skies,2019,https://open.spotify.com/track/6NGeKy2lLt86dxDjJAtBFk,,,
4487,playlists,,Flooded,Lil Skies,2019,https://open.spotify.com/track/6Ur6u4Ici7NYBiuGEEkNMP,,,
4488,playlists,,Highs and Lows,Lil Skies,2019,https://open.spotify.com/track/0ZxY3V9miXeKIeKS3hgjCI,,,
4489,playlists,,I,Lil Skies,2019,https://open.spotify.com/track/4ZT9FnbFu1PaBfV3itxiqT,,,
4490,playlists,,Mansion,Lil Skies,2019,https://open.spotify.com/track/49ImM4CYsEL5KG1hzUaCzq,,,
4491,playlists,,Name in the Sand,Lil Skies,2019,https://open.spotify.com/track/11p2ty4w5GpoFL4vcK0Cru,,,
4492,playlists,,No Rainy Days,Lil Skies,2019,https://open.spotify.com/track/2BTH9RKzclcO36gS09cLjy,,,
4493,playlists,,Ok 4 Now,Lil Skies,2019,https://open.spotify.com/track/0k7Qyc2J6cUryNNhf0pPEL,,,
4494,playlists,,Through the Motions,Lil Skies,2019,https://open.spotify.com/track/3XVT8VNy0vpvTbFPQaBSZN,,,
4495,playlists,,When I'm Wasted,Lil Skies,2019,https://open.spotify.com/track/2pzlvIwI67SEfjLwkZISh8,,,
4496,playlists,,Bad Girls (feat. Gucci Mane),"Lil Skies, Gucci Mane",2019,https://open.spotify.com/track/0hCHNYL8ApQCGNwJrYN1FY,,,
4497,playlists,,Stop the Madness (feat. Gunna),"Lil Skies, Gunna",2019,https://open.spotify.com/track/6PXhPHhZy1MpxuTNA1Ad4L,,,
4498,playlists,,Nowadays Pt. 2 (feat. Landon Cube),"Lil Skies, Landon Cube",2019,https://open.spotify.com/track/0Goo25lbtpwor5vb0K2r21,,,
4499,playlists,,Creeping (feat. Rich the Kid),"Lil Skies, Rich The Kid",2018,https://open.spotify.com/track/7ms3VzLTfr7fXNOqA4Mkx9,,,
4500,playlists,,I Know You (feat. Yung Pinch),"Lil Skies, Yung Pinch",2018,https://open.spotify.com/track/5Cg98kiDYtCEHmjcKD0CJD,,,
4501,playlists,,Calling My Phone,"Lil Tjay, 6LACK",2021,https://open.spotify.com/track/5Kskr9LcNYa0tpt5f0ZEJx,,,
4502,playlists,,Leaked (feat. Lil Wayne) - Remix,"Lil Tjay, Lil Wayne",2019,https://open.spotify.com/track/7x9Am1UW3C5yCZLSysEWxX,,,
4503,playlists,,Headshot (feat. Polo G & Fivio Foreign),"Lil Tjay, Polo G, Fivio Foreign",2021,https://open.spotify.com/track/6cQ08IpBxxfGcSKxqE3NmB,,,
4504,playlists,,Bacteria,Lil Tracy,2018,https://open.spotify.com/track/0iYfFCQ8Z6umLfvq9N7pJy,,,
4505,playlists,,Heart,Lil Tracy,2018,https://open.spotify.com/track/3FwjVGj09AuW9cplShwmFl,,,
4506,playlists,,Lil Whore,Lil Tracy,2018,https://open.spotify.com/track/4vTtMj7v9Lmd3zD9AoFjKV,,,
4507,playlists,,Rain Rain Go Away,Lil Tracy,2018,https://open.spotify.com/track/6ayHLzQ9olHFNL9zOIwXYs,,,
4508,playlists,,Tattoos,Lil Tracy,2018,https://open.spotify.com/track/6EyCS0GnZYy9CKBHxSeoC4,,,
4509,playlists,,WYA?,"Lil Tracy, BigHead",2020,https://open.spotify.com/track/5DRQlKDHXJJli8oYVh3VCX,,,
4510,playlists,,Demon High,Lil Uzi Vert,2021,https://open.spotify.com/track/5MAnH0CFbD13INQBsnKI9y,,,
4511,playlists,,Sasuke,Lil Uzi Vert,2020,https://open.spotify.com/track/0ROE31C8Wu4neZoR9stM9e,,,
4512,playlists,,XO Tour Llif3,Lil Uzi Vert,2017,https://open.spotify.com/track/7GX5flRQZVHRAGd6B4TmDO,,,
4513,playlists,,"Go Off (with Lil Uzi Vert, Quavo & Travis Scott)","Lil Uzi Vert, Quavo, Travis Scott",2017,https://open.spotify.com/track/2PDoD69oMLWdi3iPGjN2DW,,,
4514,playlists,,Can't Be Broken,Lil Wayne,2018,https://open.spotify.com/track/5cGpjfgAvidLy6znwkCxkP,,,
4515,playlists,,Dedicate,Lil Wayne,2018,https://open.spotify.com/track/0Y7di9ZCmB6Elad5WISaPc,,,
4516,playlists,,Demon,Lil Wayne,2018,https://open.spotify.com/track/1kaxyXcAi5ZHF3Q94QXsHK,,,
4517,playlists,,Hittas,Lil Wayne,2018,https://open.spotify.com/track/5s6pKnF3ZPtuqvEx1i1V7U,,,
4518,playlists,,Holy,Lil Wayne,2020,https://open.spotify.com/track/0od5Z2dNj0PnfmonZgNOSw,,,
4519,playlists,,Hustler Musik,Lil Wayne,2005,https://open.spotify.com/track/2334WaCjswLcRIRgTTPWaZ,,,
4520,playlists,,I Love You Dwayne,Lil Wayne,2018,https://open.spotify.com/track/3ZVw1HR1QAQoKBygbhG4CE,,,
4521,playlists,,Kat Food,Lil Wayne,2023,https://open.spotify.com/track/5v4343YrDV4xDT5ecBttkg,,,
4522,playlists,,Mahogany,Lil Wayne,2020,https://open.spotify.com/track/5f9JYuHSIHjp6rggue13RS,,,
4523,playlists,,Mess,Lil Wayne,2018,https://open.spotify.com/track/6y4pOReFqH2wzo4CV91cZC,,,
4524,playlists,,Open Letter,Lil Wayne,2018,https://open.spotify.com/track/2DnH4XlEkghUdE8ymdVom5,,,
4525,playlists,,Open Safe,Lil Wayne,2018,https://open.spotify.com/track/7EgI0dCaQuHFe3OTj5EpWI,,,
4526,playlists,,Perfect Strangers,Lil Wayne,2018,https://open.spotify.com/track/4E3qImtJzRqLt8ZZyLceOE,,,
4527,playlists,,Problems,Lil Wayne,2018,https://open.spotify.com/track/0ubdf6zWT1It2saK41SkO0,,,
4528,playlists,,Took His Time,Lil Wayne,2018,https://open.spotify.com/track/1Dk3CfJEtqvj7Xg2AWwfEn,,,
4529,playlists,,Used 2,Lil Wayne,2018,https://open.spotify.com/track/68lOQPb5tX8U2cQRuas0L2,,,
4530,playlists,,Start This Shit Off Right (feat. Ashanti & Mack Maine),"Lil Wayne, Ashanti, Mack Maine",2018,https://open.spotify.com/track/6wqWfSOZvTK18SAczoYm1L,,,
4531,playlists,,Russian Roulette (feat. Benny The Butcher & Conway The Machine),"Lil Wayne, Benny The Butcher, Conway the Machine",2020,https://open.spotify.com/track/2y2OyBHMOVy78Wp2QJA0lz,,,
4532,playlists,,Mrs. Officer,"Lil Wayne, Bobby V., Kidd Kidd",2008,https://open.spotify.com/track/7gihksIHhs6nw5tYlI6UEq,,,
4533,playlists,,Kant Nobody (feat. DMX),"Lil Wayne, DMX",2023,https://open.spotify.com/track/2ehLKvUsJq3EUAPpvT5GOM,Kānt,city,medium
4534,playlists,,B.B. King Freestyle (with Drake),"Lil Wayne, Drake",2020,https://open.spotify.com/track/6fMjgKinTRJ6CjuZKMSEiA,,,
4535,playlists,,NFL (feat. Gudda Gudda & HoodyBaby),"Lil Wayne, Gudda Gudda, Hoodybaby",2020,https://open.spotify.com/track/3D9G7MPDU48r91YRCYeVRI,,,
4536,playlists,,Mona Lisa (feat. Kendrick Lamar),"Lil Wayne, Kendrick Lamar",2018,https://open.spotify.com/track/0dbTQYW3Ad1FTzIA9t90E8,,,
4537,playlists,,Dark Side Of The Moon (feat. Nicki Minaj),"Lil Wayne, Nicki Minaj",2018,https://open.spotify.com/track/5IvdLxVB8gwwcgnEkXSSW2,,,
4538,playlists,,Dope New Gospel (feat. Nivea),"Lil Wayne, Nivea",2018,https://open.spotify.com/track/7cG6SxmQ24hQWnR8UThrk2,,,
4539,playlists,,Famous (feat. Reginae Carter),"Lil Wayne, Reginae Carter",2018,https://open.spotify.com/track/05r1GGg1Rhs0RcUg27C82a,,,
4540,playlists,,Feelin' Like Tunechi,"Lil Wayne, Rich The Kid",2021,https://open.spotify.com/track/4HTY26kzdGCKJF1EqcRd2J,,,
4541,playlists,,Let It All Work Out,"Lil Wayne, Sampha",2018,https://open.spotify.com/track/3BUWNzPWz2mDbptZmGEXpB,,,
4542,playlists,,A Milli - SIDEPIECE Remix,"Lil Wayne, SIDEPIECE",2023,https://open.spotify.com/track/7nDxeN6NDc7v3v774IXiC5,,,
4543,playlists,,Dope Niggaz (feat. Snoop Dogg),"Lil Wayne, Snoop Dogg",2018,https://open.spotify.com/track/2AwyHlbA6f641SEkizD5JG,,,
4544,playlists,,What About Me (feat. Sosamann),"Lil Wayne, Sosamann",2018,https://open.spotify.com/track/3JX0dOCIAiaR8MP3ryXWuM,,,
4545,playlists,,Uproar,"Lil Wayne, Swizz Beatz",2018,https://open.spotify.com/track/3wScL5W8H40zzCKN0atfBk,,,
4546,playlists,,Let It Fly (feat. Travis Scott),"Lil Wayne, Travis Scott",2018,https://open.spotify.com/track/0CBQ0m3mufWH75LTYB3s6h,,,
4547,playlists,,Scared of the Dark (feat. XXXTENTACION),"Lil Wayne, Ty Dolla $ign, XXXTENTACION",2018,https://open.spotify.com/track/3vWzyGTu6Ovo1GdrcJqH6e,,,
4548,playlists,,Bless (feat. Young Thug),"Lil Wayne, Wheezy, Young Thug",2024,https://open.spotify.com/track/17k9g61bNI45vL3PtaQyKZ,,,
4549,playlists,,"Sucker for Pain (with Wiz Khalifa, Imagine Dragons, Logic & Ty Dolla $ign feat. X Ambassadors)","Lil Wayne, Wiz Khalifa, Imagine Dragons, X Ambassadors, Logic, Ty Dolla $ign",2016,https://open.spotify.com/track/7qUJQSNX9QNf46CC6FgH66,,,
4550,playlists,,Don't Cry (feat. XXXTENTACION),"Lil Wayne, XXXTENTACION",2018,https://open.spotify.com/track/5BQrp63SHCVf4bzCzJePne,,,
4551,playlists,,Cleanin Up,Lil Windex,2017,https://open.spotify.com/track/1NgNYW8XedhChze3LzO9xk,,,
4552,playlists,,Betrayed,Lil Xan,2017,https://open.spotify.com/track/6NWl2m8asvH83xjuXVNsuG,,,
4553,playlists,,Shake It,Lil Xan,2019,https://open.spotify.com/track/2picBF7IKyWThn69ZxXtnh,,,
4554,playlists,,"Everything Good, Everything Right",Lil Yachty,2018,https://open.spotify.com/track/0EDM6J5Z4au6l7e4LUJ3Zb,,,
4555,playlists,,Fucked Over,Lil Yachty,2016,https://open.spotify.com/track/0msYrhDilTZDyeTuayebkA,,,
4556,playlists,,Gimmie My Respect - Intro,Lil Yachty,2018,https://open.spotify.com/track/28uC3JDFpW3Y18EPU5hGAF,,,
4557,playlists,,I'm The Mac,Lil Yachty,2018,https://open.spotify.com/track/58QBeBFcCbjVUCLgiUmeW7,,,
4558,playlists,,Interlude,Lil Yachty,2016,https://open.spotify.com/track/5nMTjozp3ZVN6z5LJuGGPl,,,
4559,playlists,,Intro,Lil Yachty,2016,https://open.spotify.com/track/0lH4UehxCtIL3JUQYCpsQP,,,
4560,playlists,,Love Music,Lil Yachty,2021,https://open.spotify.com/track/4xgIZG0FJG9Z81ku8l9P3I,,,
4561,playlists,,Never Switch Up,Lil Yachty,2016,https://open.spotify.com/track/6DYAK3Udt666cPlKmemsSL,,,
4562,playlists,,Next Up,Lil Yachty,2018,https://open.spotify.com/track/72jhDg3ZYZxwb2jfHIeCXS,,,
4563,playlists,,Not My Bro,Lil Yachty,2016,https://open.spotify.com/track/11oZczb6eoVlb9eH4Kc86W,,,
4564,playlists,,One Night,Lil Yachty,2016,https://open.spotify.com/track/40yJGQyEaBbIkXpwMFkXip,,,
4565,playlists,,Out Late,Lil Yachty,2016,https://open.spotify.com/track/2nLWJyfu5fOb4zKpnVVUcR,,,
4566,playlists,,Riley From The Boondocks,Lil Yachty,2018,https://open.spotify.com/track/5OqDJGoh8DpiN0Y1CgNVgr,,,
4567,playlists,,Stoney,Lil Yachty,2018,https://open.spotify.com/track/5UZVxRdv8MlxgJCLEXfBPW,,,
4568,playlists,,Strike (Holster),Lil Yachty,2023,https://open.spotify.com/track/6ZL4X5uh8VAiXFXLtedTVI,,,
4569,playlists,,TESLA,Lil Yachty,2023,https://open.spotify.com/track/5Dc83h8elBkijH737JMUJw,,,
4570,playlists,,We Did It,Lil Yachty,2016,https://open.spotify.com/track/2gNAtJBwQvatBStGxUwKGw,,,
4571,playlists,,Worth It,Lil Yachty,2018,https://open.spotify.com/track/3xakCupROVjegfmbsi2HoW,,,
4572,playlists,,Up Next 2,"Lil Yachty, Big Brutha Chubba, Byou",2016,https://open.spotify.com/track/1Bb4sybDwAcshSp6QgQ1Sn,,,
4573,playlists,,Who Want The Smoke? (feat. Cardi B & Offset),"Lil Yachty, Cardi B, Offset",2018,https://open.spotify.com/track/3wqjGZfKW36WhUeLHTlKzg,,,
4574,playlists,,Oprah’s Bank Account (Lil Yachty & DaBaby feat. Drake),"Lil Yachty, DaBaby, Drake",2020,https://open.spotify.com/track/7wsmIIm0xWmtP7TmACXkJn,Bānk,city,medium
4575,playlists,,Pardon Me (Lil Yachty feat. Future & Mike WiLL Made-It),"Lil Yachty, Future, Mike WiLL Made-It",2020,https://open.spotify.com/track/1sxGIhaxY8eF52e1TlShSP,,,
4576,playlists,,Flex Up (feat. Future & Playboi Carti),"Lil Yachty, Future, Playboi Carti",2020,https://open.spotify.com/track/5Ryu0SlsYjKh78RkJUONFr,,,
4577,playlists,,Fallin' In Luv (feat. Gunna),"Lil Yachty, Gunna",2018,https://open.spotify.com/track/0FRKALsvZ01GkcTPgORiwZ,,,
4578,playlists,,The Secret Recipe,"Lil Yachty, J. Cole",2023,https://open.spotify.com/track/5lcYNUreUk4OwC8AhfG8qu,,,
4579,playlists,,Yacht Club (feat. Juice WRLD),"Lil Yachty, Juice WRLD",2018,https://open.spotify.com/track/5R2rsbwCDXORX2tLfprRmM,,,
4580,playlists,,Nolia (feat. Kevin Gates),"Lil Yachty, Kevin Gates",2018,https://open.spotify.com/track/0oK6aZFtGPCCQ83lChpGO3,,,
4581,playlists,,Hit Bout It,"Lil Yachty, Kodak Black",2021,https://open.spotify.com/track/6SN1H9p6A0UbsNpfkxEEX6,,,
4582,playlists,,SaintLaurentYSL (feat. Lil Baby),"Lil Yachty, Lil Baby",2018,https://open.spotify.com/track/1Wc1SQwiThvSu9dMc5opth,,,
4583,playlists,,Get Dripped (feat. Playboi Carti),"Lil Yachty, Playboi Carti",2018,https://open.spotify.com/track/3m2aDCqn8eT5ElXDUiboGU,,,
4584,playlists,,Minnesota,"Lil Yachty, Quavo, Skippa Da Flippa, Young Thug",2016,https://open.spotify.com/track/4XkOcWt0C2JX1s2RXybosk,Minnesota,us_state,high
4585,playlists,,Good Day,"Lil Yachty, Skippa Da Flippa",2016,https://open.spotify.com/track/5kTcn6soPpikfUs81EprLj,,,
4586,playlists,,I’m Sorry,"Lil Yachty, The Good Perry",2016,https://open.spotify.com/track/7jUiGAv76iyD7iJqRiqCA6,,,
4587,playlists,,Wanna Be Us,"Lil Yachty, The Good Perry",2016,https://open.spotify.com/track/7qqOmEfeTPgjBsm1Qm98eg,,,
4588,playlists,,"T.D (Lil Yachty & Tierra Whack feat. A$AP Rocky & Tyler, The Creator)","Lil Yachty, Tierra Whack, A$AP Rocky, Tyler, The Creator",2020,https://open.spotify.com/track/0gO3E51A3fqp0ypJ26QbVP,,,
4589,playlists,,Forever World (feat. Trippie Redd),"Lil Yachty, Trippie Redd",2018,https://open.spotify.com/track/1tKvqOrnJ0zhAuFS6yfNTk,,,
4590,playlists,,We Outta Here! (feat. Young Nudy),"Lil Yachty, Young Nudy",2018,https://open.spotify.com/track/3UbBCQJ0SI9QDgtTY4lEHY,,,
4591,playlists,,Till The Morning (Lil Yachty feat. Young Thug & Lil Durk),"Lil Yachty, Young Thug, Lil Durk",2020,https://open.spotify.com/track/2pdBFM59xky80q0qWjh7cG,,,
4592,playlists,,NBAYOUNGBOAT,"Lil Yachty, YoungBoy Never Broke Again",2018,https://open.spotify.com/track/6K2anECyrckidwf5wxS78Q,,,
4593,playlists,,Sunshine (feat. Lea),"Lil' Flip, Lea",2004,https://open.spotify.com/track/41cO1Ssgmw1ujKCCH4tpOb,,,
4594,playlists,,Magic Stick,Lil' Kim,2003,https://open.spotify.com/track/0aULRU35N9kTj6O1xMULRR,,,
4595,playlists,,Rockstar,LISA,2024,https://open.spotify.com/track/6vvPecFTmWxDfEJ6cYT1wa,,,
4596,playlists,,My Own Worst Enemy,Lit,1999,https://open.spotify.com/track/33iv3wnGMrrDugd7GBso1z,,,
4597,playlists,,Bedroom,Litany,2017,https://open.spotify.com/track/2x1Up4aNJ9mpmiPFJ83MX3,,,
4598,playlists,,For You,"Lithe, Roy Woods",2024,https://open.spotify.com/track/7tbNKCzFhCZANduSwaRYwf,,,
4599,playlists,,Spider-Man 2 pizza theme,Little Jacob,2021,https://open.spotify.com/track/2l2tMiCVKUtVuq1Df4KOyp,,,
4600,playlists,,101 FM,Little Simz,2019,https://open.spotify.com/track/4Vk4Yf7pDmB1dxLFSTjBUH,,,
4601,playlists,,Gorilla,Little Simz,2022,https://open.spotify.com/track/0pJO1tc1GpnxFyQp6Zp82r,,,
4602,playlists,,Good as Hell,Lizzo,2019,https://open.spotify.com/track/6KgBpzTuTRPebChN0VTyzV,,,
4603,playlists,,Shots,"LMFAO, Lil Jon",2009,https://open.spotify.com/track/0p0KHvE29x9LoOsCbs25HD,,,
4604,playlists,,Wicked Game,"loafers, Helion, The High",2020,https://open.spotify.com/track/0Uint40zfuA4r7SjxCb0O7,,,
4605,playlists,,VON DUTCH IN MY MIND,"Lobsta B, GrayBx",2024,https://open.spotify.com/track/6bzNYCwmL884TGrGx7tZcG,,,
4606,playlists,,Amazon River Cruise,Lofi Coffee,2018,https://open.spotify.com/track/6IK1DG5vioeyUpoY5Thi7u,Amazon River,river,high
4607,playlists,,Trust Nobody,"Lofsky, Mick Jenkins, LUCKI",2018,https://open.spotify.com/track/7guHEqyxnTfewVXinTsP1x,,,
4608,playlists,,44 Bars,Logic,2016,https://open.spotify.com/track/4s2BWgnSQ9NZiOQM4PP4HB,,,
4609,playlists,,A Word From Our Sponsor,Logic,2016,https://open.spotify.com/track/1AdD7pFBsQICMHiQTz9uwV,,,
4610,playlists,,Deeper Than Money,Logic,2016,https://open.spotify.com/track/6pK86Tx0QqX0E64mKuDB5Q,Thān,city,medium
4611,playlists,,Everybody,Logic,2017,https://open.spotify.com/track/7cGFbx7MP0H23iHZTZpqMM,,,
4612,playlists,,Everybody Dies,Logic,2018,https://open.spotify.com/track/5SLhbyOJgcKGTDNWaQN91M,,,
4613,playlists,,Fade Away,Logic,2015,https://open.spotify.com/track/4QRWA5UqYU1st9aO0UfxOj,,,
4614,playlists,,Flexicution,Logic,2016,https://open.spotify.com/track/2c8sgbZoEanC3QyFNZxUcA,,,
4615,playlists,,Hallelujah,Logic,2017,https://open.spotify.com/track/7fRfIvHPH6bHdMDjPFwTMh,,,
4616,playlists,,I Am The Greatest,Logic,2015,https://open.spotify.com/track/1BTj47Up5m8601KOFrTvkj,,,
4617,playlists,,illuminatro,Logic,2016,https://open.spotify.com/track/0cdXG7PwSUOv19gF6dMv5n,,,
4618,playlists,,Lord Willin',Logic,2015,https://open.spotify.com/track/4q6oNFTjZmJqkIgPdp8iR1,,,
4619,playlists,,Mos Definitely,Logic,2017,https://open.spotify.com/track/53LkLW4k4w7EOayzvx70O9,,,
4620,playlists,,Slave,Logic,2016,https://open.spotify.com/track/3SrUV8pxnW1QhMbbwegpwG,,,
4621,playlists,,Slave II,Logic,2016,https://open.spotify.com/track/4Mr73gFwZUeFnrfRov23we,,,
4622,playlists,,Studio Ambience At Night: Malibu,Logic,2016,https://open.spotify.com/track/7mfLCMIvu0cZVNpvdXEVT5,Malibu,landmark,high
4623,playlists,,Super Mario World,Logic,2016,https://open.spotify.com/track/1py4qzrEEkOvU8uTHYLuOW,,,
4624,playlists,,Take It Back,Logic,2017,https://open.spotify.com/track/6HN5XPJEV31RQJGoyqZ81K,,,
4625,playlists,,The Jam,Logic,2016,https://open.spotify.com/track/4dVJyyeCPEONr44NIrXvie,,,
4626,playlists,,Under Pressure,Logic,2014,https://open.spotify.com/track/2EF0xu2mNDKQE8y2pyWL6P,,,
4627,playlists,,Waiting Room,Logic,2017,https://open.spotify.com/track/4GP2Idcs08NqAjfEV0rsl6,,,
4628,playlists,,State Of Emergency,"Logic, 2 Chainz",2018,https://open.spotify.com/track/58cvckETahSOG74RP5WE99,,,
4629,playlists,,1-800-273-8255,"Logic, Alessia Cara, Khalid",2017,https://open.spotify.com/track/5tz69p7tJuGPeMGwNTxYuV,,,
4630,playlists,,Killing Spree,"Logic, Ansel Elgort",2017,https://open.spotify.com/track/6OQea06z3cbOqYgG2O6eOZ,,,
4631,playlists,,Young Jesus,"Logic, Big Lenbo",2015,https://open.spotify.com/track/3Y4goPNsLA0hk5A6166bGA,,,
4632,playlists,,America,"Logic, Black Thought, Chuck D, Big Lenbo, No ID",2017,https://open.spotify.com/track/77mLzdHEWRB60CLlV02TV2,America,region,high
4633,playlists,,Black SpiderMan,"Logic, Damian Lemar Hudson",2017,https://open.spotify.com/track/7BKUWh5sdtdS17crohRe4L,,,
4634,playlists,,OCD (with Dwn2earth),"Logic, Dwn2earth",2019,https://open.spotify.com/track/5AebNkVaY2zcdNFCqPBIV7,,,
4635,playlists,,Ink Blot,"Logic, Juicy J",2017,https://open.spotify.com/track/732btJLGu7gYNHHNdzshrG,,,
4636,playlists,,Confess,"Logic, Killer Mike",2017,https://open.spotify.com/track/58kwvMXeOlsvzPqUlyj75Y,,,
4637,playlists,,Anziety,"Logic, Lucy Rose",2017,https://open.spotify.com/track/6CvTbrBxxc5jFwqsivhpxh,,,
4638,playlists,,AfricAryaN,"Logic, Neil deGrasse Tyson",2017,https://open.spotify.com/track/76ZrqdtkKxhMl42xAQTnFm,,,
4639,playlists,,Wrist,"Logic, Pusha T",2016,https://open.spotify.com/track/7qT7NUDywO7vNJNTNxqWiN,,,
4640,playlists,,bananos,lojii,2018,https://open.spotify.com/track/5mqCarEkrfh3PzKOxx8DO0,,,
4641,playlists,,cause & effect,lojii,2018,https://open.spotify.com/track/68ZIJ9r2yKFz0AABuxSqxo,,,
4642,playlists,,chirpin,lojii,2018,https://open.spotify.com/track/0WdJCUXXrbGB1MKm4TZ2Uo,,,
4643,playlists,,colour,lojii,2018,https://open.spotify.com/track/4OE0AbcVoajZwf6lH090BL,,,
4644,playlists,,dutti,lojii,2018,https://open.spotify.com/track/4ayilMPmlL9GPaZser3Wqu,,,
4645,playlists,,dye,lojii,2018,https://open.spotify.com/track/2K3GvJ96gsvUdQ1a9mQBXJ,,,
4646,playlists,,hoo'dah,lojii,2018,https://open.spotify.com/track/5MrYL6Vi1TLCD0mqPnKdXE,,,
4647,playlists,,kollaj,lojii,2018,https://open.spotify.com/track/4S6IkA9taSbq1fhe7ym1xR,,,
4648,playlists,,lo in the jungle,lojii,2018,https://open.spotify.com/track/1fzTVoycgV2GalDJeThItR,,,
4649,playlists,,no ebola,lojii,2018,https://open.spotify.com/track/2qGMOiA56mvC4w9ucBB4dD,,,
4650,playlists,,reignfall,lojii,2018,https://open.spotify.com/track/6Mclz6W4A6NovD3px5Rpqx,,,
4651,playlists,,run it down,lojii,2018,https://open.spotify.com/track/69NK4JAIWsJpLN7uUUeQe0,,,
4652,playlists,,spook who sat by da floor,lojii,2018,https://open.spotify.com/track/4yh785HxwDd2z4O7ryu8ke,,,
4653,playlists,,six9,"lojii, Vida Jafari",2018,https://open.spotify.com/track/6CXTzbdQjqprxpq1DaXQ6d,,,
4654,playlists,,Throw Fits (feat. City Girls & Juvenile),"London On Da Track, G-Eazy, City Girls, JUVENILE",2019,https://open.spotify.com/track/5jCa1A0ZfkaWcKGsJZQ0kz,,,
4655,playlists,,Brandy (You're a Fine Girl),Looking Glass,1972,https://open.spotify.com/track/2BY7ALEWdloFHgQZG6VMLA,,,
4656,playlists,,be cool,LOONY,2021,https://open.spotify.com/track/6gILMXbilRDGSp6vexAg8r,,,
4657,playlists,,First Thing Smokin',LOONY,2022,https://open.spotify.com/track/1gEI1aE97pEFA8RfE3BWmA,,,
4658,playlists,,No Bus,"lophiile, Col3trane, Amber Mark",2019,https://open.spotify.com/track/0a8iHqEqV1FAcRGyDTKFym,,,
4659,playlists,,Man Of The Year,Lorde,2025,https://open.spotify.com/track/1hoeP1oPYlhcv6iRCtB7pT,,,
4660,playlists,,What Was That,Lorde,2025,https://open.spotify.com/track/2jNyiavSywmA472t2m6ZBz,,,
4661,playlists,,SEGA SUNSET,Lorn,2019,https://open.spotify.com/track/4wFwlekWkj23Vu900tKPum,,,
4662,playlists,,Du hast,Los Colorados,2012,https://open.spotify.com/track/1ZdVHMYljvAjFWX0jDJgjG,,,
4663,playlists,,Tik Tok,Los Colorados,2012,https://open.spotify.com/track/4iN9ymgukN5q2U9hgVQ2ml,,,
4664,playlists,,Black Friday - pretty like the sun,"Lost Frequencies, Tom Odell",2024,https://open.spotify.com/track/4MSj19TwYBLgDFj3ddEeco,,,
4665,playlists,,Discothéque,Lost Palace,2022,https://open.spotify.com/track/3SYgnVRoYhdHhwxoACgmpu,,,
4666,playlists,,COULD BE WRONG,LOSTBOYJAY,2022,https://open.spotify.com/track/5zuex7tbGFz0gSHlrMvQdu,,,
4667,playlists,,Mambo No. 5 (a Little Bit of...),Lou Bega,1999,https://open.spotify.com/track/6x4tKaOzfNJpEJHySoiJcs,,,
4668,playlists,,Crisp,Lou Val,2018,https://open.spotify.com/track/1oM8B1cdh2ZRLHFT6cdQRR,,,
4669,playlists,,Duty Free Toblerone,Louis Millne,2022,https://open.spotify.com/track/1pi8YihnMss7R0yKKYd0Pw,,,
4670,playlists,,Cry (with Aluna),"Louis The Child, Aluna",2022,https://open.spotify.com/track/2HdEtRBwROKFsTiX2VTLCq,,,
4671,playlists,,Big Love (with EARTHGANG & MNDR),"Louis The Child, EARTHGANG, MNDR",2020,https://open.spotify.com/track/37xSvrQ2cP5gEBzpTcIYbu,,,
4672,playlists,,Dance To The Music,"Low Steppa, Tony Romera",2024,https://open.spotify.com/track/0izF9lgQMFggcKXaia48Xa,,,
4673,playlists,,Light up for You,LOYAL,2017,https://open.spotify.com/track/0zehDaqqfHz4zLWro5qUTh,,,
4674,playlists,,Say A Little Prayer,"LP Giobbi, Amazonian Rockstar",2021,https://open.spotify.com/track/5dYZ382ddDN8xBdJLx7d9e,,,
4675,playlists,,CHAMBER OF TECHNO (Harry Potter),"Luca Lush, TECHNO DEMON 64",2023,https://open.spotify.com/track/6DhcOr54KCx3IhPq6DTBrz,,,
4676,playlists,,Rage,Lucas & Steve,2022,https://open.spotify.com/track/3bTjVR73jjv8ifAYbpohUe,,,
4677,playlists,,Sunset,LUCKI,2017,https://open.spotify.com/track/0zXnqruuTKhV7dTmbaO52L,,,
4678,playlists,,Get Back,Ludacris,2004,https://open.spotify.com/track/3njpLvANriMsdv3dgADEad,,,
4679,playlists,,Found You,"Ludacris, Chance the Rapper",2020,https://open.spotify.com/track/5QlWzeA7AVTcpVcZudwtI7,,,
4680,playlists,,How Low Remix - Bonus Track (Explicit),"Ludacris, Ciara, Pitbull",2010,https://open.spotify.com/track/0nlYanVZ2CmfYqLOy3oiNf,,,
4681,playlists,,Area Codes,"Ludacris, Nate Dogg",2001,https://open.spotify.com/track/4Lgpwxl5s0DXyZi35EEudi,,,
4682,playlists,,Despacito - Remix,"Luis Fonsi, Daddy Yankee, Justin Bieber",2017,https://open.spotify.com/track/6rPO02ozF3bM7NnOV4h6s2,,,
4683,playlists,,Country Girl (Shake It For Me),Luke Bryan,2011,https://open.spotify.com/track/0yD66650JxhqKbW76C2qCo,,,
4684,playlists,,Roses,Lunatic Wolf,2014,https://open.spotify.com/track/24B4ofIooVey0QarJ4bQa7,,,
4685,playlists,,Baba Kwesi - Interlude,Lupe Fiasco,2018,https://open.spotify.com/track/7DTE1efZT7XwX25523c78s,,,
4686,playlists,,Big Energy (Lupe Fiasco),Lupe Fiasco,2021,https://open.spotify.com/track/5FBkSpknZW7HAEf0TeJZ5W,,,
4687,playlists,,Cake,Lupe Fiasco,2024,https://open.spotify.com/track/3wq0hE8rIDzypOSvEx4EQn,,,
4688,playlists,,Deliver,Lupe Fiasco,2015,https://open.spotify.com/track/3oVZPCQErNdBbQVHlDuSFJ,,,
4689,playlists,,Don't Mess up the Children - Interlude,Lupe Fiasco,2018,https://open.spotify.com/track/2nYonPFoA9ts1Re7U7ozDQ,,,
4690,playlists,,Dots & Lines,Lupe Fiasco,2015,https://open.spotify.com/track/0jYhHo2DhmdkLfonFbPixV,,,
4691,playlists,,Drogas,Lupe Fiasco,2018,https://open.spotify.com/track/6gA0o2RO8BrFOjuaPYuthl,,,
4692,playlists,,Fall,Lupe Fiasco,2015,https://open.spotify.com/track/7EnEzr8SoCabBTqEzKgwTI,,,
4693,playlists,,Gold vs the Right Things to Do,Lupe Fiasco,2018,https://open.spotify.com/track/20aaarkNR4pjbHAc1Bglnz,,,
4694,playlists,,Happy Timbuck2 Day,Lupe Fiasco,2018,https://open.spotify.com/track/7r03EEYJvkxkIIRwGGoq4x,,,
4695,playlists,,Helter Skelter - Interlude,Lupe Fiasco,2018,https://open.spotify.com/track/0OEUZW33luqsTRKaX52J39,,,
4696,playlists,,Hey Lupe,Lupe Fiasco,2019,https://open.spotify.com/track/5eX3Hy8pyDku26UGknYPrN,,,
4697,playlists,,I Don't Wanna Care Right Now (feat. MDMA),Lupe Fiasco,2011,https://open.spotify.com/track/5yhXLtQL9waNMjgkl8MsMP,,,
4698,playlists,,In the Event of Typhoon,Lupe Fiasco,2018,https://open.spotify.com/track/0112jx7vfezsktgMjNaWsd,,,
4699,playlists,,Jonylah Forever,Lupe Fiasco,2018,https://open.spotify.com/track/5Mvw0vUS4KYVhSRyY6rQ6e,,,
4700,playlists,,King Nas,Lupe Fiasco,2018,https://open.spotify.com/track/2YihspRI9MHYbVkZRoECkv,,,
4701,playlists,,Manilla,Lupe Fiasco,2018,https://open.spotify.com/track/4qWFWexB8E8Bx0SMogNO9A,,,
4702,playlists,,Mural,Lupe Fiasco,2015,https://open.spotify.com/track/2zWZV7b1xu1qZPaMjavvpS,,,
4703,playlists,,Mural Jr.,Lupe Fiasco,2018,https://open.spotify.com/track/2IrSemsc1jSOCPnbXGrU5u,,,
4704,playlists,,Run Game,Lupe Fiasco,2019,https://open.spotify.com/track/1JwzDVwS6q9APNoDK2guBN,,,
4705,playlists,,Samurai,Lupe Fiasco,2024,https://open.spotify.com/track/74NLUz51W3YzKW40KATl4A,,,
4706,playlists,,Slave Ship - Interlude,Lupe Fiasco,2018,https://open.spotify.com/track/05SjOaFAshcKjp6DIhWt5m,,,
4707,playlists,,Spring,Lupe Fiasco,2015,https://open.spotify.com/track/55zQKeuPi9zdRNulmHyo7E,,,
4708,playlists,,Summer,Lupe Fiasco,2015,https://open.spotify.com/track/0CYxyBiRGHFIXyGXZg29Vq,,,
4709,playlists,,WAV Files,Lupe Fiasco,2018,https://open.spotify.com/track/0BWve9OJvo7ONwfR36Ty6Z,,,
4710,playlists,,Winter,Lupe Fiasco,2015,https://open.spotify.com/track/3KHUFog5hUXe7KmArEceSc,,,
4711,playlists,,They.Resurrect.Over.New. (feat. Ab-Soul & Troi),"Lupe Fiasco, Ab-Soul, Troi",2015,https://open.spotify.com/track/4y2fS5zuK5DuKKuVICYKV6,,,
4712,playlists,,Prisoner 1 & 2 (feat. Ayesha Jaco),"Lupe Fiasco, Ayesha Jaco",2015,https://open.spotify.com/track/1dx9EdvyNujagtQzgNPPFC,,,
4713,playlists,,"Chopper (feat. Billy Blue, Buk of Psychodrama, Trouble, Trae Tha Truth, Fam Lay & Glasses Malone)","Lupe Fiasco, Billy Blue, Buk, Trouble, Trae Tha Truth, Fam-Lay, Glasses Malone",2015,https://open.spotify.com/track/4IU33qQwEkfP7rxlPc73UA,,,
4714,playlists,,"Adoration of the Magi (feat. Crystal ""Røvél"" Torres)","Lupe Fiasco, Crystal ""Røvél"" Torres",2015,https://open.spotify.com/track/4L9f5OaFKcRMIX7Lmn1XxH,,,
4715,playlists,,Alan Forever (feat. Crystal Torres),"Lupe Fiasco, Crystal Torres",2018,https://open.spotify.com/track/1mJscqFPHlIfjLumYhYMrj,,,
4716,playlists,,Kingdom (feat. Damian Marley),"Lupe Fiasco, Damian Marley",2018,https://open.spotify.com/track/70PwLgyLykSloR0tKbo8Nw,,,
4717,playlists,,Cripple (feat. Elena Pinderhughes),"Lupe Fiasco, Elena Pinderhughes",2018,https://open.spotify.com/track/7aZqkLRsigNznFJa2sCuT1,,,
4718,playlists,,Blur My Hands (feat. Guy Sebastian),"Lupe Fiasco, Guy Sebastian",2015,https://open.spotify.com/track/7n0wEgykBLc5nlkB0g6mJo,,,
4719,playlists,,Daydreamin' (feat. Jill Scott),"Lupe Fiasco, Jill Scott",2006,https://open.spotify.com/track/4q2tFbhSlXw8pPKY7fwhZZ,,,
4720,playlists,,SHOES (feat. Virgil Abloh),"Lupe Fiasco, Kaelin Ellis, Virgil Abloh",2020,https://open.spotify.com/track/1temRfZlLfLyR8fOB1hAHx,,,
4721,playlists,,Coming Up (feat. MDMA),"Lupe Fiasco, MDMA",2011,https://open.spotify.com/track/2W02Y5zdSzNsTMqP7GJ4Hr,,,
4722,playlists,,AUTOBOTO,"Lupe Fiasco, Nayirah",2022,https://open.spotify.com/track/2TEoaMhVaNqjtSUJfIRRVB,,,
4723,playlists,,Down (feat. Nikki Jean),"Lupe Fiasco, Nikki Jean",2018,https://open.spotify.com/track/6VgYcgaeVz0kehOM1qQqd7,,,
4724,playlists,,Haile Selassie (feat. Nikki Jean),"Lupe Fiasco, Nikki Jean",2018,https://open.spotify.com/track/0gdZeLCK5OBY9yQY6tiZB9,,,
4725,playlists,,Little Death (feat. Nikki Jean),"Lupe Fiasco, Nikki Jean",2015,https://open.spotify.com/track/4riHkCy5nkXvyxh4rUufKb,,,
4726,playlists,,Madonna (And Other Mothers in the Hood) [feat. Nikki Jean],"Lupe Fiasco, Nikki Jean",2015,https://open.spotify.com/track/4LBING8Cxea4rHavzy7sQ0,,,
4727,playlists,,No Scratches (feat. Nikki Jean),"Lupe Fiasco, Nikki Jean",2015,https://open.spotify.com/track/3FN3vKGrXWHr8vx6vXHyuv,,,
4728,playlists,,Stack That Cheese (feat. Nikki Jean),"Lupe Fiasco, Nikki Jean",2018,https://open.spotify.com/track/5hgjD9wh3CebT76HAeQKHR,,,
4729,playlists,,Stronger (feat. Nikki Jean),"Lupe Fiasco, Nikki Jean",2018,https://open.spotify.com/track/4ulCe5A1fWhNDfepa3G8NS,,,
4730,playlists,,Sun God Sam & The California Drug Deals (feat. Nikki Jean),"Lupe Fiasco, Nikki Jean",2018,https://open.spotify.com/track/2maaXK8vK3gzOxsChNKiW6,California,us_state,high
4731,playlists,,Quotations from Chairman Fred (feat. Nikki Jean & Bishop Edgar Jackson),"Lupe Fiasco, Nikki Jean, Bishop Edgar Jackson",2018,https://open.spotify.com/track/0fUvBWVKkzzx9tpRsR3KPM,,,
4732,playlists,,Imagine (feat. Simon Sayz & Crystal Torres),"Lupe Fiasco, Simon Sayz, Crystal Torres",2018,https://open.spotify.com/track/1sCFW0LrXGgn21cHUvgenL,,,
4733,playlists,,XO (feat. Troi Irons),"Lupe Fiasco, Troi Irons",2018,https://open.spotify.com/track/1YoMveQNDS1h2kJrv2OMSc,,,
4734,playlists,,Body of Work (feat. Troi & Terrace Martin),"Lupe Fiasco, Troi Martin, Terrace Martin",2015,https://open.spotify.com/track/29kD6fREiu9DKB8GVHzKBx,,,
4735,playlists,,Better Love,Luther Vandross,1982,https://open.spotify.com/track/1QzCnfF0AxZ3veY9tOw0h7,,,
4736,playlists,,Down Under (feat. Colin Hay),"Luude, Colin Hay",2021,https://open.spotify.com/track/7AVyve7cFYTd51ha5i9kE2,,,
4737,playlists,,Pachamama,"Luude, Elliphant",2024,https://open.spotify.com/track/3lFNDaob5QhwE9oo7J0uNT,,,
4738,playlists,,Lucky Again,Lykke Li,2026,https://open.spotify.com/track/0n63xAny4NjxRNgKnboEp8,,,
4739,playlists,,Simple Man,Lynyrd Skynyrd,1973,https://open.spotify.com/track/1ju7EsSGvRybSNEsRvc7qY,,,
4740,playlists,,Sweet Home Alabama,Lynyrd Skynyrd,1974,https://open.spotify.com/track/4CJVkjo5WpmUAKp3R44LNb,Alabama,us_state,high
4741,playlists,,Guitar In My Room (with Lil Durk & Kid Cudi),"Lyrical Lemonade, Lil Durk, Kid Cudi",2023,https://open.spotify.com/track/4LPIwB4gtPzuB0YKHjOldj,,,
4742,playlists,,"First Night (with Teezo Touchdown, Juicy J, Cochise, Denzel Curry & Lil B)","Lyrical Lemonade, Teezo Touchdown, Juicy J, Cochise, Denzel Curry, Lil B",2024,https://open.spotify.com/track/62I8KqQpGiLMILg0JxsSba,,,
4743,playlists,,Paper Planes,M.I.A.,2007,https://open.spotify.com/track/1ixbwbeBi5ufN4noUKmW5a,,,
4744,playlists,,Ante Up (Robbin Hoodz Theory),M.O.P.,2000,https://open.spotify.com/track/550JPXXPgjr1xqxtKIaX6b,,,
4745,playlists,,Wait,M83,2011,https://open.spotify.com/track/6XVgaap89qrgKiX7XccLOr,,,
4746,playlists,,Chamber Of Reflection,Mac DeMarco,2014,https://open.spotify.com/track/7H7NyZ3G075GqPx2evsfeb,,,
4747,playlists,,Still Beating,Mac DeMarco,2017,https://open.spotify.com/track/2N4idqj9TT3HnH2OFT9j0v,,,
4748,playlists,,Watching Him Fade Away,Mac DeMarco,2017,https://open.spotify.com/track/2QzKAF0y1BQhxwg8N05Uog,,,
4749,playlists,,100 Grandkids,Mac Miller,2015,https://open.spotify.com/track/4z0PnuB07fxtVZZRWsCfxb,,,
4750,playlists,,2009,Mac Miller,2018,https://open.spotify.com/track/6dFn6my1sHK2bcf23GlHwM,,,
4751,playlists,,Ascension,Mac Miller,2015,https://open.spotify.com/track/19CkkPInDRDIOlqfrz1mVn,,,
4752,playlists,,Blue World,Mac Miller,2020,https://open.spotify.com/track/2hwOoMtWPtTSSn6WHV7Vp5,,,
4753,playlists,,Brand Name,Mac Miller,2015,https://open.spotify.com/track/6ulzLZnp6Y2TVLh1inckeJ,,,
4754,playlists,,Break the Law,Mac Miller,2015,https://open.spotify.com/track/7qfur8OfEOABgenV3Wf0JK,,,
4755,playlists,,Butterflies,Mac Miller,2026,https://open.spotify.com/track/3lF4ZPLhWIfbiR2G74PGdn,,,
4756,playlists,,Buttons,Mac Miller,2018,https://open.spotify.com/track/0ZBchpb4CLk5Qqu3895Etp,,,
4757,playlists,,Clubhouse,Mac Miller,2015,https://open.spotify.com/track/7rdyAfIm1t6h6I1gyLtD17,,,
4758,playlists,,Come Back to Earth,Mac Miller,2018,https://open.spotify.com/track/01z2fBGB8Hl3Jd3zXe4IXR,Comé,city,medium
4759,playlists,,Conversation Pt. 1,Mac Miller,2018,https://open.spotify.com/track/1oFEAWvPHP5TdSlmIs77sV,,,
4760,playlists,,Donald Trump,Mac Miller,2011,https://open.spotify.com/track/3uulVrxiI7iLTjOBZsaiF8,,,
4761,playlists,,Doors,Mac Miller,2015,https://open.spotify.com/track/0cDvVjiJ8iKCYcypWJ71ay,,,
4762,playlists,,Dunno,Mac Miller,2018,https://open.spotify.com/track/3YnwIp2b99p3e5dsFTXIIx,,,
4763,playlists,,Everybody,Mac Miller,2020,https://open.spotify.com/track/1OuN92HcVG6NVpWbeESNB3,,,
4764,playlists,,Good News,Mac Miller,2020,https://open.spotify.com/track/3ClBKQkKoaUQ6UOhe2xlJK,,,
4765,playlists,,Hurt Feelings,Mac Miller,2018,https://open.spotify.com/track/5p7GiBZNL1afJJDUrOA6C8,,,
4766,playlists,,In the Bag,Mac Miller,2015,https://open.spotify.com/track/7odIekt1GqLVEAAWdnd9mJ,,,
4767,playlists,,Jet Fuel,Mac Miller,2018,https://open.spotify.com/track/2JmFRXaJrkAUD2cs6U20KG,,,
4768,playlists,,Jump,Mac Miller,2015,https://open.spotify.com/track/7uhniEFBcLsYD4W92E0Nx2,,,
4769,playlists,,Knock Knock,Mac Miller,2010,https://open.spotify.com/track/3uYm4MtU6jUQft2DtGqEoZ,,,
4770,playlists,,Kool Aid & Frozen Pizza,Mac Miller,2010,https://open.spotify.com/track/0SwxuVBPfjqR2kCnpDDnqp,,,
4771,playlists,,Ladders,Mac Miller,2018,https://open.spotify.com/track/39NDBdU5Xkm5pCFGa5kZtI,,,
4772,playlists,,Party On Fifth Ave.,Mac Miller,2011,https://open.spotify.com/track/27Ms3vSnrfyrzpb7mbXeNp,Party On Fifth Ave.,pattern,low
4773,playlists,,Perfect Circle / God Speed,Mac Miller,2015,https://open.spotify.com/track/4TlN2LSHn3DzauUe77l0ib,,,
4774,playlists,,Perfecto,Mac Miller,2018,https://open.spotify.com/track/0Xcy81PsJCOO6mhLZaQyQ4,,,
4775,playlists,,Programs,Mac Miller,2018,https://open.spotify.com/track/1883mCuSqnfnrWoq8i3myH,,,
4776,playlists,,Right,Mac Miller,2020,https://open.spotify.com/track/165cwz4wGlGz0uDBhxdKLY,,,
4777,playlists,,ROS,Mac Miller,2015,https://open.spotify.com/track/388jD8ko9cvFM9cd9TYDrl,,,
4778,playlists,,Rush Hour,Mac Miller,2015,https://open.spotify.com/track/09VACB0akCnPueTFnjN5Pn,,,
4779,playlists,,Self Care,Mac Miller,2018,https://open.spotify.com/track/5bJ1DrEM4hNCafcDd1oxHx,,,
4780,playlists,,Skin,Mac Miller,2016,https://open.spotify.com/track/1eDS8ii1utvj0PjfQLrDb4,,,
4781,playlists,,Small Worlds,Mac Miller,2018,https://open.spotify.com/track/4gT3mNJA8lnlkYFqGZ8IA2,,,
4782,playlists,,So It Goes,Mac Miller,2018,https://open.spotify.com/track/0EA2RhRHL4KWeNa7JfD1Yw,,,
4783,playlists,,Soulmate,Mac Miller,2016,https://open.spotify.com/track/2puHJmjL4jvO19aEA7kzcb,,,
4784,playlists,,Stay,Mac Miller,2016,https://open.spotify.com/track/4brX8MJs5hxErgq48f9REO,,,
4785,playlists,,Surf,Mac Miller,2020,https://open.spotify.com/track/1kwnxJNVl7cwcU98RvMBaR,,,
4786,playlists,,Thoughts from a Balcony,Mac Miller,2012,https://open.spotify.com/track/79VMlcpvgHkxz0xwsTfc9d,,,
4787,playlists,,What's the Use?,Mac Miller,2018,https://open.spotify.com/track/2dgrYdgguVZKeCsrVb9XEs,,,
4788,playlists,,When in Rome,Mac Miller,2015,https://open.spotify.com/track/4lIVN4LUJCmweoGJmk6hK9,Rome,city,high
4789,playlists,,Wings,Mac Miller,2018,https://open.spotify.com/track/16umSNZfofRpDqTvf8DIAo,,,
4790,playlists,,Woods,Mac Miller,2020,https://open.spotify.com/track/3Qa944OTMZkg8DHjET8JQv,,,
4791,playlists,,Two Matches (feat. Ab-Soul),"Mac Miller, Ab-Soul",2015,https://open.spotify.com/track/5dhYmSVGhAVVSf5uTwj7hv,,,
4792,playlists,,Red Dot Music (feat. Action Bronson),"Mac Miller, Action Bronson",2023,https://open.spotify.com/track/0uN5rMZdcCQuZgxcOxLKzs,,,
4793,playlists,,Dang! (feat. Anderson .Paak),"Mac Miller, Anderson .Paak",2016,https://open.spotify.com/track/5iUQMwxUPdJBFeGkePtM66,,,
4794,playlists,,My Favorite Part,"Mac Miller, Ariana Grande",2016,https://open.spotify.com/track/66wkCYWlXzSTQAfnsPBptt,,,
4795,playlists,,Congratulations (feat. Bilal),"Mac Miller, Bilal",2016,https://open.spotify.com/track/1OubIZ0ARYCUq5kceYUQiO,,,
4796,playlists,,We (feat. CeeLo Green),"Mac Miller, CeeLo Green",2016,https://open.spotify.com/track/4k5UZm89ZX0YAHUp55zpt9,,,
4797,playlists,,Cut the Check (feat. Chief Keef),"Mac Miller, Chief Keef",2015,https://open.spotify.com/track/6U1ueRYXTjFHuJ9Ld2LBIW,,,
4798,playlists,,The Star Room (OG Version) - Bonus Track,"Mac Miller, Earl Sweatshirt",2023,https://open.spotify.com/track/3A1TIw1yMxj5OckDuqRtiT,,,
4799,playlists,,The Spins,"Mac Miller, Empire Of The Sun",2010,https://open.spotify.com/track/7FAFkQQZFeNwOFzTrSDFIh,,,
4800,playlists,,Earth,"Mac Miller, Future",2013,https://open.spotify.com/track/7yPGXCaeIr1ofJoqp3LeKF,,,
4801,playlists,,"God Is Fair, Sexy Nasty (feat. Kendrick Lamar)","Mac Miller, Kendrick Lamar",2016,https://open.spotify.com/track/6hzbRKhJHo6cfCHSnNaDS8,,,
4802,playlists,,Fight the Feeling,"Mac Miller, Kendrick Lamar, Iman Omari",2012,https://open.spotify.com/track/2w9htZtkcbR48NCWzXjfvb,,,
4803,playlists,,Time Flies (feat. Lil B),"Mac Miller, Lil B",2015,https://open.spotify.com/track/613sTvP8USXm8SEKWsqCuv,,,
4804,playlists,,The Festival (feat. Little Dragon),"Mac Miller, Little Dragon",2015,https://open.spotify.com/track/1cMIaPv3DTyOGeNe2h6igm,,,
4805,playlists,,Weekend (feat. Miguel),"Mac Miller, Miguel",2015,https://open.spotify.com/track/6GnhWMhgJb7uyiiPEiEkDA,,,
4806,playlists,,Planet God Damn (feat. Njomza),"Mac Miller, NJOMZA",2016,https://open.spotify.com/track/7bd0BC9RNR6GxJsM3pRwBw,,,
4807,playlists,,Love Lost,"Mac Miller, The Temper Trap",2022,https://open.spotify.com/track/2z9iuAxKv4TTeCrPAxxKg9,,,
4808,playlists,,Cinderella (feat. Ty Dolla $ign),"Mac Miller, Ty Dolla $ign",2016,https://open.spotify.com/track/2lpygKqzPFtItQ4ss3cgfb,,,
4809,playlists,,Rain (feat. Vince Staples),"Mac Miller, Vince Staples",2021,https://open.spotify.com/track/5P4Dow1Jc2NhkknIuPi5Nd,,,
4810,playlists,,Just Like That,Macca Grills,2022,https://open.spotify.com/track/6s63gwascZ8GHUfvbnWDfM,,,
4811,playlists,,Can't Hold Us (feat. Ray Dalton),"Macklemore, Ryan Lewis, Macklemore & Ryan Lewis, Ray Dalton",2012,https://open.spotify.com/track/3bidbhpOYeV4knp8AIu8Xn,,,
4812,playlists,,Lose My Mind,"Madchild, JD Era",2015,https://open.spotify.com/track/5qQY8b29e1Wk1zG7ackL5L,,,
4813,playlists,,Activating,Maddix,2021,https://open.spotify.com/track/3pazCuwZT3PIxjCiWEZdfY,,,
4814,playlists,,Heute Nacht,Maddix,2022,https://open.spotify.com/track/1eMUGMEWrvTXYWrPobq2dH,,,
4815,playlists,,My Gasoline,"Maddix, Fēlēs",2023,https://open.spotify.com/track/6dyfsauAoa5qN0tj9JKamE,,,
4816,playlists,,2 Flights,MadeinTYO,2018,https://open.spotify.com/track/0FYnOvYp1ICsHelQVnAILn,,,
4817,playlists,,Addicted To Power,MadeinTYO,2018,https://open.spotify.com/track/6PwcvXM5UtI1yrcsIKcEvV,,,
4818,playlists,,Chucky Cheese,MadeinTYO,2018,https://open.spotify.com/track/0fABHG5a7RnqBlOKOwhWZD,,,
4819,playlists,,Jump,MadeinTYO,2018,https://open.spotify.com/track/5TXPHo9bwovk5GfnUjhYm1,,,
4820,playlists,,Moshi Moshi,MadeinTYO,2018,https://open.spotify.com/track/3fCRwVGeNXfW2snoDxhwsM,Moshi,city,high
4821,playlists,,On The Map,MadeinTYO,2018,https://open.spotify.com/track/7aMCKdXjQAPV8g8TETYVEw,,,
4822,playlists,,Outstanding,MadeinTYO,2018,https://open.spotify.com/track/6uFQno8QtgJ0zWS4JW5BpM,,,
4823,playlists,,Retro 88,MadeinTYO,2018,https://open.spotify.com/track/5PbPvMFWQ2YgfJQ3LYxEsp,,,
4824,playlists,,Lil Bih (feat. 24hrs),"MadeinTYO, 24hrs",2018,https://open.spotify.com/track/2KwBmhEyf5CfiROUYXnMJh,,,
4825,playlists,,Ned Flanders (feat. A$AP Ferg),"MadeinTYO, A$AP Ferg",2018,https://open.spotify.com/track/2EUNZfjPToKZIahK0WMLKd,Flanders,landmark,high
4826,playlists,,Margiela Problems (feat. Blood Orange),"MadeinTYO, Blood Orange",2018,https://open.spotify.com/track/31gYzvubZHQcrs4ANuCMAf,,,
4827,playlists,,Figure It Out (feat. Gunna),"MadeinTYO, Gunna",2018,https://open.spotify.com/track/5P0mkqNPdGWtJJ4LvWk7cn,,,
4828,playlists,,Whats Gwannin (feat. Roy Woods),"MadeinTYO, Roy Woods",2018,https://open.spotify.com/track/3Ie9Nz3oC8rItsTYsmMCIf,,,
4829,playlists,,Savannah Sunset (feat. Tinashe),"MadeinTYO, Tinashe",2018,https://open.spotify.com/track/7fy0iQWCHenbmFAz0U4jru,Savannah,city,medium
4830,playlists,,Hi!,Madeon,2025,https://open.spotify.com/track/7pAKQnpPIFHvnw72ssCZXg,,,
4831,playlists,,4 Minutes (feat. Justin Timberlake and Timbaland),Madonna,2008,https://open.spotify.com/track/1dDNz8h95Gsu0W4QdxVVln,,,
4832,playlists,,Hung Up,Madonna,2005,https://open.spotify.com/track/3850dYVgOFIXJh5U4BFEWH,,,
4833,playlists,,Danceteria Afterhours,"Madonna, Charli xcx",2026,https://open.spotify.com/track/3j7BhP71ROCpc9R3w9P9UE,,,
4834,playlists,,Teen Scene feat. Buddy,"Maeta, Buddy",2020,https://open.spotify.com/track/7rNjupJkjsc3ANGeW0RCYj,,,
4835,playlists,,Teen Scene (ft. Buddy) - Wax Motif Remix,"Maeta, Buddy, Wax Motif",2021,https://open.spotify.com/track/6HpXwNzOm3rW4ox4alBn34,,,
4836,playlists,,This Is The World (I Made It For You),Magdalena Bay,2025,https://open.spotify.com/track/6xgNV9489zKLRXnvpiZQXJ,,,
4837,playlists,,Unoriginal,Magdalena Bay,2025,https://open.spotify.com/track/0k4qLmMUs7HOvGYtkljECk,,,
4838,playlists,,Vampire in the Corner,Magdalena Bay,2024,https://open.spotify.com/track/6O6VDSgm7Cxrk7kIJhyIFo,,,
4839,playlists,,Ghost On The Mend,Magic City Hippies,2022,https://open.spotify.com/track/32bZRcF2imSuRHdpodPEbQ,,,
4840,playlists,,Queen - Cool Company Remix,"Magic City Hippies, Cool Company",2022,https://open.spotify.com/track/0AgZmFOM3Yq0Zok6OlvHve,,,
4841,playlists,,Heard U,Maino,2016,https://open.spotify.com/track/3to4FzU6NeZzUKy7drVXJq,,,
4842,playlists,,All Over You,Majid Jordan,2018,https://open.spotify.com/track/4D2Z8yUlhaDD81ubWpcRdt,,,
4843,playlists,,Asleep,Majid Jordan,2017,https://open.spotify.com/track/6fzazr3yVGfhGBnabJldPg,,,
4844,playlists,,Been Through That,Majid Jordan,2021,https://open.spotify.com/track/2cZbLHnTKtdSYUsVYlrnSi,,,
4845,playlists,,Body Talk,Majid Jordan,2017,https://open.spotify.com/track/1fCz8XdLhSqUZoIpZjpg10,,,
4846,playlists,,Day and Night,Majid Jordan,2016,https://open.spotify.com/track/27jnNdWxyRBabc3c4ZBtG2,,,
4847,playlists,,Every Step Every Way,Majid Jordan,2016,https://open.spotify.com/track/6iPzFPafHG23FomvNwgOLl,,,
4848,playlists,,Gave Your Love Away,Majid Jordan,2017,https://open.spotify.com/track/3V35bKSSm4usoSPjdaRGMx,,,
4849,playlists,,Her,Majid Jordan,2014,https://open.spotify.com/track/6GatnDEhYQLOdRzdVbJaky,,,
4850,playlists,,Intro,Majid Jordan,2017,https://open.spotify.com/track/7GbFWBjmoKlTJKP25COM1O,,,
4851,playlists,,King City,Majid Jordan,2016,https://open.spotify.com/track/1X1y6CQmAejhN8oeFtouje,,,
4852,playlists,,Learn from Each Other,Majid Jordan,2016,https://open.spotify.com/track/6ZqnQREu3f7LA1O8qrN4yq,,,
4853,playlists,,Love Is Always There,Majid Jordan,2016,https://open.spotify.com/track/0TCRMLcilbYgj1Gb016JbJ,,,
4854,playlists,,Make It Work,Majid Jordan,2016,https://open.spotify.com/track/2JbdPdo3teVFRWrislXwPn,,,
4855,playlists,,Not Ashamed,Majid Jordan,2017,https://open.spotify.com/track/74bV6EDlAPx3IQWZjpRw82,,,
4856,playlists,,OG Heartthrob,Majid Jordan,2017,https://open.spotify.com/track/43R6ZE3pEQfP5H0fnnpxAZ,,,
4857,playlists,,Outro,Majid Jordan,2017,https://open.spotify.com/track/3n3yyaEP6DRbhtN9sWAOeU,,,
4858,playlists,,Pacifico,Majid Jordan,2016,https://open.spotify.com/track/6rhUGIxFVgYjGPFsZfwUxL,Pacífico,city,medium
4859,playlists,,Phases,Majid Jordan,2017,https://open.spotify.com/track/3TOfqwEx5xzcOchDGEufD9,,,
4860,playlists,,Shake Shake Shake,Majid Jordan,2016,https://open.spotify.com/track/4JZ6o0O6W2NVOXD1iIbVe8,,,
4861,playlists,,Small Talk,Majid Jordan,2016,https://open.spotify.com/track/1CJmTfrlU1d6FtAYNT36wD,,,
4862,playlists,,Something About You,Majid Jordan,2016,https://open.spotify.com/track/1y5g6vIm7KVdebf5bVyjWX,,,
4863,playlists,,Spirit,Majid Jordan,2018,https://open.spotify.com/track/6zVuBEErsYXr8jBrS4RiCW,,,
4864,playlists,,Summer Rain,Majid Jordan,2021,https://open.spotify.com/track/4MOUAKzdy6wa2AJHuuxIi8,,,
4865,playlists,,Superstar,Majid Jordan,2019,https://open.spotify.com/track/4EYvuvqzUepdNaUlUZKVve,,,
4866,playlists,,The Space Between,Majid Jordan,2017,https://open.spotify.com/track/38ahkZp21r4ta2sJN4Zi88,,,
4867,playlists,,Warm,Majid Jordan,2016,https://open.spotify.com/track/333eVY2brM1sNQMBPjeGhW,,,
4868,playlists,,Waves of Blue,Majid Jordan,2021,https://open.spotify.com/track/5BQHyj5Pb3dUY8W6TSjeTF,,,
4869,playlists,,What You Do to Me,Majid Jordan,2017,https://open.spotify.com/track/7DG6lGfy2W2bMstHlXTMSu,,,
4870,playlists,,You,Majid Jordan,2017,https://open.spotify.com/track/1NkjSBBDOYB4abj2ieO8XS,,,
4871,playlists,,My Love (feat. Drake),"Majid Jordan, Drake",2016,https://open.spotify.com/track/1JUvB8LRKYoik4BB1bEJWK,,,
4872,playlists,,Stars Align (with Drake),"Majid Jordan, Drake",2021,https://open.spotify.com/track/2lBExcAjBgX7Jb480goU9B,,,
4873,playlists,,My Imagination (feat. dvsn),"Majid Jordan, dvsn",2017,https://open.spotify.com/track/5GXXgD0V3Hfz0Q3SzxWGGn,,,
4874,playlists,,Caught Up (feat. Khalid),"Majid Jordan, Khalid",2019,https://open.spotify.com/track/1opARDDYaOeE1QUdwXmBGu,,,
4875,playlists,,One I Want (feat. PARTYNEXTDOOR),"Majid Jordan, PARTYNEXTDOOR",2017,https://open.spotify.com/track/6RD9GItAGZ3gbUbx14okHF,,,
4876,playlists,,Watch Out For This (Bumaye),"Major Lazer, Busy Signal, The Flexican, FS Green",2013,https://open.spotify.com/track/7r15j439zkGhA3KRksbwuv,,,
4877,playlists,,Lean On (feat. MØ),"Major Lazer, DJ Snake, MØ",2016,https://open.spotify.com/track/19NCvSbcSgIeUOWMamy2aU,,,
4878,playlists,,Cold Water,"Major Lazer, Justin Bieber, MØ",2016,https://open.spotify.com/track/7zsXy7vlHdItvUSH8EwQss,,,
4879,playlists,,Light It Up (feat. Nyla & Fuse ODG) [Remix],"Major Lazer, Nyla, Fuse ODG",2015,https://open.spotify.com/track/40MkEbKzuSW9ET6HBngqnK,,,
4880,playlists,,Run Up,"Major Lazer, PARTYNEXTDOOR, Nicki Minaj",2017,https://open.spotify.com/track/0SujigeT7cxuxBfhN3eOcp,,,
4881,playlists,,Know No Better,"Major Lazer, Travis Scott, Camila Cabello, Quavo",2017,https://open.spotify.com/track/3t3jU09SpgdtvSWX4VlDtQ,,,
4882,playlists,,Face Off,Malaa,2024,https://open.spotify.com/track/3MMRDkrBFf5hRcFaXxRvIG,,,
4883,playlists,,1+1=13,"Malibu Ken, Aesop Rock",2019,https://open.spotify.com/track/4734NZT49UObWXKHhjIDp0,,,
4884,playlists,,Acid King,"Malibu Ken, Aesop Rock",2019,https://open.spotify.com/track/1tJRzo0sVWza5Pp6smXOVM,,,
4885,playlists,,Churro,"Malibu Ken, Aesop Rock",2019,https://open.spotify.com/track/6vJPYK9flZPgFtLR4Iqa2r,,,
4886,playlists,,Corn Maze,"Malibu Ken, Aesop Rock",2019,https://open.spotify.com/track/2YSdttfME0OmOj9mPwHFIK,,,
4887,playlists,,Dog Years,"Malibu Ken, Aesop Rock",2019,https://open.spotify.com/track/6sJcFtSg42N9Hfpvdfh9MN,,,
4888,playlists,,Purple Moss,"Malibu Ken, Aesop Rock",2019,https://open.spotify.com/track/4THo6esXYobrTA3VFyr3Th,,,
4889,playlists,,Save Our Ship,"Malibu Ken, Aesop Rock",2019,https://open.spotify.com/track/3PAlzO0osm3cmLxVQtLLVM,Savé,city,medium
4890,playlists,,Suicide Big Gulp,"Malibu Ken, Aesop Rock",2019,https://open.spotify.com/track/4NNPTBkYrtZrvUvR6Ypr0z,,,
4891,playlists,,Sword Box,"Malibu Ken, Aesop Rock",2019,https://open.spotify.com/track/2JSzGK853TkdFkbeABrH41,,,
4892,playlists,,Tuesday,"Malibu Ken, Aesop Rock",2019,https://open.spotify.com/track/3q3QvTkJ8Ofu07eqB1eG6m,,,
4893,playlists,,Sunset Funk,MAM,2012,https://open.spotify.com/track/0lA1TIrA05ly8SF7GBqIje,,,
4894,playlists,,Smokin' Dope,Mann,2014,https://open.spotify.com/track/11POUspfd8jBHTPV61uy31,,,
4895,playlists,,Rich White Girls,mansionz,2017,https://open.spotify.com/track/1CAijerspiGnyZHAVsGNL1,,,
4896,playlists,,STFU,"mansionz, Spark Master Tape",2017,https://open.spotify.com/track/2p4p9YGwmJIdf5IA9sSWhm,,,
4897,playlists,,Fuego,"Manu Crooks, Anfa Rose",2018,https://open.spotify.com/track/2HuHVkQC4P4ePPi0MZa9KD,,,
4898,playlists,,Fantasy,Mariah Carey,1995,https://open.spotify.com/track/6xkryXuiZU360Lngd4sx13,,,
4899,playlists,,Down,Marian Hill,2016,https://open.spotify.com/track/4Hgn5GBgk7EQGIEwGoZorQ,,,
4900,playlists,,Cross My Heart,Marianas Trench,2009,https://open.spotify.com/track/6csKgL9VRYejis1pQLX7R5,,,
4901,playlists,,Bih Yah,Mario Judah,2020,https://open.spotify.com/track/0M12EdT1lgklN8hYLMGFpi,,,
4902,playlists,,I Don't Wanna Know (feat. Enya & P. Diddy) - 2016 Remaster,"Mario Winans, Enya, Diddy",2016,https://open.spotify.com/track/2yr2HnFYl7XvqJk4fXoQBt,,,
4903,playlists,,Hawaiian Roller Coaster Ride,"Mark Keali'i Ho'omalu, Kamehameha Schools Children's Chorus",2002,https://open.spotify.com/track/7GmiJVBAzWNikX5VkNQg85,,,
4904,playlists,,Return of the Mack,Mark Morrison,1996,https://open.spotify.com/track/3jDdpx9PMlfMBS5tOBHFm9,,,
4905,playlists,,Arena Fight,Mark Mothersbaugh,2017,https://open.spotify.com/track/0yUYxPdVRKEOvu0HEu9f7h,,,
4906,playlists,,Asgard Is a People,Mark Mothersbaugh,2017,https://open.spotify.com/track/3Nq6LT7sr6sfV2UHCSnaLx,,,
4907,playlists,,Devil's Anus,Mark Mothersbaugh,2017,https://open.spotify.com/track/6Nc7WbFH0DrZ0uvebk0Mjw,,,
4908,playlists,,Flashback,Mark Mothersbaugh,2017,https://open.spotify.com/track/4SaM9hVitipnjtvujwRpHP,,,
4909,playlists,,Go,Mark Mothersbaugh,2017,https://open.spotify.com/track/1bljtIw9WmdiHY4tU8t3FK,,,
4910,playlists,,Grandmaster Jam Session,Mark Mothersbaugh,2017,https://open.spotify.com/track/3PP2zVjmlRXjPqk3PTKeNy,,,
4911,playlists,,Grandmaster's Chambers,Mark Mothersbaugh,2017,https://open.spotify.com/track/3vtosdkry4XGMGjXTKo7dB,,,
4912,playlists,,Hela vs. Asgard,Mark Mothersbaugh,2017,https://open.spotify.com/track/3VvOjZcLF6aS2FVY6Za1ms,,,
4913,playlists,,No One Escapes,Mark Mothersbaugh,2017,https://open.spotify.com/track/5QyMarjsZcG3uy4ztCkR00,,,
4914,playlists,,Parade,Mark Mothersbaugh,2017,https://open.spotify.com/track/4VgTfv91HRTXrvGLuJukzp,,,
4915,playlists,,Planet Sakaar,Mark Mothersbaugh,2017,https://open.spotify.com/track/0CqbwdoEU3YHSC6yYAdd5c,,,
4916,playlists,,Ragnarok Suite,Mark Mothersbaugh,2017,https://open.spotify.com/track/646yYgVW5sZWJloaGEW728,,,
4917,playlists,,Running Short on Options,Mark Mothersbaugh,2017,https://open.spotify.com/track/6SZavBxXPa6Zd7de2H7uUA,,,
4918,playlists,,Sakaar Chase,Mark Mothersbaugh,2017,https://open.spotify.com/track/3n4Xq4b7vuT0LIlZhFjj5B,,,
4919,playlists,,The Revolution Has Begun,Mark Mothersbaugh,2017,https://open.spotify.com/track/7ggflEcC0J9Kw6wQLKoaFK,Begūn,city,medium
4920,playlists,,The Vault,Mark Mothersbaugh,2017,https://open.spotify.com/track/3cQVJvYLWSZfz93StMjICR,,,
4921,playlists,,Thor: Ragnarok,Mark Mothersbaugh,2017,https://open.spotify.com/track/4Jm9RwZ2C46J06ARRllUs5,,,
4922,playlists,,Twilight of the Gods,Mark Mothersbaugh,2017,https://open.spotify.com/track/0rd9oEq335h0i8n4iQzBfk,,,
4923,playlists,,Weird Things Happen,Mark Mothersbaugh,2017,https://open.spotify.com/track/0ZEqZB6ZP77NjYFrHMDBVZ,,,
4924,playlists,,What Heroes Do,Mark Mothersbaugh,2017,https://open.spotify.com/track/6ksqO0S2mvvwpyMhVpVYFx,,,
4925,playlists,,Where am I?,Mark Mothersbaugh,2017,https://open.spotify.com/track/6YxEvuVzDk3RcJ7xojkdDq,,,
4926,playlists,,Where To?,Mark Mothersbaugh,2017,https://open.spotify.com/track/4wANVTeoqbvjEExHqcbJzp,,,
4927,playlists,,Where's the Sword?,Mark Mothersbaugh,2017,https://open.spotify.com/track/2vSlMB2G0PHhFbc9suwups,,,
4928,playlists,,Feel Right (feat. Mystikal),"Mark Ronson, Mystikal",2015,https://open.spotify.com/track/2ENBaEOC0Jgi2au9Jt7y7d,,,
4929,playlists,,Suzanne,"Mark Ronson, RAYE",2025,https://open.spotify.com/track/3EL4YcUAmGkfTKXhS49Y3w,,,
4930,playlists,,My Mama Dropped LSD in the 90's,"Marlon Hoffstadt, DJ Daddy Trance, blazey",2024,https://open.spotify.com/track/0MeGiBDDodJwa1iHnCgG3q,,,
4931,playlists,,It's That Time - FISHER Remix,"Marlon Hoffstadt, FISHER",2024,https://open.spotify.com/track/3GiORO0zRwRT3g9CCklzkQ,,,
4932,playlists,,This Love,Maroon 5,2002,https://open.spotify.com/track/6ECp64rv50XVz93WvxXMGF,,,
4933,playlists,,Bounce,Marshmello,2016,https://open.spotify.com/track/05KizhJc5qATFI2D7SauJ5,,,
4934,playlists,,Baggin',"Marshmello, 42 Dugg",2020,https://open.spotify.com/track/09iKyqKI8AGb0w4eajgWE8,,,
4935,playlists,,Fell In Love,"Marshmello, Brent Faiyaz",2023,https://open.spotify.com/track/1N8klHEbZ0bFOHnMVs8C9S,,,
4936,playlists,,Hitta (feat. Juicy J),"Marshmello, Eptic, Juicy J",2021,https://open.spotify.com/track/6y9jeDRDDLOYJDkdzWLktH,,,
4937,playlists,,Keep It Mello (feat. Omar LinX),"Marshmello, Omar LinX",2016,https://open.spotify.com/track/0Q3SC6kEhxYagDP3bFe5K9,,,
4938,playlists,,Don't Save Me,"Marshmello, SOB X RBE",2019,https://open.spotify.com/track/729WIUjxIG67whWORcTYpt,Savé,city,medium
4939,playlists,,First Place,"Marshmello, SOB X RBE",2019,https://open.spotify.com/track/2KhNvxincDseAVjb3q9kXF,,,
4940,playlists,,Roll The Dice,"Marshmello, SOB X RBE",2019,https://open.spotify.com/track/2MIYfpEKQ8zbKBdVwOaSBH,,,
4941,playlists,,Been Thru This Before (with Giggs & SAINt JHN),"Marshmello, Southside, Giggs, SAINt JHN",2020,https://open.spotify.com/track/356X9AHexTmUwTAz61nV0p,,,
4942,playlists,,Make U Sweat,Martin Ikin,2023,https://open.spotify.com/track/3IrAZTFMsy9ZPj5LurJ8vi,,,
4943,playlists,,Hello,"Martin Solveig, Dragonette",2011,https://open.spotify.com/track/0BNyKP5Or3d9XG65zTn7VB,,,
4944,playlists,,Juliet & Romeo,"Martin Solveig, Roy Woods",2019,https://open.spotify.com/track/1CRy08G60mS5jvhB27xMpS,,,
4945,playlists,,Sexual Healing - Kygo Remix,"Marvin Gaye, Kygo",2015,https://open.spotify.com/track/7s1upm7yr7ZjrzXMwHawtG,,,
4946,playlists,,Ain't No Mountain High Enough,"Marvin Gaye, Tammi Terrell",1967,https://open.spotify.com/track/1LeWIs2hP2r5yOQnVuYoI5,Ain't No Mountain,pattern,low
4947,playlists,,The Cycle,Mary Droppinz,2023,https://open.spotify.com/track/768m6Ckgon2o15cceVVuuV,,,
4948,playlists,,On Top (feat. Fivio Foreign),"Mary J. Blige, Cool & Dre, Fivio Foreign",2022,https://open.spotify.com/track/71G3ce3FWwJOlpZRksXmfX,,,
4949,playlists,,Feel so Good,Mase,1997,https://open.spotify.com/track/7hfRrdFJgFKK3cJ4rmkecE,,,
4950,playlists,,Navajo,Masego,2017,https://open.spotify.com/track/6zWU7YALeEDMcPGhKKZJhV,,,
4951,playlists,,Passport - シングル版,Masego,2020,https://open.spotify.com/track/4DkSghl14yN70T0RX5pe9x,,,
4952,playlists,,Garden Party,"Masego, Big Boi, JID",2021,https://open.spotify.com/track/7166FiVEnGCG27MITo4kXC,,,
4953,playlists,,Mystery Lady,"Masego, Don Toliver",2020,https://open.spotify.com/track/4fOuiKWDxG6dWReSZ0w6D6,,,
4954,playlists,,Tadow,"Masego, FKJ",2017,https://open.spotify.com/track/1DoS5ql0TW3ejjJGHbsAmz,,,
4955,playlists,,Somethin' Ain't Right (feat. JID & Rapsody),"Masego, JID, Rapsody",2021,https://open.spotify.com/track/4LVZlYkhqpCCahc7Ip7S9x,,,
4956,playlists,,Old Age,"Masego, SiR",2018,https://open.spotify.com/track/1nMULe4EavfF8SZHQ3Pag9,,,
4957,playlists,,Game Time (feat. That Kid CG & Gregers) - TR545,Mason,2020,https://open.spotify.com/track/3CV5bjB1NPDMDw1I0jrQat,,,
4958,playlists,,Red Lights,Mason,2023,https://open.spotify.com/track/7JsKamDZcVSm2TJiBUPqjd,,,
4959,playlists,,Rhino - Mixed,Mason,2017,https://open.spotify.com/track/0IuPv4e7nIz7Ggb9OVCjw7,,,
4960,playlists,,Famous,Mason Ramsey,2018,https://open.spotify.com/track/2HGymMoOdB4ZYv0AAqYmgF,,,
4961,playlists,,Peer Pressure,"Mason, Champagne Champagne",2014,https://open.spotify.com/track/0HctPSmNPYz2kwaI3vkoXi,,,
4962,playlists,,Drowning In Your Love (feat. Jem Cooke) - Mark Knight Extended Mix,"Mason, Mark Knight, Jem Cooke",2020,https://open.spotify.com/track/2wuT7I5igk5SFD50EAUg2L,,,
4963,playlists,,Perfect (Exceeder),"Mason, Princess Superstar",2007,https://open.spotify.com/track/0whmIaItqkT8e5PVuPyhvT,,,
4964,playlists,,Exceeder - Sonny Wharton Remix,"Mason, Sonny Wharton",2014,https://open.spotify.com/track/3PTyKJvUjYsbxDvQtgEVF1,,,
4965,playlists,,Stop Start Slow Fast,"Mason, The Manor",2018,https://open.spotify.com/track/5c7ezonR2AvXV54HnVKH5b,,,
4966,playlists,,Sideways - Extended Version,"Mat McHugh, The YUM YUM's",2017,https://open.spotify.com/track/2STYBg4kPENuifP45gIgu7,,,
4967,playlists,,Sinful - Mason Remix,"Mat Zo, I See MONSTAS, Mason",2016,https://open.spotify.com/track/1jY1FyOIU8agu4TjIsvmG8,,,
4968,playlists,,Ya Know - Radio Edit,Mat.Joe,2019,https://open.spotify.com/track/7Fbqr6yFxEHy4VhM1TxPeI,,,
4969,playlists,,Party on the West Coast (feat. Snoop Dogg),"Matoma, Faith Evans, The Notorious B.I.G., Snoop Dogg",2017,https://open.spotify.com/track/45OfR7ugJMgbFDuNOVpIq3,West Coast,region,high
4970,playlists,,Old Thing Back (feat. Ja Rule and Ralph Tresvant),"Matoma, The Notorious B.I.G., Ja Rule, Ralph Tresvant",2015,https://open.spotify.com/track/6HTJZ0TQJVMSKkUGzAOe2h,,,
4971,playlists,,Gimme Some Keys,Matroda,2022,https://open.spotify.com/track/5lbFVZ3g63LLssXLKirfjA,,,
4972,playlists,,Throw Your Hands,Matroda,2023,https://open.spotify.com/track/3qXzSsbqXAKdvuqQs9ngLl,,,
4973,playlists,,PWR,"Matroda, Bleu Clair",2022,https://open.spotify.com/track/4xWczmc5Txq36XTM5092EV,,,
4974,playlists,,No Sleep (6AM) (feat. MERYLL),"Matroda, MERYLL",2023,https://open.spotify.com/track/2hpoG18R8aBXB3O5QmheJt,,,
4975,playlists,,Monday,Matt Corby,2015,https://open.spotify.com/track/6F5SQwp6UjEA99hnevuF6w,,,
4976,playlists,,Dent Jusay,"Matt Martians, Syd, Steve Lacy",2017,https://open.spotify.com/track/1goN1TN8DZDLRNizMciiho,,,
4977,playlists,,Give It To Me - Full Vocal Mix,Matt Sassari,2021,https://open.spotify.com/track/5ZduaRci3iNUiDfJbBfAaf,,,
4978,playlists,,In the Dark,Matt Woods,2015,https://open.spotify.com/track/6LQu8384er2W9NBXI0lRHq,,,
4979,playlists,,Drugs From Amsterdam,Mau P,2022,https://open.spotify.com/track/0w7JPlp7eEQI2EKW3ayXrv,Amsterdam,city,high
4980,playlists,,The Less I Know The Better,Mau P,2025,https://open.spotify.com/track/7lDGg8CFySbkKUrjgzcLlY,,,
4981,playlists,,Deep Inside,Maur,2021,https://open.spotify.com/track/4UyLsFc8HIcj7k4N6fXBWt,,,
4982,playlists,,Progress,Mavado,2016,https://open.spotify.com/track/5Ajx80LhfbzZnECRCYc5Wy,,,
4983,playlists,,Slow Down (feat. Jorja Smith) - Vintage Culture & Slow Motion Remix,"Maverick Sabre, Jorja Smith, Vintage Culture, Slow Motion",2020,https://open.spotify.com/track/5PNvgiKSwMdjBsDsgFCFLX,,,
4984,playlists,,I Gotta Habit,Max B,2010,https://open.spotify.com/track/66F8UKWPtkCJSkbrPYJM6b,,,
4985,playlists,,On Repeat,"Max Styler, Clüb De Combat",2024,https://open.spotify.com/track/1XGKqeShkPsvuUrhNnMyPM,,,
4986,playlists,,See You Sweat,"Max Styler, GENESI",2024,https://open.spotify.com/track/0sC4CNFI8FdKJUDuYPdDiw,,,
4987,playlists,,"BIG PERSONA (feat. Tyler, The Creator)","Maxo Kream, Tyler, The Creator",2021,https://open.spotify.com/track/4uKjkPDGkkpOHxw152rM1g,,,
4988,playlists,,Sink,"Maya B, SAINt JHN",2020,https://open.spotify.com/track/4Y6JrjSIEKVup4tmCSyHD0,,,
4989,playlists,,U Can't Touch This,MC Hammer,1990,https://open.spotify.com/track/1B75hgRqe7A4fwee3g3Wmu,,,
4990,playlists,,Ela É do Tipo (feat. Drake) - Remix,"MC Kevin o Chris, Drake",2019,https://open.spotify.com/track/7qLnSuxwLNlcapat8OCWZp,,,
4991,playlists,,Not Your Role Model,MC Virgins,2025,https://open.spotify.com/track/4DRFPJnG3dE6jMJ050c733,,,
4992,playlists,,Should'a Worn a Rubber (feat. Hottnucks),"McFee, Hott Nucks",2013,https://open.spotify.com/track/0xQApj9aGhGZq9HjeV0PHm,,,
4993,playlists,,My Barn My Rules,"MCR-T, horsegiirL",2023,https://open.spotify.com/track/1bXW9UIZWmXtoSGXJvyyAm,,,
4994,playlists,,1 AM,Meek Mill,2018,https://open.spotify.com/track/6Rtug7pmJtXarD0fTtRlt0,,,
4995,playlists,,100 Summers,Meek Mill,2018,https://open.spotify.com/track/3gHLXLJ9JE1oOayo3ar4E5,,,
4996,playlists,,Almost Slipped,Meek Mill,2018,https://open.spotify.com/track/1bx4Jw8A7GQtImIQGccI6D,,,
4997,playlists,,Championships,Meek Mill,2018,https://open.spotify.com/track/5DTOk0tCrmicVQP4mc6hkr,,,
4998,playlists,,Cold Hearted II,Meek Mill,2018,https://open.spotify.com/track/75ld9n7watXCD0nHnE931J,,,
4999,playlists,,Dreams and Nightmares,Meek Mill,2012,https://open.spotify.com/track/42zd6DYQ4o4SECmTITrM1U,,,
5000,playlists,,Intro,Meek Mill,2018,https://open.spotify.com/track/3EQ9QP2E7wjYQba8OSPBst,,,
5001,playlists,,Oodles O' Noodles Babies,Meek Mill,2018,https://open.spotify.com/track/0jqLv5PuEUA0GthFjdtlS1,,,
5002,playlists,,Otherside of America,Meek Mill,2020,https://open.spotify.com/track/3JBvJ9PwrYA1oeUzI3FMRI,America,region,high
5003,playlists,,Respect the Game,Meek Mill,2018,https://open.spotify.com/track/6pUBrvKfJL4qmn95mxU7rC,,,
5004,playlists,,Stuck in My Ways,Meek Mill,2018,https://open.spotify.com/track/0UOF9AAyS8H9iCWmePj29w,,,
5005,playlists,,Trauma,Meek Mill,2018,https://open.spotify.com/track/45CCe4gu08OYG1I4MH8TU6,,,
5006,playlists,,Pay You Back (feat. 21 Savage),"Meek Mill, 21 Savage",2018,https://open.spotify.com/track/0UNeNA0dcfUMsGxvLwf2p3,,,
5007,playlists,,Uptown Vibes (feat. Fabolous & Anuel AA),"Meek Mill, Anuel AA, Fabolous",2018,https://open.spotify.com/track/2tnlNVAhuQGgoFJxALVeXx,Uptown,region,medium
5008,playlists,,Burn (feat. Big Sean),"Meek Mill, Big Sean",2012,https://open.spotify.com/track/1tv6IvWoOilhj0XbBoVVMo,,,
5009,playlists,,On Me (feat. Cardi B),"Meek Mill, Cardi B",2018,https://open.spotify.com/track/3DnZfpfe8wLeJgzc00gKeW,,,
5010,playlists,,Going Bad (feat. Drake),"Meek Mill, Drake",2018,https://open.spotify.com/track/2IRZnDFmlqMuOrYOLnZZyc,,,
5011,playlists,,R.I.C.O. (feat. Drake),"Meek Mill, Drake",2015,https://open.spotify.com/track/0Y0TOsE1q11qgbi7c5WZsG,,,
5012,playlists,,24/7 (feat. Ella Mai),"Meek Mill, Ella Mai",2018,https://open.spotify.com/track/6irE4Fbjbry3czv7mTxVSB,,,
5013,playlists,,Giving Chanel,"Meek Mill, Future",2024,https://open.spotify.com/track/1wMxLpODBBQMC6CiIBIV8e,,,
5014,playlists,,"Splash Warning (feat. Future, Roddy Ricch and Young Thug)","Meek Mill, Future, Roddy Ricch, Young Thug",2018,https://open.spotify.com/track/6cPnE82DKBLd7sg02ZNg8K,,,
5015,playlists,,Two Wrongs (feat. Guordan Banks & Pusha T),"Meek Mill, Guordan Banks, Pusha T",2016,https://open.spotify.com/track/5OWI8KlWLgfdx1OdwOhza2,,,
5016,playlists,,What's Free (feat. Rick Ross & Jay Z),"Meek Mill, JAŸ-Z, Rick Ross",2018,https://open.spotify.com/track/4iQ5gmTAzWfK8JyFC2LBox,,,
5017,playlists,,Dangerous (feat. Jeremih and PnB Rock),"Meek Mill, Jeremih, PnB Rock",2018,https://open.spotify.com/track/3lb5fWSG2p7x8ik8HN9oFR,,,
5018,playlists,,Believe (feat. Justin Timberlake),"Meek Mill, Justin Timberlake",2020,https://open.spotify.com/track/6fvqvUQr12qghH4N8gpAch,,,
5019,playlists,,Tic Tac Toe (feat. Kodak Black),"Meek Mill, Kodak Black",2018,https://open.spotify.com/track/35J4wXQeRuHNOEArMy6FOe,,,
5020,playlists,,Sharing Locations (feat. Lil Baby & Lil Durk),"Meek Mill, Lil Durk, Lil Baby",2021,https://open.spotify.com/track/3J4VKkUpLvomXJbn9ZAypO,,,
5021,playlists,,Wit the Shits (W.T.S) [feat. Melii],"Meek Mill, Melii",2018,https://open.spotify.com/track/4Kdu9AlfQyu0o6r2ozCMTc,,,
5022,playlists,,Stay Woke (feat. Miguel),"Meek Mill, Miguel",2018,https://open.spotify.com/track/0qI4TYcBno4YBhjuH3HV0A,,,
5023,playlists,,Letter to Nipsey (feat. Roddy Ricch),"Meek Mill, Roddy Ricch",2020,https://open.spotify.com/track/0j2CNrgtalXRGIvHMO2vzh,,,
5024,playlists,,Litty (feat. Tory Lanez),"Meek Mill, Sound M.O.B., Tory Lanez",2016,https://open.spotify.com/track/5J5PXmMdQ2nh1lZOal8KmK,,,
5025,playlists,,Millidelphia (feat. Swizz Beatz),"Meek Mill, Swizz Beatz",2018,https://open.spotify.com/track/1dQ84P0W0lOckT02lPEhhP,,,
5026,playlists,,"That's My N**** (with Meek Mill, YG & Snoop Dogg)","Meek Mill, YG, Snoop Dogg",2017,https://open.spotify.com/track/3i1B1PnsfnOQPGVIzhf1lr,,,
5027,playlists,,BOA,Megan Thee Stallion,2024,https://open.spotify.com/track/0FPCqTZoiZpEs324IJFFpQ,,,
5028,playlists,,Hot Girl Summer (feat. Nicki Minaj & Ty Dolla $ign),"Megan Thee Stallion, Ty Dolla $ign, Nicki Minaj",2019,https://open.spotify.com/track/5N1o6d8zGcSZSeMFkOUQOk,,,
5029,playlists,,Don’t Stop (feat. Young Thug),"Megan Thee Stallion, Young Thug",2020,https://open.spotify.com/track/3yv7994DWTEk3ihwy75YBQ,,,
5030,playlists,,HML (feat. A Boogie Wit da Hoodie),"Melii, A Boogie Wit da Hoodie",2019,https://open.spotify.com/track/0ijkEO0FxiNofOkQc6aNUo,,,
5031,playlists,,Kinfolk,Mereba,2019,https://open.spotify.com/track/7BicTKsLLazfI52IwA6TxE,,,
5032,playlists,,Heatwave (feat. 6LACK),"Mereba, 6LACK",2019,https://open.spotify.com/track/228UGKVMN5uLgmMSi5edOZ,,,
5033,playlists,,Sandstorm (feat. JID),"Mereba, JID",2019,https://open.spotify.com/track/1NlWBpNYAnFT7gMGyC0Y1M,,,
5034,playlists,,Dancing Queen - From 'Mamma Mia!' Original Motion Picture Soundtrack,"Meryl Streep, Julie Walters, Christine Baranski",2008,https://open.spotify.com/track/33trZRsRCHDPemnACBcLJJ,,,
5035,playlists,,You Came to Party (feat. Too $hort),"Meter Mobb, Too $hort",2018,https://open.spotify.com/track/6zOfIhPcwDPeQh0RyZeYSZ,,,
5036,playlists,,10 Freaky Girls (with 21 Savage),"Metro Boomin, 21 Savage",2018,https://open.spotify.com/track/43lYaovU2FoeuBMNusVVVW,,,
5037,playlists,,Don't Come Out The House (with 21 Savage),"Metro Boomin, 21 Savage",2018,https://open.spotify.com/track/1m6lqaLvUTxPjOo98fJH8U,Comé,city,medium
5038,playlists,,10AM/Save The World (feat. Gucci Mane),"Metro Boomin, Gucci Mane",2018,https://open.spotify.com/track/6qZANDqrSAvfuSjcxBP1PD,Savé,city,medium
5039,playlists,,Space Cadet (feat. Gunna),"Metro Boomin, Gunna",2018,https://open.spotify.com/track/5gub2bpJRgJP4m4MliqtdV,,,
5040,playlists,,Lesbian (feat. Gunna & Young Thug),"Metro Boomin, Gunna, Young Thug",2018,https://open.spotify.com/track/3tkFCUaISwablf9MJydsuB,,,
5041,playlists,,"Only You (feat. WizKid, Offset & J Balvin)","Metro Boomin, J Balvin, Wizkid, Offset",2018,https://open.spotify.com/track/0KPiSFlz5OUCgw7nwvhYWe,,,
5042,playlists,,"Nonviolent Communication (Metro Boomin & James Blake, A$AP Rocky, 21 Savage)","Metro Boomin, James Blake, A$AP Rocky, 21 Savage",2023,https://open.spotify.com/track/3xMnPIvsaWwzHzqqzaihEX,,,
5043,playlists,,No Complaints,"Metro Boomin, Offset, Drake",2017,https://open.spotify.com/track/6kig1UFggPUyZBCvXD3Wod,,,
5044,playlists,,Dreamcatcher (feat. Swae Lee & Travis Scott),"Metro Boomin, Swae Lee, Travis Scott",2018,https://open.spotify.com/track/6osMzmRHCVETbZMHceLRmh,,,
5045,playlists,,Borrowed Love (feat. Swae Lee & WizKid),"Metro Boomin, Swae Lee, Wizkid",2018,https://open.spotify.com/track/0McI9sOmkpfd4E72njtU0G,,,
5046,playlists,,Creepin' (with The Weeknd & 21 Savage),"Metro Boomin, The Weeknd, 21 Savage",2022,https://open.spotify.com/track/64BuLY7ggczC17w5LSUlSE,,,
5047,playlists,,Only 1 (Interlude) (with Travis Scott),"Metro Boomin, Travis Scott",2018,https://open.spotify.com/track/2kJAhu7mesSEkML8zviSNX,,,
5048,playlists,,Overdue (with Travis Scott),"Metro Boomin, Travis Scott",2018,https://open.spotify.com/track/2mYDDUkBcgFNBqkWctyyuc,,,
5049,playlists,,"No More (feat. Travis Scott, Kodak Black & 21 Savage)","Metro Boomin, Travis Scott, Kodak Black, 21 Savage",2018,https://open.spotify.com/track/1HLL8X0LH20F6Z9SLXLIjr,,,
5050,playlists,,Up To Something (feat. Travis Scott & Young Thug),"Metro Boomin, Travis Scott, Young Thug",2018,https://open.spotify.com/track/27P4XoNXXEV4lTc3sB61RK,,,
5051,playlists,,Right on time,Metronomy,2022,https://open.spotify.com/track/6JJ3UK1YfxO26iEiMWUHHj,,,
5052,playlists,,Hell Nah,Mez,2020,https://open.spotify.com/track/7etNF0BUlB40RwOvYDWE96,,,
5053,playlists,,Loading...,Mez,2020,https://open.spotify.com/track/5lyCpwOcpKJAJdwLBUxqXa,,,
5054,playlists,,BALLSKIN,MF DOOM,2009,https://open.spotify.com/track/5Jy0ljGOTUUM63K1SwrgQs,,,
5055,playlists,,Kookies,MF DOOM,2004,https://open.spotify.com/track/1a9qF8g8cctPiaLfJzxVK7,,,
5056,playlists,,BOW,MFS,2021,https://open.spotify.com/track/01V6K40AZcyCVdCiEOYk9V,,,
5057,playlists,,Trap Paris (feat. Quavo & Ty Dolla $ign),"mgk, Quavo, Ty Dolla $ign",2017,https://open.spotify.com/track/7DLswAt4vQingBBs40mfwj,Paris,city,high
5058,playlists,,"Bullets With Names (feat. Young Thug, RJMrLA & Lil Duke)","mgk, Young Thug, RJMrLA, Duke",2020,https://open.spotify.com/track/7wUI9IJZFCeFfh33Li4MYv,,,
5059,playlists,,Electric Feel,MGMT,2007,https://open.spotify.com/track/3FtYbEfBqAlGO46NUDQSAt,,,
5060,playlists,,Kids,MGMT,2007,https://open.spotify.com/track/1jJci4qxiYcOHhQR247rEU,,,
5061,playlists,,Luv Is Not Enough,"Miami Horror, Forrest Mortifee",2020,https://open.spotify.com/track/0Hy5csM0LflFU0vUU9wFpj,,,
5062,playlists,,Who Are You? - Chris Lake Remix,"Miane, Chris Lake",2021,https://open.spotify.com/track/7LVEBvmKB5uDTg0CGqDo3p,,,
5063,playlists,,Got The Fire,Michael Bibi,2018,https://open.spotify.com/track/6FzTK4thuT68kM23BLFjTo,,,
5064,playlists,,Clay Pigeons,Michael Cera,2014,https://open.spotify.com/track/0XgRWgcs0Pcr9PSIdFWD4N,,,
5065,playlists,,Bump_heads_50_cent_eminem_g_unit,Michael Funk,2011,https://open.spotify.com/track/3TsHcY4utYTgQyyX9JTAtt,,,
5066,playlists,,Home Again,Michael Kiwanuka,2012,https://open.spotify.com/track/46EuzanXhKwIc7755wLAvS,,,
5067,playlists,,One More Night,Michael Kiwanuka,2016,https://open.spotify.com/track/0f2zcrhhHT59aIGQvRlTZ1,,,
5068,playlists,,Scared To Start,Michael Marcagi,2024,https://open.spotify.com/track/3Pbp7cUCx4d3OAkZSCoNvn,,,
5069,playlists,,Pastorale,Michelle Sell,2016,https://open.spotify.com/track/2iLPtHAm7XpR9k8GxF9F2t,,,
5070,playlists,,Barcelona,Mick Jenkins,2018,https://open.spotify.com/track/10WiVV9s0nLr2M4tktx2QY,Barcelona,city,high
5071,playlists,,Carefree,Mick Jenkins,2020,https://open.spotify.com/track/5CTaFr3yPs4SEtCMt70Hfv,,,
5072,playlists,,Ghost,Mick Jenkins,2018,https://open.spotify.com/track/47mLjO0PtlGCoksg91BBhf,,,
5073,playlists,,Grace & Mercy,Mick Jenkins,2018,https://open.spotify.com/track/14Q6eg1ZGOw1NcDVLUUl2f,,,
5074,playlists,,Gwendolynn's Apprehension,Mick Jenkins,2018,https://open.spotify.com/track/5CjV03o6e1Ja0zLdttXVji,,,
5075,playlists,,Heron Flow 2,Mick Jenkins,2018,https://open.spotify.com/track/2N3bdp4HyhDqRmUX9Y7rjB,,,
5076,playlists,,Percy Interlude,Mick Jenkins,2018,https://open.spotify.com/track/68QJVJJRoFXIQT6VW0dOTI,,,
5077,playlists,,Plain Clothes,Mick Jenkins,2018,https://open.spotify.com/track/1yU4R662E6c3fe9ftu5VgB,,,
5078,playlists,,Pull Up,Mick Jenkins,2018,https://open.spotify.com/track/3SgCCusK160YEBYzZRQAAH,,,
5079,playlists,,Soft Porn,Mick Jenkins,2018,https://open.spotify.com/track/5F9r9DhlNsYgX8ZaunWPEj,,,
5080,playlists,,U Turn,Mick Jenkins,2018,https://open.spotify.com/track/7ASuQYssIzxtqUlyrE5Fmc,,,
5081,playlists,,Understood,Mick Jenkins,2018,https://open.spotify.com/track/5x886ETFn4nUihXbxlO3cb,,,
5082,playlists,,Smoking Song (feat. BadBadNotGood),"Mick Jenkins, BADBADNOTGOOD",2018,https://open.spotify.com/track/4fdbjnYR0EtvA4vpe1o8SS,,,
5083,playlists,,Reginald (feat. Ben Hixon),"Mick Jenkins, Ben Hixon",2018,https://open.spotify.com/track/4IwlRsx9bQyBOZVZbZdCxi,,,
5084,playlists,,Consensual Seduction (feat. Corinne Bailey Rae),"Mick Jenkins, Corinne Bailey Rae",2018,https://open.spotify.com/track/29vSGhUXfghuZTOUrIw8zf,,,
5085,playlists,,Sterilize,"Mick Jenkins, Dre Wave$, Desktop, Ricky Desktop",2022,https://open.spotify.com/track/2Y2cYgSGm7DUYcNBpvjPDY,,,
5086,playlists,,Padded Locks (feat. Ghostface Killah),"Mick Jenkins, Ghostface Killah",2018,https://open.spotify.com/track/2aIFp8ww0MSsLQokxhGCAz,,,
5087,playlists,,Smoke Break-Dance (feat. JID),"Mick Jenkins, JID",2023,https://open.spotify.com/track/1Dm5maHjhhmcdqS5hK61Ut,,,
5088,playlists,,Heron Flow (feat. Julian Bell),"Mick Jenkins, Julian Bell",2018,https://open.spotify.com/track/3fBzTFri9m2b6A8HOZnvnc,,,
5089,playlists,,Stress Fracture (feat. Mikahl Anthony),"Mick Jenkins, Mikahl Anthony",2018,https://open.spotify.com/track/4ECCjXDcZ6wnfxkFRCvTlQ,,,
5090,playlists,,I Was One Orgasm Away from Falling in Love With You All and Then I Woke Up,Midnightview,2020,https://open.spotify.com/track/5gVK4W3E3cBzMHqVKscOg1,,,
5091,playlists,,J'y peux rien,Miel De Montagne,2019,https://open.spotify.com/track/0eXIlXgGQTD6hezaxdl3wO,,,
5092,playlists,,Permis b bébé,Miel De Montagne,2019,https://open.spotify.com/track/1U3UL6FsYc2mcAQwWyYrn2,,,
5093,playlists,,All Ass,Migos,2017,https://open.spotify.com/track/5QxqypupYWHrY8IkGCSObQ,,,
5094,playlists,,Auto Pilot,Migos,2018,https://open.spotify.com/track/4Kw3CztmD15X1QGDnnHmLD,,,
5095,playlists,,Avalanche,Migos,2021,https://open.spotify.com/track/4KD0lLJ4OGonZhBeKtct9I,,,
5096,playlists,,Beast,Migos,2018,https://open.spotify.com/track/5kuxtUHQr23zov47Wn35Of,,,
5097,playlists,,Big On Big,Migos,2017,https://open.spotify.com/track/3BoPOp7YNORLqMUjE5XAh9,,,
5098,playlists,,Brown Paper Bag,Migos,2017,https://open.spotify.com/track/5wihevBA7MO9PNYyWyTfkh,,,
5099,playlists,,Call Casting,Migos,2017,https://open.spotify.com/track/0jOfl1nZf6sVBTG08Q4brn,,,
5100,playlists,,Crown the Kings,Migos,2018,https://open.spotify.com/track/2664gDzsUz6oHnSFyfKjcq,,,
5101,playlists,,Culture National Anthem - Outro,Migos,2018,https://open.spotify.com/track/0Rp0bpWLnQMHXJ6m5y3tps,,,
5102,playlists,,Emoji A Chain,Migos,2018,https://open.spotify.com/track/0G9rmRmQDFk9O2tzZLyRkc,,,
5103,playlists,,Fight Night,Migos,2014,https://open.spotify.com/track/2n5gVJ9fzeX2SSWlLQuyS9,,,
5104,playlists,,Flooded,Migos,2018,https://open.spotify.com/track/7eTyfz4GA647lpSA3PCRyl,,,
5105,playlists,,Gang Gang,Migos,2018,https://open.spotify.com/track/6RKkHI2fkmgZq7uQPPav8f,,,
5106,playlists,,Get Right Witcha,Migos,2017,https://open.spotify.com/track/76Y0gxtTxN0FyDCYh5qYQj,,,
5107,playlists,,Higher We Go - Intro,Migos,2018,https://open.spotify.com/track/43dOwOq0mB4i6j4SpcSkqC,,,
5108,playlists,,Jane,Migos,2021,https://open.spotify.com/track/7g43YzKWtb1NMRcwD896ww,,,
5109,playlists,,Made Men,Migos,2018,https://open.spotify.com/track/3XAWpSxJMPeIwxXc5g9en1,,,
5110,playlists,,Modern Day,Migos,2021,https://open.spotify.com/track/2Igem6Q4sfvXGJ3JkG7Baw,,,
5111,playlists,,Movin' Too Fast,Migos,2018,https://open.spotify.com/track/5B3I6RdYli0nmeS5IR4CcB,,,
5112,playlists,,Narcos,Migos,2018,https://open.spotify.com/track/0wbnC9AUenxp613TYaJsGK,,,
5113,playlists,,Open It Up,Migos,2018,https://open.spotify.com/track/2LOkdHHNKdEx24cQELBaD8,,,
5114,playlists,,Out Yo Way,Migos,2017,https://open.spotify.com/track/4Dbn05LNVX5giGbgbz5fdQ,,,
5115,playlists,,Stir Fry,Migos,2017,https://open.spotify.com/track/4fndbjoz1qJyK6JcLdKfzm,,,
5116,playlists,,Straightenin,Migos,2021,https://open.spotify.com/track/3X2r2CnHOJeV5YekPTgBnK,,,
5117,playlists,,Supastars,Migos,2018,https://open.spotify.com/track/7yt6eiZQCkVFEzwGp4Pbor,,,
5118,playlists,,T-Shirt,Migos,2017,https://open.spotify.com/track/7KOlJ92bu51cltsD9KU5I7,,,
5119,playlists,,Too Much Jewelry,Migos,2018,https://open.spotify.com/track/4loAa1lBkE83qJXU1ddmCV,,,
5120,playlists,,Top Down On Da NAWF,Migos,2018,https://open.spotify.com/track/3Jo2cNQKU6Je7LVClYyJH9,,,
5121,playlists,,What The Price,Migos,2017,https://open.spotify.com/track/7sO0dVFCfixpLshm4daMH3,,,
5122,playlists,,Work Hard,Migos,2018,https://open.spotify.com/track/5UzUZULhZL8bW4BqI1ZNOF,,,
5123,playlists,,Working A Fool,Migos,2021,https://open.spotify.com/track/7tQr8dQ4SLNCvVgpSgmLN0,,,
5124,playlists,,Deadz (feat. 2 Chainz),"Migos, 2 Chainz",2017,https://open.spotify.com/track/4AlrLQ2RMxOwz1gTTkb4vQ,,,
5125,playlists,,Too Playa,"Migos, 2 Chainz",2018,https://open.spotify.com/track/4TAifFqlNkBvrycHbWV9Ew,,,
5126,playlists,,BBO (Bad Bitches Only),"Migos, 21 Savage",2018,https://open.spotify.com/track/4BHzHISX21PYwGXiBEUQ70,,,
5127,playlists,,Culture (feat. DJ Khaled),"Migos, DJ Khaled",2017,https://open.spotify.com/track/4oLuMvGQ4WJfU2s4OM6nfE,,,
5128,playlists,,Versace (Remix),"Migos, Drake",2015,https://open.spotify.com/track/0XGLsSU6wtfnKXiMNvQr61,,,
5129,playlists,,Walk It Talk It,"Migos, Drake",2018,https://open.spotify.com/track/6n4U3TlzUGhdSFbUUhTvLP,,,
5130,playlists,,CC,"Migos, Gucci Mane",2018,https://open.spotify.com/track/35ffVv9x4mtzBh5rF1K9sP,,,
5131,playlists,,Slippery (feat. Gucci Mane),"Migos, Gucci Mane",2017,https://open.spotify.com/track/6p8NuHm8uCGnn2Dtbtf7zE,,,
5132,playlists,,Bad and Boujee (feat. Lil Uzi Vert),"Migos, Lil Uzi Vert",2016,https://open.spotify.com/track/1FvU97lrWOG2NRxErh6OZz,,,
5133,playlists,,MotorSport,"Migos, Nicki Minaj, Cardi B",2017,https://open.spotify.com/track/1YZfcVLbbJwfizR5cDOp3q,,,
5134,playlists,,Malibu (feat. Polo G),"Migos, Polo G",2021,https://open.spotify.com/track/3v1zVVdzNVNt7vmI9VG2gq,Malibu,landmark,high
5135,playlists,,Light It Up (feat. Pop Smoke),"Migos, Pop Smoke",2021,https://open.spotify.com/track/5rIjbX7rQMj8Gh9Oxd4Vrc,,,
5136,playlists,,Notice Me,"Migos, Post Malone",2018,https://open.spotify.com/track/3OnOomd79OjqSYHchCQ6ht,,,
5137,playlists,,Kelly Price (feat. Travis Scott),"Migos, Travis Scott",2017,https://open.spotify.com/track/204U3zjm9kkzX25Pr4Rdld,,,
5138,playlists,,White Sand,"Migos, Travis Scott, Ty Dolla $ign, Big Sean",2018,https://open.spotify.com/track/2KokOIKdw4zZutDil85Ugh,,,
5139,playlists,,Need It,"Migos, YoungBoy Never Broke Again",2020,https://open.spotify.com/track/6mtjo5kIHKlboGE84lf1FJ,,,
5140,playlists,,Anointed,Miguel,2017,https://open.spotify.com/track/4hv7GT5g9qNnrxlocsOSYt,,,
5141,playlists,,Banana Clip,Miguel,2017,https://open.spotify.com/track/6xagjcywpcyNFghafZPQJv,,,
5142,playlists,,City of Angels,Miguel,2017,https://open.spotify.com/track/6Lnn71AwH0uzSocADOF8ei,,,
5143,playlists,,Funeral,Miguel,2019,https://open.spotify.com/track/782CIMTujSmNFrRuAVhsqd,,,
5144,playlists,,Harem,Miguel,2017,https://open.spotify.com/track/7JU0nyGvKLawxIQ1LYhJgy,,,
5145,playlists,,Now,Miguel,2017,https://open.spotify.com/track/5XN9jwDlXAZ8j5nMcK7S1d,,,
5146,playlists,,Pineapple Skies,Miguel,2017,https://open.spotify.com/track/19EnyPZhNPbRoCxAuv5pKD,,,
5147,playlists,,Python,Miguel,2018,https://open.spotify.com/track/4jYxNI1e2LnhlbiHBf2Paq,,,
5148,playlists,,R.A.N.,Miguel,2018,https://open.spotify.com/track/1kbGBcmr0vrs3hnpMbPCYd,,,
5149,playlists,,Told You So,Miguel,2017,https://open.spotify.com/track/736XrOvsUtOpuyLmPdjuG3,,,
5150,playlists,,Simple Things (Remix) (feat. Chris Brown & Future),"Miguel, Chris Brown, Future",2015,https://open.spotify.com/track/4z8c9qkpiYghn6DCQ6yA0u,,,
5151,playlists,,Come Through and Chill (feat. J. Cole & Salaam Remi),"Miguel, J. Cole, Salaam Remi",2017,https://open.spotify.com/track/1m8WpLYXEiNVZchsWEcCSy,Comé,city,medium
5152,playlists,,Caramelo Duro (feat. Kali Uchis),"Miguel, Kali Uchis",2017,https://open.spotify.com/track/3LcjZGk0GBlPRe5XhYVGgM,,,
5153,playlists,,Wolf (feat. Quin),"Miguel, QUIN",2017,https://open.spotify.com/track/3SHJLQK4Nfgg7eYMvMElnF,,,
5154,playlists,,Criminal (feat. Rick Ross),"Miguel, Rick Ross",2017,https://open.spotify.com/track/18MC2XdOQYheFq5HAyK7rJ,,,
5155,playlists,,waves - Tame Impala Remix,"Miguel, Tame Impala",2016,https://open.spotify.com/track/3lB0GMiI5KxDbTOG8V3bOx,,,
5156,playlists,,Sky Walker (feat. Travis Scott),"Miguel, Travis Scott",2017,https://open.spotify.com/track/5WoaF1B5XIEnWfmb5NZikf,,,
5157,playlists,,Still Tippin' (feat. Slim Thug and Paul Wall),"Mike Jones, Paul Wall, Slim Thug",2005,https://open.spotify.com/track/59rtiYOPgMEDf3yPEfU2la,,,
5158,playlists,,The Show - Mason Remix,"Mike Mago, Mason",2013,https://open.spotify.com/track/5KdPTmTGfW59YXph6jcwPD,,,
5159,playlists,,Cooler Than Me - Single Mix,"Mike Posner, Gigamesh",2010,https://open.spotify.com/track/2V4bv1fNWfTcyRJKmej6Sj,Thān,city,medium
5160,playlists,,I Took A Pill In Ibiza - Seeb Remix,"Mike Posner, Seeb",2015,https://open.spotify.com/track/7vfWgVGiLgnGbInU5lvSQg,Ibiza,island,high
5161,playlists,,"Runnin (with A$AP Rocky, A$AP Ferg & Nicki Minaj)","Mike WiLL Made-It, A$AP Rocky, A$AP Ferg, Nicki Minaj",2018,https://open.spotify.com/track/23dwrzeJtEEGl2U4CPWSor,,,
5162,playlists,,We Can Hit (Round 1) (with Crime Mob & Slim Jxmmi),"Mike WiLL Made-It, Crime Mob, Slim Jxmmi",2018,https://open.spotify.com/track/6gJ1T7THE0Pxk5VpTovwJH,,,
5163,playlists,,"F.I.G.H.T. (with Eearz, Gucci Mane, YG, Trouble, Quavo & Juicy J)","Mike WiLL Made-It, Eearz, Gucci Mane, YG, Trouble, Quavo, Juicy J",2018,https://open.spotify.com/track/16Of5hPEODN84py9a7lCUl,,,
5164,playlists,,"Perfect Pint (feat. Kendrick Lamar, Gucci Mane & Rae Sremmurd)","Mike WiLL Made-It, Kendrick Lamar, Gucci Mane, Rae Sremmurd",2017,https://open.spotify.com/track/3A2OHirUAlQp2x73BJlEDA,,,
5165,playlists,,Amen (Pre Fight Prayer) (with Lil Wayne),"Mike WiLL Made-It, Lil Wayne",2018,https://open.spotify.com/track/3e9R23BvUPW7gbPfboiDIx,,,
5166,playlists,,23,"Mike WiLL Made-It, Miley Cyrus, Wiz Khalifa, Juicy J",2013,https://open.spotify.com/track/20FZrLl9zSbO9b3DhaqO6M,,,
5167,playlists,,Check (with Nas & Rick Ross),"Mike WiLL Made-It, Nas, Rick Ross",2018,https://open.spotify.com/track/5l0F6oCsl8HeDpod8S9tDh,,,
5168,playlists,,What That Speed Bout!?,"Mike WiLL Made-It, Nicki Minaj, YoungBoy Never Broke Again",2020,https://open.spotify.com/track/5iZ5wjTTxSIv8Cfrhj6Jla,,,
5169,playlists,,The Mantra (with Pharrell & Kendrick Lamar),"Mike WiLL Made-It, Pharrell Williams, Kendrick Lamar",2018,https://open.spotify.com/track/74wpYGsVh2J13iAmmg1Uln,,,
5170,playlists,,Watching Me (with Rae Sremmurd & Kodak Black),"Mike WiLL Made-It, Rae Sremmurd, Kodak Black",2018,https://open.spotify.com/track/3ddFdBlBbu15hcJmEK0tLd,,,
5171,playlists,,Bars Of Soap (feat. Swae Lee),"Mike WiLL Made-It, Swae Lee",2017,https://open.spotify.com/track/5X4XAB4dagwoPgAeFy4OyW,,,
5172,playlists,,Midnight (with Tessa Thompson & Gunna ),"Mike WiLL Made-It, Tessa Thompson, Gunna",2018,https://open.spotify.com/track/5CJD51sC5P3Nf4U3D7AVc3,,,
5173,playlists,,Ice Cold (Final Round) (with Vince Staples & Ludwig Göransson),"Mike WiLL Made-It, Vince Staples, Ludwig Göransson",2018,https://open.spotify.com/track/701RVIizxCUMCO92CfcPby,,,
5174,playlists,,Fate (with Young Thug & Swae Lee),"Mike WiLL Made-It, Young Thug, Swae Lee",2018,https://open.spotify.com/track/79PaeaCZXyeu2C5XeSBzIv,,,
5175,playlists,,These Days,mike.,2015,https://open.spotify.com/track/5tsI3xxDHDgzHhn30LTQNz,,,
5176,playlists,,Tesselation,Mild High Club,2016,https://open.spotify.com/track/3BIzHNxAQbRTY4LCp1oMR1,,,
5177,playlists,,Can't Be Tamed,Miley Cyrus,2010,https://open.spotify.com/track/47cvLbenIcT3GDqFL6duZ0,,,
5178,playlists,,Party In The U.S.A.,Miley Cyrus,2009,https://open.spotify.com/track/5Q0Nhxo0l2bP3pNjpGJwV1,America,region,high
5179,playlists,,This Is Why I'm Hot - Single Version,MiMS,2007,https://open.spotify.com/track/2fiPLIuqDydwpaOhoUgO3W,,,
5180,playlists,,She's such a Bitch,Mirage Amuro,2024,https://open.spotify.com/track/7xdBXx0Zoo0Xb7pyGNjXce,,,
5181,playlists,,I Play Pokémon GO Everyday,Mishovy silenosti,2016,https://open.spotify.com/track/7EAwgBKCOZYZ7d1NLw2FII,,,
5182,playlists,,Bomb Intro / Pass That Dutch,Missy Elliott,2003,https://open.spotify.com/track/1MaI6NwdrqnE3mRzOYTpoo,,,
5183,playlists,,Get Ur Freak On,Missy Elliott,2001,https://open.spotify.com/track/13KEdaWIc7T6ozEmnJjHy1,,,
5184,playlists,,Work It,Missy Elliott,2002,https://open.spotify.com/track/3jagJCUbdqhDSPuxP8cAqF,,,
5185,playlists,,Lose Control (feat. Ciara & Fat Man Scoop),"Missy Elliott, Ciara, Fatman Scoop",2005,https://open.spotify.com/track/1ulAlG3x3jWtCCK2SI4qyL,,,
5186,playlists,,17,MK,2017,https://open.spotify.com/track/15DwFznkBJir7AK9PyMyRR,,,
5187,playlists,,Rhyme Dust,"MK, Dom Dolla",2023,https://open.spotify.com/track/59QDyqLww2pxyg9ijOPO7f,,,
5188,playlists,,Donna,MMM (Errorsmith & Fiedel),1997,https://open.spotify.com/track/6s3plkjyjn5JcVWwtsGukm,,,
5189,playlists,,Nous sommes MMM,MMM (Errorsmith & Fiedel),2010,https://open.spotify.com/track/3QvKpWH7T4vZ0Wolc55aWw,,,
5190,playlists,,"Shook Ones, Pt. II",Mobb Deep,1995,https://open.spotify.com/track/33ZXjLCpiINn8eQIDYEPTD,,,
5191,playlists,,Survival of the Fittest,Mobb Deep,1995,https://open.spotify.com/track/7N1Vjtzr1lmmCW9iasQ8YO,,,
5192,playlists,,Arabic Nokia,Modernmadeit,2020,https://open.spotify.com/track/568rbQIDen7kWhMfeEVvKf,,,
5193,playlists,,Boom Shakalaka,"Moksi, Emy Perez, Digitzz",2019,https://open.spotify.com/track/5ijp0ctfwwkmkR6hWDQnwn,,,
5194,playlists,,Garden Gate,Mon Rovîa,2023,https://open.spotify.com/track/3z49BSA3G1371doAevPhdD,,,
5195,playlists,,50/50 (Moneybagg Yo),"Moneybagg Yo, CMG The Label",2023,https://open.spotify.com/track/1aOKOAnj6s8JOgxCEKx4OP,,,
5196,playlists,,Hard For The Next (with Future),"Moneybagg Yo, Future",2021,https://open.spotify.com/track/2D6vfFZxQ5YzPPBODls1a9,,,
5197,playlists,,Change Partners,"Moneybagg Yo, YoungBoy Never Broke Again",2017,https://open.spotify.com/track/67ZJlVhmUeJI583DwI1oYw,,,
5198,playlists,,Kolors ft. Smino,"monte booker, Smino",2016,https://open.spotify.com/track/5TMeoUtqccuS5YaaN7RH62,,,
5199,playlists,,Morocco,Moon Taxi,2013,https://open.spotify.com/track/0ecM7uGyjgJnBliXS2fPP9,Morocco,country,high
5200,playlists,,Leck,"MORGENSHTERN, Imanbek, Fetty Wap, KDDK",2021,https://open.spotify.com/track/74k6kJ0lC4gocGJSbxyeZE,,,
5201,playlists,,Ms. Fat Booty,Mos Def,1999,https://open.spotify.com/track/0IVAlb0cFCH1cQ974iR1TU,,,
5202,playlists,,Cast Out,Moses Ideka,2023,https://open.spotify.com/track/1ixSvMpiQVaOtW0Ev4pW9k,,,
5203,playlists,,Plastic,Moses Sumney,2017,https://open.spotify.com/track/18gcopzbu2DjQjR2DI5pE8,,,
5204,playlists,,For You,MOTHERMARY,2025,https://open.spotify.com/track/0O5EiN3n6iMzbMGN5zfw5b,,,
5205,playlists,,King of Diamonds,Motopony,2011,https://open.spotify.com/track/2TAIqnZVz8hh4beMwLEuxo,,,
5206,playlists,,"In My Face (with 2 Chainz, Saweetie feat. YG)","Mozzy, 2 Chainz, Saweetie, YG",2022,https://open.spotify.com/track/7IfxYyZaO3S3PJf5agEEWS,,,
5207,playlists,,Seasons (with Sjava & Reason),"Mozzy, Sjava, REASON",2018,https://open.spotify.com/track/35cOyocq8Gb6UcT0NWeTwn,,,
5208,playlists,,Leg Over (feat. French Montana & Ty Dolla $ign) - Remix,"Mr Eazi, Major Lazer, French Montana, Ty Dolla $ign",2017,https://open.spotify.com/track/4AaX9uSYqYLiI6r90NKh8w,,,
5209,playlists,,Mistakes,"Mr. Belt & Wezol, RSCL",2022,https://open.spotify.com/track/1S0zjyY7bO52Bhe8qmS4Nt,,,
5210,playlists,,Positif,Mr. Oizo,2008,https://open.spotify.com/track/3KEnGyuImTqe7asrYW0kUv,,,
5211,playlists,,Doo Wop (That Thing),Ms. Lauryn Hill,1998,https://open.spotify.com/track/0uEp9E98JB5awlA084uaIg,,,
5212,playlists,,Ex-Factor,Ms. Lauryn Hill,1998,https://open.spotify.com/track/2VjXGuPVVxyhMgER3Uz2Fe,,,
5213,playlists,,Dirty Love,Mt. Joy,2018,https://open.spotify.com/track/2bsC6KLZ6a9v6zdoDkziBL,,,
5214,playlists,,New President,Mt. Joy,2020,https://open.spotify.com/track/3DYZQ8hEbiNy9dUWp0baKN,,,
5215,playlists,,Love$ick,"Mura Masa, A$AP Rocky",2016,https://open.spotify.com/track/7ox2wvSzqTxQQf55Ggobbl,,,
5216,playlists,,Move Me,"Mura Masa, Octavian",2018,https://open.spotify.com/track/44Yrt6xIUdcooTbDh57hrF,,,
5217,playlists,,We Are Making Out,"Mura Masa, yeule",2024,https://open.spotify.com/track/2edyh4YVEmmyvv8BosK5rw,,,
5218,playlists,,One Shot (feat. Blxst & Wale),"Murda Beatz, Blxst, Wale",2022,https://open.spotify.com/track/79zOijd7A1FGKKGBQMqBKl,,,
5219,playlists,,DOORS UNLOCKED (feat. Ty Dolla $ign & Polo G),"Murda Beatz, Polo G, Ty Dolla $ign",2020,https://open.spotify.com/track/7CmNyEQUpNSX6RMM5Fw3os,,,
5220,playlists,,Dawning,Murdo McRae,2016,https://open.spotify.com/track/2M49rqS4QNnEOMx7WLjXq9,,,
5221,playlists,,Find Me,Muroki,2022,https://open.spotify.com/track/6MnwlWt1UUPTsaaULrv2Nl,,,
5222,playlists,,One Night in Bangkok,Murray Head,1980,https://open.spotify.com/track/6erBowZaW6Ur3vNOWhS2zM,Bangkok,city,high
5223,playlists,,Air Forces,Mustafa,2020,https://open.spotify.com/track/69bqljA2mItBcXom1vkjQX,,,
5224,playlists,,Name of God,Mustafa,2023,https://open.spotify.com/track/6gOxexvj0mjwnRRrLXT1cB,,,
5225,playlists,,Interstate 10 (feat. Future),"Mustard, Future",2019,https://open.spotify.com/track/4j13h3sia1FhQG18bjSXEC,Interstate 10,street,high
5226,playlists,,Pure Water (with Migos),"Mustard, Migos",2019,https://open.spotify.com/track/3j84U36KvLeXNDPv4t5pI8,,,
5227,playlists,,"Baguettes in the Face (feat. NAV, Playboi Carti & A Boogie Wit da Hoodie)","Mustard, NAV, Playboi Carti, A Boogie Wit da Hoodie",2019,https://open.spotify.com/track/2zjGJ0dChMR0KxBZS15aqo,,,
5228,playlists,,"100 Bands (feat. Quavo, 21 Savage, YG & Meek Mill)","Mustard, Quavo, 21 Savage, YG, Meek Mill",2019,https://open.spotify.com/track/5duCElafuovM4ZSmkQL4hn,,,
5229,playlists,,Ballin' (with Roddy Ricch),"Mustard, Roddy Ricch",2019,https://open.spotify.com/track/3QzAOrNlsabgbMwlZt7TAY,,,
5230,playlists,,Whole Lotta Lovin',"Mustard, Travis Scott",2016,https://open.spotify.com/track/01gNiOqg8u7vT90uVgOVmz,,,
5231,playlists,,On GOD (with YG & Tyga feat. A$AP Ferg & A$AP Rocky),"Mustard, YG, Tyga, A$AP Ferg, A$AP Rocky",2019,https://open.spotify.com/track/4l7oD6415mxY0uSppVUUjX,,,
5232,playlists,,Paris Hilton,MUTSUMI,2010,https://open.spotify.com/track/6ljrAnKGIN6ypJvHc6a3eJ,Paris,city,high
5233,playlists,,The Sun,Myd,2021,https://open.spotify.com/track/5UEZzRsrB4FKw1SIMoMD2y,,,
5234,playlists,,Cudi Kid,mzpb,2019,https://open.spotify.com/track/1DIalhuZV0j2OjY8b87usI,,,
5235,playlists,,Don't Don't Do It!,"N.E.R.D, Kendrick Lamar",2017,https://open.spotify.com/track/75QQN5aW8mLNxEo9TuS5Ns,,,
5236,playlists,,Lemon - Edit,"N.E.R.D, Rihanna",2017,https://open.spotify.com/track/2LKlHBPHxLG5ArAXfF148n,,,
5237,playlists,,Fuck Tha Police,N.W.A.,1988,https://open.spotify.com/track/771lQyKAtqXRpZ7iM4JsbP,,,
5238,playlists,,Straight Outta Compton,N.W.A.,1988,https://open.spotify.com/track/4LujRMTMwAfFKjm45tixHY,Compton,region,high
5239,playlists,,Mona Lisa,"Naji, monte booker",2016,https://open.spotify.com/track/5GUvXUx0GbyBKO2f8yQxFn,,,
5240,playlists,,Good Day,Nappy Roots,2008,https://open.spotify.com/track/4cnqxdE2opmhp7MwkvhkAJ,,,
5241,playlists,,Me or Sum (feat. Future & Lil Baby),"Nardo Wick, Future, Lil Baby",2021,https://open.spotify.com/track/1qlh1WxuWilyIWRwdsKMuJ,,,
5242,playlists,,Back To Back (feat. Future & Southside),"Nardo Wick, Future, Southside",2024,https://open.spotify.com/track/4VS68hFMSdb6adNtXIBGIz,,,
5243,playlists,,"Who Want Smoke?? (feat. G Herbo, Lil Durk & 21 Savage)","Nardo Wick, G Herbo, Lil Durk, 21 Savage",2021,https://open.spotify.com/track/4yNoUQkYf1QF8iYlEzNynH,,,
5244,playlists,,Big Nas (Original Song from MasterClass),Nas,2021,https://open.spotify.com/track/0GIZWL2QckGkBdxfCQMVFA,,,
5245,playlists,,Dance,Nas,2002,https://open.spotify.com/track/6jeDnK6mvZbXJgRZXkSkBB,,,
5246,playlists,,Death Row East,Nas,2021,https://open.spotify.com/track/7IZwjpLSvABzr1E7xeBaRJ,,,
5247,playlists,,Simple Things,Nas,2018,https://open.spotify.com/track/7jzcoWGOQXGufcXbs7TFVN,,,
5248,playlists,,Surviving the Times,Nas,2007,https://open.spotify.com/track/0BI9BYPVtp65GqNkVCl6tS,,,
5249,playlists,,The Cure,Nas,2020,https://open.spotify.com/track/5s5uXmeBIDEX7OKLlNjeI6,,,
5250,playlists,,The World Is Yours,Nas,2014,https://open.spotify.com/track/5FHXxdJeq1iAE9PjDTEgyd,,,
5251,playlists,,White Label,Nas,2018,https://open.spotify.com/track/5JoUwqXt9IPLbiJ6pXwarL,,,
5252,playlists,,Office Hours (feat. 50 Cent),"Nas, 50 Cent",2023,https://open.spotify.com/track/7cXlDCmulkI5UWLCtSjhRF,,,
5253,playlists,,All Bad (feat. Anderson .Paak),"Nas, Anderson .Paak",2020,https://open.spotify.com/track/3w11abq9POHzWef5Hz1LDI,,,
5254,playlists,,Life's a Bitch (feat. AZ & Olu Dara),"Nas, AZ, Olu Dara",2014,https://open.spotify.com/track/3kgy6gz61XtWzgGw4Xh8CJ,,,
5255,playlists,,Life is Like a Dice Game - Spotify Singles,"Nas, Cordae, Freddie Gibbs",2021,https://open.spotify.com/track/5iBEUyRJL5fV0Hl5L5AqoR,,,
5256,playlists,,Not For Radio,"Nas, Diddy, 070 Shake",2018,https://open.spotify.com/track/5FYu8uBB6E11mepU601601,,,
5257,playlists,,Define My Name,"Nas, DJ Premier",2024,https://open.spotify.com/track/4LDx21eeTurv7b1slX4rFl,,,
5258,playlists,,Spicy (feat. Fivio Foreign & A$AP Ferg),"Nas, Fivio Foreign, A$AP Ferg",2020,https://open.spotify.com/track/661wc0CTq5MbppEG6zYP5n,,,
5259,playlists,,EPMD,"Nas, Hit-Boy",2021,https://open.spotify.com/track/6lvkJqFYb6s4oBcGI6BYea,,,
5260,playlists,,Ultra Black,"Nas, Hit-Boy",2020,https://open.spotify.com/track/2FYxTPKpCizmrHnvBI1r0K,,,
5261,playlists,,Cops Shot The Kid,"Nas, Kanye West",2018,https://open.spotify.com/track/1vi9adPJiD4d22ybGp25hy,,,
5262,playlists,,If I Ruled the World (Imagine That),"Nas, Ms. Lauryn Hill",2007,https://open.spotify.com/track/3IZLxPxgG1evWHg0QvcVKd,,,
5263,playlists,,Bonjour,"Nas, The WRLDFMS Tony Williams",2018,https://open.spotify.com/track/6w9lmWBgqzPQHNQo5KaORN,,,
5264,playlists,,Adam and Eve,"Nas, THE-DREAM",2018,https://open.spotify.com/track/0BSPhsCKfwENstErymcD80,,,
5265,playlists,,everything,"Nas, THE-DREAM, Kanye West",2018,https://open.spotify.com/track/3XaNHbNa9Chz9plhRpcaof,,,
5266,playlists,,Pocketful of Sunshine,Natasha Bedingfield,2007,https://open.spotify.com/track/1uigwk5hNV84zRd5YQQRTk,,,
5267,playlists,,Unwritten,Natasha Bedingfield,2004,https://open.spotify.com/track/3U5JVgI2x4rDyHGObzJfNf,,,
5268,playlists,,Hello Alien,Nathan Day,2022,https://open.spotify.com/track/4apqIevNZl1POiQccrGWls,,,
5269,playlists,,Feel Me Flow,Naughty By Nature,2005,https://open.spotify.com/track/5cKQS9890SpoU2DyqclNWG,,,
5270,playlists,,O.P.P. (Re-Recorded),Naughty By Nature,2011,https://open.spotify.com/track/4piae89WoVnwucdJzWrB7M,,,
5271,playlists,,Habits,NAV,2019,https://open.spotify.com/track/3KkWGDCb6byHjNYjxBihGK,,,
5272,playlists,,Hold Your Breath (feat. Gunna),"NAV, Gunna",2019,https://open.spotify.com/track/0nA2zH7QBV92QkSuwdCZbi,,,
5273,playlists,,Turks (feat. Travis Scott),"NAV, Gunna, Travis Scott",2020,https://open.spotify.com/track/0lSZh5W0wDeurkGzLYY6hf,,,
5274,playlists,,Never Sleep (with Lil Baby feat. Travis Scott),"NAV, Lil Baby, Travis Scott",2022,https://open.spotify.com/track/3GdWfmQBiiJrDUvSZS1bGv,,,
5275,playlists,,Dead Shot (with Lil Uzi Vert),"NAV, Lil Uzi Vert",2022,https://open.spotify.com/track/5CI4P97F6XAwK1kGnFYC0k,,,
5276,playlists,,Tap (feat. Meek Mill),"NAV, Meek Mill",2019,https://open.spotify.com/track/1xkMNjOFNCw3OCI7Gtjpjb,,,
5277,playlists,,Run It Up (feat. Pop Smoke),"NAV, Pop Smoke",2020,https://open.spotify.com/track/6LUE5WlMgrpLouGxzJAUVv,,,
5278,playlists,,Tussin (feat. Young Thug),"NAV, Young Thug",2019,https://open.spotify.com/track/28yESWw8HvQoZlyGpyH5Va,,,
5279,playlists,,She Knows,"Ne-Yo, Juicy J",2015,https://open.spotify.com/track/7seTcUFOhn5caSDbiSfsp0,,,
5280,playlists,,Coastin' (feat. Tk Kravitz),"Nebu Kiniza, TK Kravitz",2017,https://open.spotify.com/track/7LBU1h8q0kpzkQnipzzEZ4,,,
5281,playlists,,Better Days (NEIKED x Mae Muller x Polo G),"NEIKED, Mae Muller, Polo G",2021,https://open.spotify.com/track/6f5ExP43esnvdKPddwKXJH,,,
5282,playlists,,Sweet Caroline,Neil Diamond,1987,https://open.spotify.com/track/3298yRJKPcCndQdNiTZKIo,,,
5283,playlists,,Dumb Love,NEIL FRANCES,2017,https://open.spotify.com/track/2Al2n6ziP5XjIMZEL4laQj,,,
5284,playlists,,Falling for You,NEIL FRANCES,2021,https://open.spotify.com/track/7o8VEpWXIvvnDIQaXDHI8S,,,
5285,playlists,,It's like a dream,NEIL FRANCES,2022,https://open.spotify.com/track/6EJk6D8XbJsr6GjZp1XVT5,,,
5286,playlists,,Music Sounds Better with You,NEIL FRANCES,2017,https://open.spotify.com/track/1vMGIZbIkpaLSagdF2ygcV,,,
5287,playlists,,Teardrops,NEIL FRANCES,2018,https://open.spotify.com/track/3GdogCZTpPHBODiiEJbqQm,,,
5288,playlists,,Tuesday,NEIL FRANCES,2020,https://open.spotify.com/track/5LjKOTy2cNgmcmXVVMWGZe,,,
5289,playlists,,Hey Porsche,Nelly,2013,https://open.spotify.com/track/6QoxM9xgqazNPGF026CjpS,,,
5290,playlists,,Hot In Herre,Nelly,2002,https://open.spotify.com/track/04KTF78FFg8sOHC1BADqbY,,,
5291,playlists,,Just A Dream,Nelly,2010,https://open.spotify.com/track/3PfeAZbfD134dO6OiLDA2Y,,,
5292,playlists,,I'm Like A Bird,Nelly Furtado,2008,https://open.spotify.com/track/2ze7s5CrESggiWA3RpDYIy,,,
5293,playlists,,Maneater,Nelly Furtado,2006,https://open.spotify.com/track/4wH4dJgrsxONID6KS2tDQM,,,
5294,playlists,,Promiscuous,"Nelly Furtado, Timbaland",2006,https://open.spotify.com/track/2gam98EZKrF9XuOkU13ApN,,,
5295,playlists,,Ride Wit Me,"Nelly, City Spud",2000,https://open.spotify.com/track/0CsWcNbvTuSPBBwbx652od,,,
5296,playlists,,Nasty Girl,"Nelly, Diddy, Jagged Edge, Avery Storm",2005,https://open.spotify.com/track/2wDg3GkMpKCNuNLhRJ3ruj,,,
5297,playlists,,Make It Right,"Nessly, Joji",2018,https://open.spotify.com/track/75i46NeSscgcmzcWrs0GQK,,,
5298,playlists,,I Don’t Even Know You Anymore (feat. Bazzi & Lil Wayne),"Netsky, Bazzi, Lil Wayne",2019,https://open.spotify.com/track/5pzeevBDvU6GVXqUKoiYDX,,,
5299,playlists,,Summertime,New Kids On The Block,2008,https://open.spotify.com/track/6WZ7g8fpIXkf1ySWn3GA5O,,,
5300,playlists,,You Get What You Give,New Radicals,1998,https://open.spotify.com/track/1Cwsd5xI8CajJz795oy4XF,,,
5301,playlists,,Let's Get It,"NEZ, ScHoolboy Q",2022,https://open.spotify.com/track/1Lpl62qGlJaaojgGiJNVho,,,
5302,playlists,,Wild Youngster (feat. ScHoolboy Q),"NEZ, ScHoolboy Q",2020,https://open.spotify.com/track/7GhnLU0aAefqMgDWGGkBIk,,,
5303,playlists,,CASH COW,"NGHTMRE, Gunna",2019,https://open.spotify.com/track/56yyecUavZFNRc9W5t0P8O,,,
5304,playlists,,Sticky (feat. Childish Gambino & KIRBY),"Ni'jah, Childish Gambino, KIRBY",2023,https://open.spotify.com/track/14adSLAL6WgvwH5snRF3gs,,,
5305,playlists,,Rockstar,Nickelback,2005,https://open.spotify.com/track/3qoFdhS8hFq2m0v5pzAf0H,,,
5306,playlists,,Rockstar Sea Shanty,"Nickelback, The Lottery Winners",2021,https://open.spotify.com/track/7k2t5SM7IsgEtKtRK8V2sm,,,
5307,playlists,,2 Lit 2 Late Interlude,Nicki Minaj,2018,https://open.spotify.com/track/43RSiN5Os4MiYwj3fNVomY,,,
5308,playlists,,Barbie Dreams,Nicki Minaj,2018,https://open.spotify.com/track/6Poyf51k7W3NKnsGwAI90B,,,
5309,playlists,,Chun-Li,Nicki Minaj,2018,https://open.spotify.com/track/1e4rwBPVI32vZtTJu7mJ4J,,,
5310,playlists,,Come See About Me,Nicki Minaj,2018,https://open.spotify.com/track/2PiPXo7l8Vozdt9QZk1Lvw,Comé,city,medium
5311,playlists,,Ganja Burn,Nicki Minaj,2018,https://open.spotify.com/track/3LHYmz86DxGInsRp3wiiW5,Ganja,city,high
5312,playlists,,Good Form,Nicki Minaj,2018,https://open.spotify.com/track/19Fcrc0nJiwMKom00gS9SW,,,
5313,playlists,,Hard White,Nicki Minaj,2018,https://open.spotify.com/track/1hHbmfNfXIwHyHCYO8ae3I,,,
5314,playlists,,Inspirations Outro,Nicki Minaj,2018,https://open.spotify.com/track/2OsWux5YbFZcC1MSTkUh3G,,,
5315,playlists,,LLC,Nicki Minaj,2018,https://open.spotify.com/track/7CKR3FcBqSsGcgce0ECe1z,,,
5316,playlists,,Miami,Nicki Minaj,2018,https://open.spotify.com/track/1DfASEEKVByFKTgCArlkS5,Miami,city,high
5317,playlists,,Nip Tuck,Nicki Minaj,2018,https://open.spotify.com/track/3gTp4KG5WhiXUV3Q7OGBnD,,,
5318,playlists,,Red Ruby Da Sleeze,Nicki Minaj,2023,https://open.spotify.com/track/4ZYAU4A2YBtlNdqOUtc7T2,,,
5319,playlists,,Run & Hide,Nicki Minaj,2018,https://open.spotify.com/track/3yRtCntPrFnfYgiqn1He2o,,,
5320,playlists,,Starships,Nicki Minaj,2011,https://open.spotify.com/track/1oHNvJVbFkexQc0BpQp7Y4,,,
5321,playlists,,Super Bass,Nicki Minaj,2010,https://open.spotify.com/track/3hlksXnvbKogFdPbpO9vel,,,
5322,playlists,,Super Freaky Girl,Nicki Minaj,2022,https://open.spotify.com/track/4C6Uex2ILwJi9sZXRdmqXp,,,
5323,playlists,,"Familia (with Anuel Aa, feat. Bantu) - Spider-Man: Into the Spider-Verse","Nicki Minaj, Anuel AA, Bantu",2018,https://open.spotify.com/track/4Uy3kNxW2kB8AEoXljEcth,,,
5324,playlists,,Bed (feat. Ariana Grande),"Nicki Minaj, Ariana Grande",2018,https://open.spotify.com/track/3L4GsGLgxpHieVQH86H8bv,,,
5325,playlists,,Seeing Green (with Drake & Lil Wayne),"Nicki Minaj, Drake, Lil Wayne",2021,https://open.spotify.com/track/1TZv3bujNaYz646eezRE91,,,
5326,playlists,,Truffle Butter,"Nicki Minaj, Drake, Lil Wayne",2015,https://open.spotify.com/track/3keUgTGEoZJt0QkzTB6kHg,,,
5327,playlists,,Only,"Nicki Minaj, Drake, Lil Wayne, Chris Brown",2014,https://open.spotify.com/track/4MRT0dDbhqFKl67WzhUbSw,,,
5328,playlists,,We Go Up (feat. Fivio Foreign) - Extended,"Nicki Minaj, Fivio Foreign",2022,https://open.spotify.com/track/1lF8NaFDcGlxTUk4gWBusC,,,
5329,playlists,,Coco Chanel (feat. Foxy Brown),"Nicki Minaj, Foxy Brown",2018,https://open.spotify.com/track/5NjcvFJsahRqqSvNvTVJX4,,,
5330,playlists,,Sir (feat. Future),"Nicki Minaj, Future",2018,https://open.spotify.com/track/3ig3X70suAwUn4oDnQaMru,,,
5331,playlists,,Barbie World (with Aqua) [From Barbie The Album],"Nicki Minaj, Ice Spice, Aqua",2023,https://open.spotify.com/track/741UUVE2kuITl0c6zuqqbO,,,
5332,playlists,,Majesty (with Labrinth & feat. Eminem),"Nicki Minaj, Labrinth, Eminem",2018,https://open.spotify.com/track/38TgLPNHsPzgqri5G4SPun,,,
5333,playlists,,Bussin,"Nicki Minaj, Lil Baby",2022,https://open.spotify.com/track/7lcI4X8RZxK4zIknJcwpBq,,,
5334,playlists,,Do We Have A Problem?,"Nicki Minaj, Lil Baby",2022,https://open.spotify.com/track/1PNs0uGru3TcrA94kpyGnc,,,
5335,playlists,,Rich Sex (feat. Lil Wayne),"Nicki Minaj, Lil Wayne",2018,https://open.spotify.com/track/2D1MK9oaxy7axXggy3iVbp,,,
5336,playlists,,Chun Swae (feat. Swae Lee),"Nicki Minaj, Swae Lee",2018,https://open.spotify.com/track/03It1uO69CjGWP3yyVe465,,,
5337,playlists,,Thought I Knew You (feat. The Weeknd),"Nicki Minaj, The Weeknd",2018,https://open.spotify.com/track/5vAEnWrHxLv78uwZrAJcX6,,,
5338,playlists,,Techno Crari,Nico Moreno,2021,https://open.spotify.com/track/6EBr7RwRlXUFFRbUEyXk3g,,,
5339,playlists,,Alone,Night Lovell,2020,https://open.spotify.com/track/7CwPDvjGUUyPSJK8HudIlO,,,
5340,playlists,,Barbie Doll,Night Lovell,2016,https://open.spotify.com/track/20HyRkNuZ8yA3erFummr2T,,,
5341,playlists,,Bottom Top,Night Lovell,2021,https://open.spotify.com/track/6W8gdU3DZdADru7TB4Kdfz,,,
5342,playlists,,Dark Light,Night Lovell,2014,https://open.spotify.com/track/7Cye3UbCA6UNuDykdCf3AB,,,
5343,playlists,,I Heard You Were Looking For Me,Night Lovell,2020,https://open.spotify.com/track/3dGrpNNzlT2iD89KK3cQT2,,,
5344,playlists,,Still Cold / Pathway Private,Night Lovell,2016,https://open.spotify.com/track/6oBL8TdQHEO7jeEdqECg37,,,
5345,playlists,,drifting,Night Tapes,2023,https://open.spotify.com/track/2YuySJd7C2aoBarBP8OvzR,,,
5346,playlists,,Heavy (with Lil Uzi Vert),"Nigo, Lil Uzi Vert",2022,https://open.spotify.com/track/02WDt2eCNOU2mt0DF5w678,,,
5347,playlists,,Gay Nigga Hours,"Nigpro, Hydracoque",2017,https://open.spotify.com/track/4eoeK3bAV2461TawB8VZq9,,,
5348,playlists,,Hips (feat. Mougleta),"NIIKO X SWAE, No Thanks, Mougleta",2024,https://open.spotify.com/track/23OPjP0JETA5Dk34vsUfsJ,,,
5349,playlists,,I Only Smoke When I Drink,nimino,2024,https://open.spotify.com/track/39glDGcpBhLVMSsQhvtqHR,,,
5350,playlists,,iPod Touch,Ninajirachi,2025,https://open.spotify.com/track/3pkXNBtkg8E2xRAKrnu43s,,,
5351,playlists,,Fuck My Computer - Frost Children Remix,"Ninajirachi, Frost Children",2025,https://open.spotify.com/track/4msZzTP3dJlqmHRhUb4v3f,,,
5352,playlists,,WannaCry,"Ninajirachi, Porter Robinson",2026,https://open.spotify.com/track/7JW8FRWVCOQDs40IjEXdPi,,,
5353,playlists,,Absolutely (Story of a Girl) - Radio Mix,Nine Days,2000,https://open.spotify.com/track/3mNecsYFb6LQg7822DPXCP,,,
5354,playlists,,California Water,"Nipsey Hussle, Big Lean",2015,https://open.spotify.com/track/000JCyEkMFumqCZQJAORiQ,California,us_state,high
5355,playlists,,My Body,NIVEK,2023,https://open.spotify.com/track/2yVKsNJV5pEPNidniZWyaq,,,
5356,playlists,,In the Shadow of Life,Niyaz,2016,https://open.spotify.com/track/5UhZ7o8Smtx6NVEodGCJSb,,,
5357,playlists,,Cindy OsO (feat. mOrimOtO),NNAMDÏ,2017,https://open.spotify.com/track/2JUT7JlRsmwFDwSjfJwHlV,,,
5358,playlists,,dOn't turn me Off (feat. JD AKA ThrashKitten & Mal Devisa),NNAMDÏ,2017,https://open.spotify.com/track/2Tx8psh8JQhjkDlC0nwyFl,,,
5359,playlists,,drOOl//drink that (Prod. By Liz),NNAMDÏ,2017,https://open.spotify.com/track/3A6mGyogfKNX6QJTwx0CR2,,,
5360,playlists,,hOney On the lOw (feat. mOlly MallOy),NNAMDÏ,2017,https://open.spotify.com/track/71oERwp30AIIJaTOWUbYtT,,,
5361,playlists,,hOp Off,NNAMDÏ,2017,https://open.spotify.com/track/5RvVj23Ogrenx452koJuHi,,,
5362,playlists,,HWT // nO nEeD,NNAMDÏ,2017,https://open.spotify.com/track/1rA1kacZPleo66lFaPcOMp,,,
5363,playlists,,iVyTRA,NNAMDÏ,2017,https://open.spotify.com/track/3Sf71cr3NSyuD83QsM23dH,,,
5364,playlists,,let gO Of my egO,NNAMDÏ,2017,https://open.spotify.com/track/2vMqCpWoYPzRlDBnhAAc08,,,
5365,playlists,,Me 4 Me,NNAMDÏ,2017,https://open.spotify.com/track/3DXEGH4MrMJeY6m1vKqV3u,,,
5366,playlists,,N0TICE,NNAMDÏ,2017,https://open.spotify.com/track/2DdqIYFaEvHj0QnJE9PSee,,,
5367,playlists,,nO drOOl,NNAMDÏ,2017,https://open.spotify.com/track/7H2OARXrBAuDl74xND0l6Y,,,
5368,playlists,,sHOULD hAvE kNOwN,NNAMDÏ,2017,https://open.spotify.com/track/1K5E4XSQORK2DfeXp0liK9,,,
5369,playlists,,Think That Way (feat. Julia Steiner),NNAMDÏ,2017,https://open.spotify.com/track/1piueFt6QkWwNtQcGaDUnJ,,,
5370,playlists,,Hella Good,No Doubt,2003,https://open.spotify.com/track/1CsUH29MaAIMbfGh4FEG4w,,,
5371,playlists,,It's My Life,No Doubt,2003,https://open.spotify.com/track/2fOxxLz9JVe53itq6pfBak,,,
5372,playlists,,Just A Girl,No Doubt,1995,https://open.spotify.com/track/5lWRaa0fBxDE5yU91npPq7,,,
5373,playlists,,Take Me to Your Home,No Money Kids,2017,https://open.spotify.com/track/6XGnom5L3JiKGDHtB0hxBM,,,
5374,playlists,,Dræm Girl,No Vacation,2015,https://open.spotify.com/track/6lbLn5iL2NBJnbib7bTXMn,,,
5375,playlists,,Lovefool,No Vacation,2015,https://open.spotify.com/track/3dmsgudsfeGdQ9NsZFOm0C,,,
5376,playlists,,Yam Yam,No Vacation,2017,https://open.spotify.com/track/7kyiHjkFdmHcYcIJtFAdaF,,,
5377,playlists,,Grown Up,No Wyld,2016,https://open.spotify.com/track/0CV8u1K2Q4nhBvqqTWykw4,,,
5378,playlists,,Again (feat. XXXTENTACION),"Noah Cyrus, XXXTENTACION",2017,https://open.spotify.com/track/2S2od3hT7ceytw7d1pTRuE,,,
5379,playlists,,Coming For Ya - Streaming Edit,nocapz.,2024,https://open.spotify.com/track/51FomhFxPpoc8SPgc0Btp1,,,
5380,playlists,,"Dead In The Water - Live At RTÉ 2FM Studios, Dublin",Noel Gallagher's High Flying Birds,2017,https://open.spotify.com/track/23lfArJqIQYpPFGzbZaFqa,,,
5381,playlists,,Gutterpunk (feat. Bex Riley) (Mason Remix),"Noisia, Bex Riley, Mason",2008,https://open.spotify.com/track/1rssfqsXkOb8HsCtoWWmTn,,,
5382,playlists,,Vent,NOIT,2024,https://open.spotify.com/track/4yMXKeuRDOIzrh3fBiJYds,,,
5383,playlists,,Baby Baby,Noizu,2019,https://open.spotify.com/track/2fMtXRKJDPtT8Xs4EJkBQh,,,
5384,playlists,,Moon Groove,Noizu,2022,https://open.spotify.com/track/0TAIIxetpsMUEPOHZkQO9J,,,
5385,playlists,,Blaxploitation,Noname,2018,https://open.spotify.com/track/1XiKRU9Dg7QPlGRSWbfXgo,,,
5386,playlists,,Don't Forget About Me,Noname,2018,https://open.spotify.com/track/5bXwm2RRXbyDvCKE9VkSLU,,,
5387,playlists,,Intro -Skit,noname,2016,https://open.spotify.com/track/5gtGtS2R22akVufzCThoAN,,,
5388,playlists,,Probation,noname,2016,https://open.spotify.com/track/63Fik2AmjZA4p0ER7iosBZ,,,
5389,playlists,,R&C,noname,2016,https://open.spotify.com/track/0SeBuySV4saYzwFnK9TcMu,,,
5390,playlists,,Regal,Noname,2018,https://open.spotify.com/track/45wUgd2iiEwvquVT3xcNDA,,,
5391,playlists,,Self,Noname,2018,https://open.spotify.com/track/2wUnFLr2k5491Pv4cUYd83,,,
5392,playlists,,Song 32,Noname,2019,https://open.spotify.com/track/0EgmhYPgButfoBvtnidyR0,,,
5393,playlists,,With You,Noname,2018,https://open.spotify.com/track/2FyPSCjAed2BEipHi0QLZk,,,
5394,playlists,,YDKM,noname,2016,https://open.spotify.com/track/62qdV0QnSyc3vcfXQJQkTb,,,
5395,playlists,,Prayer Song,"Noname, Adam Ness",2018,https://open.spotify.com/track/50yYKk1o3W8Tp7skWT2AKv,,,
5396,playlists,,IM LIT,"noname, Casino Blacc, Rayan",2016,https://open.spotify.com/track/3020NLmbV7zqJySU5BCFoG,,,
5397,playlists,,Juana Man,"noname, Frank Mulla",2016,https://open.spotify.com/track/7bI2iO27iffwrGsx9teNGm,,,
5398,playlists,,Young & Old,"noname, Frank Mulla",2016,https://open.spotify.com/track/22UEjKSjkx73gNnpWy4uvq,,,
5399,playlists,,Window,"Noname, Phoelix",2018,https://open.spotify.com/track/2wTGE01CrlTOH4naE9OGCE,,,
5400,playlists,,Part Of Me,"Noname, Phoelix, Benjamin Earl Turner",2018,https://open.spotify.com/track/3XSHyuem7nf5GQzeScCu8S,,,
5401,playlists,,Montego Bae,"Noname, Ravyn Lenae",2018,https://open.spotify.com/track/1g2mY3SYKNI90COS9x8dgB,,,
5402,playlists,,Better With Time,"noname, Rayan, Meeks",2016,https://open.spotify.com/track/6hPihMFXudcsUScVGDOtHf,,,
5403,playlists,,OMO,"noname, Sean",2016,https://open.spotify.com/track/6J79PvuTS6sWlkkQ5uBUuP,,,
5404,playlists,,Thank God / I Made It,"noname, Sean",2016,https://open.spotify.com/track/0mu1Cn6Y0rhxBM6s9WzliL,,,
5405,playlists,,Put In Work,"noname, Sean, Casino Blacc",2016,https://open.spotify.com/track/10pTEXuRpodvA4SFSAgtj7,,,
5406,playlists,,Ace,"Noname, Smino, Saba",2018,https://open.spotify.com/track/2jlVsVNu7aL9OjxyJwYZF5,,,
5407,playlists,,no name,"Noname, Yaw, Adam Ness",2018,https://open.spotify.com/track/6i8ipO7mcVtmuNCa1uCGk9,,,
5408,playlists,,Dedication Prayers,Nuns of Thupton Chöling,2016,https://open.spotify.com/track/3JFbTrkd8tSmTDdbofeE7k,,,
5409,playlists,,86Sentra,"NxWorries, Anderson .Paak, Knxwledge",2024,https://open.spotify.com/track/0CBPxBZNCCBC5k1eBRVgYH,,,
5410,playlists,,Battlefield,"NxWorries, Anderson .Paak, Knxwledge",2024,https://open.spotify.com/track/36GWtBcdwjL6XlVe3XhroD,,,
5411,playlists,,Daydreaming,"NxWorries, Anderson .Paak, Knxwledge",2023,https://open.spotify.com/track/6qqq5zPYV7U4UsKnGC82tw,,,
5412,playlists,,How You Live It (feat. Joey Bada$$),"Nyck Caution, Joey Bada$$",2020,https://open.spotify.com/track/6dW64vFw23XYoPihztXZuv,,,
5413,playlists,,Back To You (feat. Chris Brown & Charlie Wilson),"O.T. Genasis, Chris Brown, Charlie Wilson",2020,https://open.spotify.com/track/5Iz8xVGbOEWlLpM4JWozT2,,,
5414,playlists,,Live Forever,Oasis,1994,https://open.spotify.com/track/5IfBLN9VPPJOwcKmAZhdXe,,,
5415,playlists,,Love Balloon,Ocean Alley,2025,https://open.spotify.com/track/4XvO443Fegm0qj3FWjNFoI,,,
5416,playlists,,Build,Octavian,2018,https://open.spotify.com/track/21yUes9kjvFDgeoqzvwP2a,,,
5417,playlists,,Don't Cry,Octavian,2018,https://open.spotify.com/track/0b19xCu8nTHePbjgSQx6hd,,,
5418,playlists,,Here Is Not Safe,Octavian,2018,https://open.spotify.com/track/3WjIpl2c9qB3fGIZyFk53n,,,
5419,playlists,,Lightning,Octavian,2018,https://open.spotify.com/track/16o7CLWIzn2Gk73exzGdjC,,,
5420,playlists,,Move Faster,Octavian,2018,https://open.spotify.com/track/5yej3zGj7880FZ3xMsyDnS,,,
5421,playlists,,Revenge,Octavian,2018,https://open.spotify.com/track/2OkzRJSKcmxGxpojNn6ybG,,,
5422,playlists,,Scared,Octavian,2018,https://open.spotify.com/track/6HBN1s4URnoZ24zPqV5BOp,,,
5423,playlists,,Stand Down,Octavian,2018,https://open.spotify.com/track/3UnwituoXCsgL3H6ls7IdT,,,
5424,playlists,,This Is My World,Octavian,2018,https://open.spotify.com/track/5lFORdHIJoDhOfYf6dqgNB,,,
5425,playlists,,You See It?,Octavian,2018,https://open.spotify.com/track/0q377qleCERw7YwbodJkkH,,,
5426,playlists,,Lit (feat. A$AP Ferg),"Octavian, A$AP Ferg",2019,https://open.spotify.com/track/4OCuHoCvatMsnD5VITttCs,,,
5427,playlists,,Think Twice (feat. A2),"Octavian, A2",2018,https://open.spotify.com/track/54W2iI5fTcDhAZ5zxg1M2S,,,
5428,playlists,,Famous,"Octavian, Gunna, SAINt JHN",2020,https://open.spotify.com/track/4fRLdKddgF9HlNqOqLAUWl,,,
5429,playlists,,Sleep (feat. Krimbo),"Octavian, Krimbo",2018,https://open.spotify.com/track/2znkjx1K2QHHGAQi4svTGI,,,
5430,playlists,,Break That (feat. Suspect),"Octavian, Suspect OTB",2018,https://open.spotify.com/track/25niAD6a8Z4qlFQJ4p8rxJ,,,
5431,playlists,,54321 (feat. Swift),"Octavian, Swift",2018,https://open.spotify.com/track/4mM03UEHBTw3bu9VZVn73p,,,
5432,playlists,,Give You,Odd Mob,2023,https://open.spotify.com/track/2VQ2S7Qay7pXy6QqEc7cg8,,,
5433,playlists,,Tell Me What You Want,"Oden & Fatzo, Poppy Baskcomb",2024,https://open.spotify.com/track/6MRUQNjaUud1TiFBRV8HNq,,,
5434,playlists,,BREAK A NECK (w/ Ayesha Erotica),"Odetari, Ayesha Erotica",2024,https://open.spotify.com/track/0hmd7it20lGXWfNPOUcYUp,,,
5435,playlists,,Miss Summer,ODIE,2020,https://open.spotify.com/track/58VNpcJpI5dEKxYByCkbXc,,,
5436,playlists,,Slowly,ODIE,2020,https://open.spotify.com/track/3GGhyTPYDufku46UtvLTPi,,,
5437,playlists,,Trance Dance,ODIE,2017,https://open.spotify.com/track/3iGxtTIbGtUJVMbnHyaPMM,,,
5438,playlists,,Crystals,Of Monsters and Men,2015,https://open.spotify.com/track/59yvXUFVjsaZQsDs09T7eA,,,
5439,playlists,,54321,Offset,2022,https://open.spotify.com/track/0iPb0dxCtjFcmFa2ElfBJ5,,,
5440,playlists,,After Dark,Offset,2019,https://open.spotify.com/track/1taKClbaJhl9FXdtM4hNBe,,,
5441,playlists,,BIG DAWG,Offset,2023,https://open.spotify.com/track/28wtiGfwWVdxbZDW52S3kz,,,
5442,playlists,,Came A Long Way,Offset,2019,https://open.spotify.com/track/1X5F8qFnvUe4sYmIqowEkB,,,
5443,playlists,,Don't Lose Me,Offset,2019,https://open.spotify.com/track/71Hr2rAhEI92BSpFYbzNN7,,,
5444,playlists,,Lick,Offset,2019,https://open.spotify.com/track/4W9XGjEUVG9junR70FOLii,,,
5445,playlists,,Made Men,Offset,2019,https://open.spotify.com/track/7vkL4wrBEmzr1wsiWRd1zO,,,
5446,playlists,,ON THE RIVER,Offset,2023,https://open.spotify.com/track/1aLpfH1M7Y4ZngOmSiHk0l,,,
5447,playlists,,Red Room,Offset,2019,https://open.spotify.com/track/4TWflhgevIGo448fWc6mQq,,,
5448,playlists,,Tats On My Face,Offset,2019,https://open.spotify.com/track/4TzXqUIcdpAmre24puQ6Uu,,,
5449,playlists,,Underrated,Offset,2019,https://open.spotify.com/track/1vf9F2n3KbuMQrTq36QLJH,,,
5450,playlists,,Father Of 4 (feat. Big Rube),"Offset, Big Rube",2019,https://open.spotify.com/track/57QievAWQ13DWl20Obiz8E,,,
5451,playlists,,Clout (feat. Cardi B),"Offset, Cardi B",2019,https://open.spotify.com/track/59ywHNwwchG4nZJMLyxSzd,,,
5452,playlists,,JEALOUSY (feat. Cardi B),"Offset, Cardi B",2023,https://open.spotify.com/track/73S4fsK22WH929PLFNYgOj,,,
5453,playlists,,North Star (feat. CeeLo Green),"Offset, CeeLo Green",2019,https://open.spotify.com/track/47Ad1NzqPuUFbCIURd94Oj,,,
5454,playlists,,Quarter Milli (feat. Gucci Mane),"Offset, Gucci Mane",2019,https://open.spotify.com/track/36YZKsGtyzblj9fGYKtR7H,,,
5455,playlists,,Wild Wild West (feat. Gunna),"Offset, Gunna",2019,https://open.spotify.com/track/0SQ8yalm13UIJuebuZkQlH,Wild West,region,high
5456,playlists,,How Did I Get Here (feat. J. Cole),"Offset, J. Cole",2019,https://open.spotify.com/track/32iPykTXUNZ9oGyACGUybq,,,
5457,playlists,,Bodies,"Offset, JID",2025,https://open.spotify.com/track/4zhdSsssstuVDXyGDb3pYi,,,
5458,playlists,,Run It Up (feat. Key Glock),"Offset, Key Glock",2025,https://open.spotify.com/track/73EKQrgYNVwOaKdwh5a1PV,,,
5459,playlists,,Ric Flair Drip (with Metro Boomin),"Offset, Metro Boomin",2017,https://open.spotify.com/track/7sO5G9EABYOXQKNPNiE9NR,,,
5460,playlists,,CODE (feat. Moneybagg Yo),"Offset, Moneybagg Yo",2022,https://open.spotify.com/track/5uVW9FWVaQde0lfF4hYs4C,,,
5461,playlists,,On Fleek (feat. Quavo),"Offset, Quavo",2019,https://open.spotify.com/track/2NlsAcYlLgkDhnhA9Sx6HA,,,
5462,playlists,,SAY MY GRACE (feat. Travis Scott),"Offset, Travis Scott",2023,https://open.spotify.com/track/2Gk6fi0dqt91NKvlzGsmm7,,,
5463,playlists,,Legacy (feat. Travis Scott & 21 Savage),"Offset, Travis Scott, 21 Savage",2019,https://open.spotify.com/track/7pMRoGLEJuFM2wl5pt0R99,,,
5464,playlists,,Limoncello,"OG DAYV, Future",2022,https://open.spotify.com/track/3y69a6CepJM4Z4tVTNiyv7,,,
5465,playlists,,No Fuss,"OG Parker, PARTYNEXTDOOR",2022,https://open.spotify.com/track/7BAreLM0Yif723pgS8Kydl,,,
5466,playlists,,Got Your Money (feat. Kelis),"Ol' Dirty Bastard, Kelis",1999,https://open.spotify.com/track/6YYd5MLpu45J0uLrMdivF7,,,
5467,playlists,,Chernobyl,Oliver Francis,2018,https://open.spotify.com/track/7KmaqxaakNs8frMSc4a0Bc,Chernobyl,landmark,high
5468,playlists,,Infinity Boy,Oliver Francis,2018,https://open.spotify.com/track/3TbHtukpLFSB6CQfjAwYvX,,,
5469,playlists,,Ozzy,Oliver Francis,2018,https://open.spotify.com/track/4AGa4lQd1DLMfTFMwnvi68,,,
5470,playlists,,SpaceX,Oliver Francis,2018,https://open.spotify.com/track/5wUBBOrY3nsINuVD6hm4RE,,,
5471,playlists,,Carl Edwards (feat. Big Baby Scumbag),"Oliver Francis, Big Baby Scumbag",2018,https://open.spotify.com/track/6THpV6PIsiD8Uw0nnfcbdd,,,
5472,playlists,,Switched Up,Oliver Malcolm,2020,https://open.spotify.com/track/2qtJUSJmPz5mkVhFHrtCd7,,,
5473,playlists,,Hurt,Oliver Tree,2019,https://open.spotify.com/track/6ws029JdM7CyhLgxto9MSU,,,
5474,playlists,,Movement,Oliver Tree,2018,https://open.spotify.com/track/4OLI1dUkU9GFHm3IUgChaf,,,
5475,playlists,,Life Goes On (feat. Trippie Redd & Ski Mask The Slump God),"Oliver Tree, Trippie Redd, Ski Mask The Slump God",2021,https://open.spotify.com/track/07ShpyCaAqfCseA3fWFFMY,,,
5476,playlists,,So Easy (To Fall In Love),Olivia Dean,2025,https://open.spotify.com/track/6sGIMrtIzQjdzNndVxe397,,,
5477,playlists,,Erase,Omar Apollo,2018,https://open.spotify.com/track/4luBGXcgpFQPPAtcF4zEdv,,,
5478,playlists,,Killing Me,Omar Apollo,2022,https://open.spotify.com/track/5BhK8Mho223YLPQOLfzWNP,,,
5479,playlists,,Hit Me Up,"Omar Apollo, Dominic Fike, Kenny Beats",2019,https://open.spotify.com/track/0Lhy1sDDdtUFY2pyq2ZVi9,,,
5480,playlists,,Want U Around (feat. Ruel),"Omar Apollo, Ruel",2020,https://open.spotify.com/track/5vprsDWNcHMEMH95sbJkH2,,,
5481,playlists,,Post to Be (feat. Chris Brown & Jhene Aiko),"Omarion, Chris Brown, Jhené Aiko",2014,https://open.spotify.com/track/6p5abLu89ZSSpRQnbK9Wqs,,,
5482,playlists,,Cheerleader - Felix Jaehn Remix Radio Edit,OMI,2015,https://open.spotify.com/track/023OVLNzXhX0j7CxswUt6D,,,
5483,playlists,,Armed & Dangerous,"Oppidan, Cutty Ranks",2024,https://open.spotify.com/track/4qJzVJ3QzvYq6PrahkUlAI,,,
5484,playlists,,Holograms,Oscar Key Sung,2014,https://open.spotify.com/track/256nhI7uYx0KpzDsUaBcnS,,,
5485,playlists,,If You Wanna Stay,"OSWALD, Jaden",2019,https://open.spotify.com/track/6fRLFyPnRLIEC7Ll2HROAW,,,
5486,playlists,,Hey Ya!,Outkast,2003,https://open.spotify.com/track/2PpruBYCo4H7WOBJ7Q2EwM,,,
5487,playlists,,Ms. Jackson,Outkast,2000,https://open.spotify.com/track/0I3q5fE6wg7LIfHGngUTnV,Jackson,city,medium
5488,playlists,,Player's Ball,Outkast,1994,https://open.spotify.com/track/1RXEb6UTxJ05RffnAWfUOE,,,
5489,playlists,,Rosa Parks,Outkast,1998,https://open.spotify.com/track/0shK5iZQppbHPQYiy60xs9,,,
5490,playlists,,Roses,Outkast,2003,https://open.spotify.com/track/6bUNEbXT7HovLW6BgPCBsb,,,
5491,playlists,,"So Fresh, So Clean",Outkast,2000,https://open.spotify.com/track/6glsMWIMIxQ4BedzLqGVi4,,,
5492,playlists,,After The Rain,Overmono,2026,https://open.spotify.com/track/0rclr5nd7iwF4rJTYRLlJq,,,
5493,playlists,,Cold Blooded,Overmono,2023,https://open.spotify.com/track/6ULPq2iNWiykHX1acI2SGn,,,
5494,playlists,,Is U,Overmono,2023,https://open.spotify.com/track/4Z3RGx7Be5plLoIw7i83wX,,,
5495,playlists,,So U Kno,Overmono,2021,https://open.spotify.com/track/2oduSSwaKsqkOJssJo9Gxd,,,
5496,playlists,,Fireflies,Owl City,2016,https://open.spotify.com/track/3ScZLVIawHHnjwZLDzEsem,,,
5497,playlists,,Polo Fendi,"Ozer, Scion Rae",2021,https://open.spotify.com/track/5gmqIUiSsnADV8bpOKFX0H,,,
5498,playlists,,Crazy Train - 2002 Version,Ozzy Osbourne,2003,https://open.spotify.com/track/2yEcS5L2x98hPVjRn5TVnN,,,
5499,playlists,,Get the Party Started,P!nk,2001,https://open.spotify.com/track/02jcEwywffn3Tsb48fXmlW,,,
5500,playlists,,Raise Your Glass,P!nk,2010,https://open.spotify.com/track/1gv4xPanImH17bKZ9rOveR,,,
5501,playlists,,Just Give Me a Reason (feat. Nate Ruess),"P!nk, Nate Ruess",2012,https://open.spotify.com/track/1mKXFLRA179hdOWQBwUk9e,,,
5502,playlists,,same squad,P-Lo,2018,https://open.spotify.com/track/5tcfvFZzka79EAoekcuusU,,,
5503,playlists,,Let You Go,Paccu,2022,https://open.spotify.com/track/4ludhkUxZyvwE3LooO37p9,,,
5504,playlists,,Price,PALASTIC,2022,https://open.spotify.com/track/7jNnW7e1prkMtR7EKsTElp,,,
5505,playlists,,Under The Magnolia Tree,Pale Jay,2021,https://open.spotify.com/track/3taMsBBraU23lStSSq3QuH,,,
5506,playlists,,Bohemian Rhapsody,Panic! At The Disco,2016,https://open.spotify.com/track/2YSbHu9XF4bNYWt3MnIhgE,,,
5507,playlists,,Gucci Bucket Hat,"Pap Chanel, Future, Herion Young",2020,https://open.spotify.com/track/0DaMA9Qeod1l8d6kmEq4Ay,,,
5508,playlists,,Language,"Paperboy Fabe, Brent Faiyaz",2017,https://open.spotify.com/track/4RnvS1tmh1ERhjXX6dxv95,,,
5509,playlists,,Thought I Was Gonna Stop,"Papoose, Lil Wayne",2021,https://open.spotify.com/track/2UfOGfV5bSpNAbhdkS9Jnk,,,
5510,playlists,,Ain't It Fun,Paramore,2013,https://open.spotify.com/track/1j8z4TTjJ1YOdoFEDwJTQa,,,
5511,playlists,,Hard Times,Paramore,2017,https://open.spotify.com/track/0w5Bdu51Ka25Pf3hojsKHh,,,
5512,playlists,,Misery Business,Paramore,2007,https://open.spotify.com/track/6SpLc7EXZIPpy0sVko0aoU,,,
5513,playlists,,Gamesofluck,Parcels,2016,https://open.spotify.com/track/0rdWkO7ncrh1lrJGDmLq9L,,,
5514,playlists,,Overnight,Parcels,2017,https://open.spotify.com/track/0hhXziDUO0wNYPsstDQWN6,,,
5515,playlists,,Sorry,Parcels,2025,https://open.spotify.com/track/02KWhwsDjIX8ZXgBgK9kOP,,,
5516,playlists,,Tieduprightnow,Parcels,2018,https://open.spotify.com/track/66tkDkPsznE5zIHNt4QkXB,,,
5517,playlists,,Yougotmefeeling,Parcels,2025,https://open.spotify.com/track/5tUgNChqKSz7ezdwtP9juP,,,
5518,playlists,,BULLET MAN,Paris Texas,2023,https://open.spotify.com/track/1xscJ2dRvxgJhB8V10EqZn,,,
5519,playlists,,girls like drugs,Paris Texas,2021,https://open.spotify.com/track/0eXkUXr4wJ3Orruk8S1cpW,,,
5520,playlists,,K On My D + C,"Partiboi69, Juicy Romance",2021,https://open.spotify.com/track/3r4S22VWkg8wTpLSicsQnQ,Washington D.C.,city,high
5521,playlists,,Bap U,Party Favor,2014,https://open.spotify.com/track/4Ijr3J0lnLCGZvpXBiqCjU,,,
5522,playlists,,1942,PARTYNEXTDOOR,2016,https://open.spotify.com/track/3dxXNJy4B6hcazCBKJ42uP,,,
5523,playlists,,Break from Toronto,PARTYNEXTDOOR,2013,https://open.spotify.com/track/79MSEdtXuudhGhC5AtG07g,Toronto,city,high
5524,playlists,,Brown Skin,PARTYNEXTDOOR,2016,https://open.spotify.com/track/3xLsuELq0Rm4Qpz4VZkvYf,,,
5525,playlists,,Don't Know How,PARTYNEXTDOOR,2016,https://open.spotify.com/track/05GvhIvS56t5EBoG8YtyCK,,,
5526,playlists,,Don't Run,PARTYNEXTDOOR,2016,https://open.spotify.com/track/5YNxFyvOD52PfaZhdhHnED,,,
5527,playlists,,High Hopes,PARTYNEXTDOOR,2016,https://open.spotify.com/track/59m53E3AYkXCJhxXwstSHQ,,,
5528,playlists,,Joy,PARTYNEXTDOOR,2016,https://open.spotify.com/track/3m1wrL5vw396DIdRqD18mr,,,
5529,playlists,,Nobody,PARTYNEXTDOOR,2016,https://open.spotify.com/track/19aefyYASMYoD5Wee3Rrq0,,,
5530,playlists,,Not Nice,PARTYNEXTDOOR,2016,https://open.spotify.com/track/4STaHtfguDMkWbPEo6Fwcx,,,
5531,playlists,,Nothing Easy to Please,PARTYNEXTDOOR,2016,https://open.spotify.com/track/59NdUkl9DPh7JUST60pGQQ,,,
5532,playlists,,Only U,PARTYNEXTDOOR,2016,https://open.spotify.com/track/4SXZRbnd5oBMRjvwLr0FkZ,,,
5533,playlists,,Problems & Selfless,PARTYNEXTDOOR,2016,https://open.spotify.com/track/2V8DlQF27d4GKlHOrJ3gqd,,,
5534,playlists,,R e a l W o m a n,PARTYNEXTDOOR,2024,https://open.spotify.com/track/5bhDnM1VMFDTs3urFBq4Na,,,
5535,playlists,,R e s e n t m e n t,PARTYNEXTDOOR,2023,https://open.spotify.com/track/4HISFDmENrT1reZ5nMUe4l,,,
5536,playlists,,Right Now,PARTYNEXTDOOR,2013,https://open.spotify.com/track/7Dx08NB4kG5k7xW3iRc5nM,,,
5537,playlists,,SAVAGE ANTHEM,PARTYNEXTDOOR,2020,https://open.spotify.com/track/2BwTTHpaBZ9DuARYrIccyh,,,
5538,playlists,,Sex on the Beach,PARTYNEXTDOOR,2014,https://open.spotify.com/track/5LiQ64tjVA70LNTC7XhK9e,,,
5539,playlists,,Spiteful,PARTYNEXTDOOR,2016,https://open.spotify.com/track/30GBf7t7f4bQjq5HdVwGfj,,,
5540,playlists,,SPLIT DECISION,PARTYNEXTDOOR,2020,https://open.spotify.com/track/1qSvHT5TtWggAuGVWEFKo8,,,
5541,playlists,,Temptations,PARTYNEXTDOOR,2016,https://open.spotify.com/track/5TvTBGLTKSwxL97GQhxaq6,,,
5542,playlists,,THE NEWS,PARTYNEXTDOOR,2019,https://open.spotify.com/track/5A3TwAmhxbQ1qZCJ8N2H8C,,,
5543,playlists,,Transparency,PARTYNEXTDOOR,2016,https://open.spotify.com/track/5SBUVRyIEV3sswdEZbsmvf,,,
5544,playlists,,Wus Good / Curious,PARTYNEXTDOOR,2013,https://open.spotify.com/track/2ekdnv2xVIyAdG3ySoDDeY,,,
5545,playlists,,You've Been Missed,PARTYNEXTDOOR,2016,https://open.spotify.com/track/7whQ16ksO0n8HlgkB2YwB5,,,
5546,playlists,,Come and See Me (feat. Drake),"PARTYNEXTDOOR, Drake",2016,https://open.spotify.com/track/1wZqJM5FGDEl3FjHDxDyQd,Comé,city,medium
5547,playlists,,Recognize (feat. Drake),"PARTYNEXTDOOR, Drake",2014,https://open.spotify.com/track/5wUUWVRvrciJqFitZF8R0P,,,
5548,playlists,,BELIEVE IT,"PARTYNEXTDOOR, Rihanna",2020,https://open.spotify.com/track/4HDCLYli2SUdkq9OjmvhSD,,,
5549,playlists,,Hit Me With Your Best Shot - Remastered,Pat Benatar,2005,https://open.spotify.com/track/3ROZ4HEoNN92ZuPjf9J6fK,,,
5550,playlists,,Patagonia,Patawawa,2017,https://open.spotify.com/track/3aRNWHU0H8lCNwrE1pEiJv,Patagonia,region,high
5551,playlists,,The Kiss Of Venus (Dominic Fike),"Paul McCartney, Dominic Fike",2021,https://open.spotify.com/track/3gCYle76USfbHa7VDTDg5V,,,
5552,playlists,,Kodachrome,Paul Simon,1973,https://open.spotify.com/track/3f0U5NaD1bCk8nmKpn2ZJY,,,
5553,playlists,,Me and Julio Down by the Schoolyard,Paul Simon,1972,https://open.spotify.com/track/6vxHp3CDNo0afgKGp2yi1E,,,
5554,playlists,,You Can Call Me Al,Paul Simon,1986,https://open.spotify.com/track/0qxYx4F3vm1AOnfux6dDxP,,,
5555,playlists,,DOUBLE C - From F1® The Movie,"PAWSA, F1 The Album",2025,https://open.spotify.com/track/7jtFKlVjEgIBNaSOrAivCw,,,
5556,playlists,,PICK UP THE PHONE (feat. Nate Dogg),"PAWSA, Nate Dogg",2024,https://open.spotify.com/track/6o0gJtOgimGamRBTS80H5g,,,
5557,playlists,,Alrighty Aphrodite,Peach Pit,2018,https://open.spotify.com/track/6OiRh4kttAs1YWglvTcYkB,,,
5558,playlists,,Being so Normal,Peach Pit,2018,https://open.spotify.com/track/65sNrvOp2HLlhGTeLJ0nnk,,,
5559,playlists,,Seventeen,Peach Pit,2018,https://open.spotify.com/track/0SBariQWfKjoslW2XSIFOm,,,
5560,playlists,,Shampoo Bottles,Peach Pit,2020,https://open.spotify.com/track/2INUkDPCO1eQlOFmIN5VAC,,,
5561,playlists,,Tommy's Party,Peach Pit,2018,https://open.spotify.com/track/5OuJTtNve7FxUX82eEBupN,,,
5562,playlists,,PINK LIKE SUKI,Pebbles&TamTam,2024,https://open.spotify.com/track/75aKhlE0JTqaVuTsDDdtD3,,,
5563,playlists,,(It Goes Like) Nanana - Edit,Peggy Gou,2023,https://open.spotify.com/track/23RoR84KodL5HWvUTneQ1w,,,
5564,playlists,,"Wo, man - Edit","Peggy Gou, Ayra Starr",2026,https://open.spotify.com/track/1SF8DK4wmqKcxehSfheLPS,,,
5565,playlists,,Birdwatching at Inner Forest - Penguin Cafe Mix,Penguin Cafe,2015,https://open.spotify.com/track/41JAhfwEHurlQpwFtovI1k,,,
5566,playlists,,Close Encounter,Penguin Cafe,2015,https://open.spotify.com/track/4jE0kk9r1ZHVAkalyKSIPw,,,
5567,playlists,,Solaris - Cornelius Mix,Penguin Cafe,2015,https://open.spotify.com/track/2IG1mt3H0gUCBTKwuYaSZF,,,
5568,playlists,,The Track of the Dull Sun...,Penguin Cafe,2015,https://open.spotify.com/track/6CGGGfT99rJquRxwFwlW5f,,,
5569,playlists,,Young Folks,Peter Bjorn and John,2006,https://open.spotify.com/track/4dyx5SzxPPaD8xQIid5Wjj,,,
5570,playlists,,Memory Box,Peter Cat Recording Co.,2019,https://open.spotify.com/track/024nqC9O76nvAuIWtQGdQy,,,
5571,playlists,,Show Me The Way,Peter Frampton,1975,https://open.spotify.com/track/6BD1X1PeV5UzYUdiVaD2yL,,,
5572,playlists,,Parallel Worlds,Peter Phippen,2016,https://open.spotify.com/track/048oOcbaRGQpPetKg19fwu,,,
5573,playlists,,The Dawning,Peter Phippen,2016,https://open.spotify.com/track/412Gc55yiPdvzq20y9LuFZ,,,
5574,playlists,,Movements,"Pham, Yung Fusion",2015,https://open.spotify.com/track/3gZUflBBfgS3QiTSTg0hk0,,,
5575,playlists,,Come Get It Bae,Pharrell Williams,2014,https://open.spotify.com/track/24MSdaNRlLgjp8xYeJeXwZ,Comé,city,medium
5576,playlists,,Hunter,Pharrell Williams,2014,https://open.spotify.com/track/6xATKzdUO89mZvStODhUSR,,,
5577,playlists,,Cash In Cash Out,"Pharrell Williams, 21 Savage, Tyler, The Creator",2022,https://open.spotify.com/track/3S68RFe1lsdCdTMPIMJM3X,,,
5578,playlists,,Entrepreneur (feat. JAY-Z),"Pharrell Williams, JAŸ-Z",2020,https://open.spotify.com/track/7E1lnnPsrnHslXSWomUkLP,,,
5579,playlists,,Number One,"Pharrell Williams, Kanye West",2006,https://open.spotify.com/track/3r4U9UpHaFurMtq1oCZoAp,,,
5580,playlists,,Witness,"Phi11a, Trippie Redd",2020,https://open.spotify.com/track/77XafWzhvLwRlVLGa39LfR,,,
5581,playlists,,Easy Lover,"Philip Bailey, Phil Collins",1985,https://open.spotify.com/track/7INi4pMPG4IE0Smx5y4KVf,,,
5582,playlists,,polyriddim - Original Mix,phonon,2020,https://open.spotify.com/track/4dAQGQETg8n4BKl1ahUHYq,,,
5583,playlists,,dialtone.,Phony Ppl,2022,https://open.spotify.com/track/6NAq3eKpIXWWaCZSDqbIBM,,,
5584,playlists,,Why iii Love The Moon.,Phony Ppl,2015,https://open.spotify.com/track/2x5Frs6ts14U4MSLrQQlXg,,,
5585,playlists,,Hoe Doe Je Dat? (feat. Bizzey & Young Ellens),"Pillow Fight, Bizzey, Young Ellens",2022,https://open.spotify.com/track/23e378XS0zs2WGUYVC18AR,,,
5586,playlists,,Friends (feat. Juicy J and Nas),"Pimp C, Juicy J, Nas",2015,https://open.spotify.com/track/0wcSqWJYBYZjdrTKVHAcWz,,,
5587,playlists,,Shine On You Crazy Diamond (Pts. 1-5),Pink Floyd,1975,https://open.spotify.com/track/6pnwfWyaWjQiHCKTiZLItr,,,
5588,playlists,,Wish You Were Here,Pink Floyd,1975,https://open.spotify.com/track/6mFkJmJqdDVQ1REhVfGgd1,,,
5589,playlists,,Stateside,PinkPantheress,2025,https://open.spotify.com/track/7Fr2Q6q3rAxFUcMkuvVrXO,,,
5590,playlists,,Tonight,PinkPantheress,2025,https://open.spotify.com/track/2s6Jh6GmDhAOsSMII07fVs,,,
5591,playlists,,Boy's a liar Pt. 2,"PinkPantheress, Ice Spice",2023,https://open.spotify.com/track/6AQbmUe0Qwf5PZnt4HmTXv,,,
5592,playlists,,Illegal + Nia Archives,"PinkPantheress, Nia Archives",2025,https://open.spotify.com/track/0c1s95bO4ZqOOmFl8mfsro,,,
5593,playlists,,Stateside + Zara Larsson,"PinkPantheress, Zara Larsson",2025,https://open.spotify.com/track/1DwscornXpj8fmOmYVlqZt,,,
5594,playlists,,on & on - Sammy Virji Remix,"piri & tommy, Sammy Virji, Tommy Villiers",2022,https://open.spotify.com/track/6w7eHZFNdOpg2teEBCqjy2,,,
5595,playlists,,Café Con Leche,Pitbull,2022,https://open.spotify.com/track/5vXhgXRIUWMD62onAqA5xy,,,
5596,playlists,,Hotel Room Service,Pitbull,2009,https://open.spotify.com/track/6Rb0ptOEjBjPPQUlQtQGbL,,,
5597,playlists,,I Know You Want Me (Calle Ocho),Pitbull,2009,https://open.spotify.com/track/13plQdOoWSSXPRUSZc5FuM,,,
5598,playlists,,Give Me Everything (feat. Nayer),"Pitbull, AFROJACK, Ne-Yo, Nayer",2011,https://open.spotify.com/track/4QNpBfC0zvjKqPJcyqBy9W,,,
5599,playlists,,I Feel Good,"Pitbull, Anthony Watts, DJ White Shadow",2021,https://open.spotify.com/track/2hZTeA6c94dBoiuGcBv3R0,,,
5600,playlists,,International Love (feat. Chris Brown),"Pitbull, Chris Brown",2011,https://open.spotify.com/track/62zFEHfAYl5kdHYOivj4BC,,,
5601,playlists,,Feel This Moment (feat. Christina Aguilera),"Pitbull, Christina Aguilera",2012,https://open.spotify.com/track/0Hf4aIJpsN4Os2f0y0VqWl,,,
5602,playlists,,Fireball (feat. John Ryan),"Pitbull, John Ryan",2014,https://open.spotify.com/track/4Y7XAxTANhu3lmnLAzhWJW,,,
5603,playlists,,Timber,"Pitbull, Kesha",2012,https://open.spotify.com/track/3cHyrEgdyYRjgJKSOiOtcS,,,
5604,playlists,,Culo,"Pitbull, Lil Jon",2012,https://open.spotify.com/track/5lYX9tp6KxYwPfnNGZpEE6,,,
5605,playlists,,Time of Our Lives,"Pitbull, Ne-Yo",2014,https://open.spotify.com/track/2bJvI42r8EF3wxjOuDav4r,,,
5606,playlists,,Freak 54 (Freak Out),"Pitbull, Nile Rodgers",2023,https://open.spotify.com/track/0AHp2UZ0CItQytF728NZFR,,,
5607,playlists,,El Taxi,"Pitbull, Osmani Garcia ""La Voz""",2015,https://open.spotify.com/track/1LbGorB0xOfpiXQJFKB2Nd,,,
5608,playlists,,Que Rica (Tocame),"Pitbull, Sak Noel, Salvi",2020,https://open.spotify.com/track/1rNwUMlrGFUMn5LaYy71Gq,,,
5609,playlists,,Hey Baby (Drop It to the Floor) (feat. T-Pain),"Pitbull, T-Pain",2011,https://open.spotify.com/track/3rfhI32Il2hVRKDkuGeeen,,,
5610,playlists,,Don't Stop the Party (feat. TJR),"Pitbull, TJR",2012,https://open.spotify.com/track/3Tu7uWBecS6GsLsL8UONKn,,,
5611,playlists,,Can't Stop Us Now,"Pitbull, Zac Brown",2023,https://open.spotify.com/track/3S87Ha90GzcBmQbWuVS8Qj,,,
5612,playlists,,Mathematics,"Pivot Gang, femdot., Joseph Chilliams, Saba",2019,https://open.spotify.com/track/2ASkGWoof5wKyNfzS8uu4z,,,
5613,playlists,,Bible,"Pivot Gang, Frsh Waters, Dinnerwithjohn, Saba",2019,https://open.spotify.com/track/1gcZKZFncSaUDhLhtgWM6W,,,
5614,playlists,,Hero,"Pivot Gang, Frsh Waters, MFnMelo, Saba",2019,https://open.spotify.com/track/1njlk155GuSviC69TqZUuA,,,
5615,playlists,,Studio Ground Rules,"Pivot Gang, Frsh Waters, MFnMelo, Saba",2019,https://open.spotify.com/track/2cSEfsbaU7KkYvJbZU0Rm7,,,
5616,playlists,,Edward Scissorhands,"Pivot Gang, Jean Deaux, Joseph Chilliams, Saba",2019,https://open.spotify.com/track/3WrVvXBIhX1d1eu6fjE4Fr,,,
5617,playlists,,Colbert,"Pivot Gang, Joseph Chilliams, Saba, Frsh Waters",2019,https://open.spotify.com/track/1vlQ6COEz1AXKMTZYlbHdQ,,,
5618,playlists,,Mortal Kombat,"Pivot Gang, Kari Faux, Joseph Chilliams, Saba",2019,https://open.spotify.com/track/2NNPnxOunTgqFNlCrG4jcQ,,,
5619,playlists,,No Vest,"Pivot Gang, Mick Jenkins, Joseph Chilliams, MFnMelo, Saba",2019,https://open.spotify.com/track/45GAGdDvQVSjm1GvSzabrq,,,
5620,playlists,,Death Row,"Pivot Gang, Saba, Joseph Chilliams, MFnMelo",2019,https://open.spotify.com/track/08njzqpdaLEunyLb1DuxzX,,,
5621,playlists,,Blood,"Pivot Gang, Saba, Joseph Chilliams, MFnMelo, Frsh Waters",2018,https://open.spotify.com/track/1dh0SsxDsxABoYnxd1cScv,,,
5622,playlists,,Clark Kent,"Pivot Gang, Saba, MFnMelo, Joseph Chilliams",2019,https://open.spotify.com/track/0s2Aq8hdN3j0uJtu7qRjHT,,,
5623,playlists,,"Jason Statham, Pt. 2","Pivot Gang, Saba, MFnMelo, Joseph Chilliams",2019,https://open.spotify.com/track/1rundk9zOImboWaFE47xZY,,,
5624,playlists,,Bad Boys,"Pivot Gang, Smino, Saba, MFnMelo, Joseph Chilliams",2019,https://open.spotify.com/track/6RSQmfH97AAGlUWvDCDkpk,,,
5625,playlists,,Carnival,"Pivot Gang, Sylvan LaCue, Benjamin Earl Turner, Frsh Waters, MFnMelo, Joseph Chilliams, Saba",2019,https://open.spotify.com/track/0qXHE7xXK40XCOeDNXER5O,,,
5626,playlists,,FlatBed Freestyle,Playboi Carti,2018,https://open.spotify.com/track/5nayhWICkQGMTkisxVMbRw,,,
5627,playlists,,Foreign,Playboi Carti,2018,https://open.spotify.com/track/500l6Cwe40hkPqS7Sf7ufY,,,
5628,playlists,,Half & Half,Playboi Carti,2017,https://open.spotify.com/track/2TdZdeKIDMqi1B3139W4Wb,,,
5629,playlists,,Home (KOD),Playboi Carti,2018,https://open.spotify.com/track/5wPyd3IQAZft1vmxoIqGrU,,,
5630,playlists,,Location,Playboi Carti,2017,https://open.spotify.com/track/3yk7PJnryiJ8mAPqsrujzf,,,
5631,playlists,,Long Time - Intro,Playboi Carti,2018,https://open.spotify.com/track/4IO2X2YoXoUMv0M2rwomLC,,,
5632,playlists,,Old Money,Playboi Carti,2018,https://open.spotify.com/track/0syXbGoFZbTMXm8hGCEvW0,,,
5633,playlists,,Pull Up,Playboi Carti,2018,https://open.spotify.com/track/424qpX6swdUdhLq95cecNu,,,
5634,playlists,,R.I.P.,Playboi Carti,2018,https://open.spotify.com/track/3L0IKstjUgDFVQAbQIRZRv,,,
5635,playlists,,Top (feat. Pi'erre Bourne),Playboi Carti,2018,https://open.spotify.com/track/7HsvTUJcXRQVK6QuALkAvW,,,
5636,playlists,,Fell In Luv (feat. Bryson Tiller),"Playboi Carti, Bryson Tiller",2018,https://open.spotify.com/track/1s9DTymg5UQrdorZf43JQm,,,
5637,playlists,,Mileage (feat. Chief Keef),"Playboi Carti, Chief Keef",2018,https://open.spotify.com/track/1oNcc2isuz7d3hc1fMoHqj,,,
5638,playlists,,No Time (feat. Gunna),"Playboi Carti, Gunna",2018,https://open.spotify.com/track/5pHJv0bgNsT9nPoK2BjNBn,,,
5639,playlists,,Shoota (feat. Lil Uzi Vert),"Playboi Carti, Lil Uzi Vert",2018,https://open.spotify.com/track/2BJSMvOGABRxokHKB0OI8i,,,
5640,playlists,,Poke It Out (with Nicki Minaj),"Playboi Carti, Nicki Minaj",2018,https://open.spotify.com/track/2rPSFKzGeqUWwfcCFVkkq3,,,
5641,playlists,,Right Now (feat. Pi'erre Bourne),"Playboi Carti, Pi’erre Bourne",2018,https://open.spotify.com/track/475jSz0H6U3duJyNiDS0tT,,,
5642,playlists,,Middle Of The Summer (feat. Red Coldhearted),"Playboi Carti, Red Coldhearted",2018,https://open.spotify.com/track/7AtBtwrKhz94hYXgGYyG58,,,
5643,playlists,,Lean 4 Real (feat. Skepta),"Playboi Carti, Skepta",2018,https://open.spotify.com/track/1JgkiUg9mSXSwcb5Gbi4Ur,,,
5644,playlists,,Love Hurts (feat. Travis Scott),"Playboi Carti, Travis Scott",2018,https://open.spotify.com/track/3K6U7TamNyVSWcFH8pCQHX,,,
5645,playlists,,R.I.P. Fredo (feat. Young Nudy) - Notice Me,"Playboi Carti, Young Nudy",2018,https://open.spotify.com/track/45Ln3F9PRPYTXBcMFkZMzS,,,
5646,playlists,,Choppa Won't Miss (feat. Young Thug),"Playboi Carti, Young Thug",2018,https://open.spotify.com/track/5O9zs6G6RcB6yP1OKwnwiM,,,
5647,playlists,,Baby Come Back,Player,1977,https://open.spotify.com/track/41sGGCCoHI2GLV9qadX80A,Comé,city,medium
5648,playlists,,Right Now,PnB Rock,2019,https://open.spotify.com/track/009MFLQ8i6P2VeJp4ivex6,,,
5649,playlists,,Time,PnB Rock,2017,https://open.spotify.com/track/1OjiYBvBYSKwLQP2bryPYw,,,
5650,playlists,,AZTEC,PNTHN,2018,https://open.spotify.com/track/6evcIOYg0rYZInIQdYElsm,,,
5651,playlists,,EL SALVADOR,PNTHN,2018,https://open.spotify.com/track/6lW9jtTr4Ncp8jxfGgflox,El Salvador,country,high
5652,playlists,,FI-LO,PNTHN,2018,https://open.spotify.com/track/7GKkc4MsVpf43bPLTCqEno,,,
5653,playlists,,HENNY DREAMS,PNTHN,2018,https://open.spotify.com/track/5mddzI6vwLRUzHKGfPIMJv,,,
5654,playlists,,MORE CHEEKS,PNTHN,2018,https://open.spotify.com/track/3h80eGZMcqboqPwSL9mgTd,,,
5655,playlists,,PUBLIC ENEMY,PNTHN,2018,https://open.spotify.com/track/0SDPsfP8ifEFTRZ07Pcap6,,,
5656,playlists,,SUPAFANTASTIC,PNTHN,2018,https://open.spotify.com/track/6bszwCs2Bbfd1cxpPQAv4U,,,
5657,playlists,,A King's Nightmare,Polo G,2019,https://open.spotify.com/track/1g4zEL3uOnhwvnMEOVAbNM,,,
5658,playlists,,Battle Cry,Polo G,2019,https://open.spotify.com/track/7caP3UAf8ZtIMVpWfEIA4H,,,
5659,playlists,,BST,Polo G,2019,https://open.spotify.com/track/4iIfKs9XOb9D2NJnPctPns,,,
5660,playlists,,Chosen 1,Polo G,2019,https://open.spotify.com/track/40QrLHWdsxyXLAdjJG4Rxs,,,
5661,playlists,,Deep Wounds,Polo G,2019,https://open.spotify.com/track/1EXgignL7eG2MHErBEAD5d,,,
5662,playlists,,DND,Polo G,2020,https://open.spotify.com/track/7sMu0DXeCVYwTivw9kBl99,,,
5663,playlists,,Dyin Breed,Polo G,2019,https://open.spotify.com/track/2bGEPdcL80FFHQ3VxcYBJQ,,,
5664,playlists,,Effortless,Polo G,2019,https://open.spotify.com/track/2fyy1r6XBbsiSSpKK20LKX,,,
5665,playlists,,Finer Things,Polo G,2019,https://open.spotify.com/track/7oBW80497A8axagr4aC9U6,,,
5666,playlists,,Last Strike,Polo G,2019,https://open.spotify.com/track/1w8XCWRzLN75HARAqNQIRY,,,
5667,playlists,,Lost Files,Polo G,2019,https://open.spotify.com/track/26t0xoYPRxyHvIN62P85au,,,
5668,playlists,,Picture This,Polo G,2019,https://open.spotify.com/track/00TYv5NLZkKXq5KJZ6LMDt,,,
5669,playlists,,RAPSTAR,Polo G,2021,https://open.spotify.com/track/43PGPuHIlVOc04jrZVh9L6,,,
5670,playlists,,Through Da Storm,Polo G,2019,https://open.spotify.com/track/3NqCEpT8xsHdzpiRlM1kpS,,,
5671,playlists,,Pop Out Again (feat. Lil Baby & Gunna),"Polo G, Lil Baby, Gunna",2019,https://open.spotify.com/track/2VIMXmWUIqhMqg6h5FOFPG,,,
5672,playlists,,Pop Out (feat. Lil Tjay),"Polo G, Lil Tjay",2019,https://open.spotify.com/track/6uFn47ACjqYkc0jADwEdj1,,,
5673,playlists,,GANG GANG (with Lil Wayne),"Polo G, Lil Wayne",2021,https://open.spotify.com/track/4VW44pawoOHPUjlN7DX5vk,,,
5674,playlists,,AP - Music from the film Boogie,Pop Smoke,2021,https://open.spotify.com/track/17vGPZ5EsdvtgAOCD4FLWI,,,
5675,playlists,,Dior,Pop Smoke,2019,https://open.spotify.com/track/79s5XnCN4TJKTVMSmOx8Ep,,,
5676,playlists,,Something Special,Pop Smoke,2020,https://open.spotify.com/track/5kkaSMcf4BFlhRRICCKZb6,,,
5677,playlists,,Welcome To The Party,Pop Smoke,2021,https://open.spotify.com/track/3oSMD38OKLXAUcAfFkSxjg,,,
5678,playlists,,The Woo (feat. 50 Cent & Roddy Ricch),"Pop Smoke, 50 Cent, Roddy Ricch",2020,https://open.spotify.com/track/1H7KnK26kc1YyellpbINEn,,,
5679,playlists,,Hello (feat. A Boogie Wit da Hoodie),"Pop Smoke, A Boogie Wit da Hoodie",2020,https://open.spotify.com/track/2r6OAV3WsYtXuXjvJ1lIDi,,,
5680,playlists,,Iced Out Audemars (feat. Lil Wayne) - Remix,"Pop Smoke, Lil Wayne",2020,https://open.spotify.com/track/1aD1IcrYHl89PnCoLMVZO4,,,
5681,playlists,,Shake The Room (feat. Quavo),"Pop Smoke, Quavo",2020,https://open.spotify.com/track/7rSnKi58HPIVC0FVyh04Q1,,,
5682,playlists,,Creature (feat. Swae Lee),"Pop Smoke, Swae Lee",2020,https://open.spotify.com/track/3eV2WT9YhfzkxbufnBF8wK,,,
5683,playlists,,TWIST & TURN (feat. Drake & PARTYNEXTDOOR),"Popcaan, Drake, PARTYNEXTDOOR",2020,https://open.spotify.com/track/24SDeYAeTFda8OUzVI1VR6,,,
5684,playlists,,Voicemail,Poppy,2019,https://open.spotify.com/track/1zJ1bj1XWrj9cdFJkILpTj,,,
5685,playlists,,Perfect Pinterest Garden - Ninajirachi & underscores Remix,"Porter Robinson, Ninajirachi, underscores",2026,https://open.spotify.com/track/3huANgMZYFGwAD6qQzSNfi,,,
5686,playlists,,The Party,Portraits Of Tracy,2023,https://open.spotify.com/track/7dkPG811ZnHikb319Jzskd,,,
5687,playlists,,Summer of Luv (feat. Unknown Mortal Orchestra),"Portugal. The Man, Unknown Mortal Orchestra",2023,https://open.spotify.com/track/7tMYbJhP6N732MAglwmuJf,,,
5688,playlists,,92 Explorer,Post Malone,2018,https://open.spotify.com/track/1D2L6MefbXon28PzIk9I3r,,,
5689,playlists,,Better Now,Post Malone,2018,https://open.spotify.com/track/7dt6x5M1jzdTEt8oCbisTK,,,
5690,playlists,,Candy Paint,Post Malone,2018,https://open.spotify.com/track/32lItqlMi4LBhb4k0BaSaC,,,
5691,playlists,,Circles,Post Malone,2019,https://open.spotify.com/track/4VginDwYTP2eaHJzO0QMjG,,,
5692,playlists,,Go Flex,Post Malone,2016,https://open.spotify.com/track/3e7pB02vXiqVYaDTymYY1t,,,
5693,playlists,,Hollywood's Bleeding,Post Malone,2019,https://open.spotify.com/track/77Y7tccX9Hx5iClDr39uy9,,,
5694,playlists,,Motley Crew,Post Malone,2021,https://open.spotify.com/track/40uMIn2zJLAQhNXghRjBed,,,
5695,playlists,,Stay,Post Malone,2018,https://open.spotify.com/track/4H7WNRErSbONkM06blBoGc,,,
5696,playlists,,Too Young,Post Malone,2015,https://open.spotify.com/track/5is0hEWWStAbbHCjWyoxq2,,,
5697,playlists,,White Iverson,Post Malone,2015,https://open.spotify.com/track/5XhM5Tym0THyceMZkzbSWV,,,
5698,playlists,,Wow.,Post Malone,2018,https://open.spotify.com/track/6MWtB6iiXyIwun0YzU6DFP,,,
5699,playlists,,Money Made Me Do It,"Post Malone, 2 Chainz",2016,https://open.spotify.com/track/1ysAvOdJgUjc6CqOQxepaz,,,
5700,playlists,,rockstar,"Post Malone, 21 Savage",2017,https://open.spotify.com/track/1OmcAT5Y8eg5bUPv9qJT4R,,,
5701,playlists,,Same Bitches (feat. G-Eazy & YG),"Post Malone, G-Eazy, YG",2018,https://open.spotify.com/track/688QpQAwqsLdBR6lr13wK1,,,
5702,playlists,,Deja Vu,"Post Malone, Justin Bieber",2016,https://open.spotify.com/track/5hQAvqoRM00q0dVJxAJmCn,,,
5703,playlists,,Ball For Me (feat. Nicki Minaj),"Post Malone, Nicki Minaj",2018,https://open.spotify.com/track/6IaieqiCVvsNvEt6Y7yOFa,,,
5704,playlists,,Congratulations,"Post Malone, Quavo",2016,https://open.spotify.com/track/3a1lNhkSLSkpJE4MSHpDu9,,,
5705,playlists,,Cooped Up (with Roddy Ricch),"Post Malone, Roddy Ricch",2022,https://open.spotify.com/track/7DwcBgdzqhFJltEaV1XF81,,,
5706,playlists,,Sunflower - Spider-Man: Into the Spider-Verse,"Post Malone, Swae Lee",2018,https://open.spotify.com/track/3KkXRkHbMCARz0aVfEt68P,,,
5707,playlists,,One Right Now (with The Weeknd),"Post Malone, The Weeknd",2021,https://open.spotify.com/track/00Blm7zeNqgYLPtW6zg8cj,,,
5708,playlists,,Goodbyes (Feat. Young Thug),"Post Malone, Young Thug",2019,https://open.spotify.com/track/6vBdBCoOhKHiYDDOcorfNo,,,
5709,playlists,,Cruisin' in The MIA,Pouya,2019,https://open.spotify.com/track/7wNq3rMwJxZWMw3U13VYVj,,,
5710,playlists,,Leave Me Alone,Pouya,2021,https://open.spotify.com/track/6aCldmkQ0LHftGxHNuL1To,,,
5711,playlists,,"Please Forgive (feat. Denzel Curry, IDK, Zombie Juice & ZillaKami)","Powers Pleasant, Denzel Curry, IDK, ZillaKami, Zombie Juice",2018,https://open.spotify.com/track/5dv1VQpsAbUv8xf8MrhoqA,,,
5712,playlists,,Pull Up (feat. Joey Bada$$ & A$AP Ferg),"Powers Pleasant, Joey Bada$$, A$AP Ferg",2018,https://open.spotify.com/track/6lM1G8kF3xCUW20lIRfoBm,,,
5713,playlists,,Ghetto Supastar (That is What You Are) (feat. Ol' Dirty Bastard & Mýa),"Pras, Ol' Dirty Bastard, Mýa",1998,https://open.spotify.com/track/31bf9SEOppLU6lQ85d8om6,,,
5714,playlists,,Mansion,"Pressa, Houdini, 6ixbuzz",2020,https://open.spotify.com/track/7yWPBTrbUO3VmIsD6hLhGf,,,
5715,playlists,,Canada Goose,"Pressa, Tory Lanez",2017,https://open.spotify.com/track/0c473vwMZxxXcdhHay62PN,Canada,country,high
5716,playlists,,Chickenhead (feat. Three 6 Mafia & La Chat),"Project Pat, Three 6 Mafia, La Chat",2001,https://open.spotify.com/track/2rOiZGbR0wwI0ip0wSAK26,,,
5717,playlists,,Hypnotized,"Purple Disco Machine, Sophie and the Giants",2021,https://open.spotify.com/track/3OjGnubBPttaeNuFk9FNsS,,,
5718,playlists,,Come Back Baby,Pusha T,2018,https://open.spotify.com/track/2BuBXn15gj4MNYZydyWgrk,Comé,city,medium
5719,playlists,,Diet Coke,Pusha T,2022,https://open.spotify.com/track/25vP1c6ZkWsR4ejonbGFDF,,,
5720,playlists,,Let The Smokers Shine The Coupes,Pusha T,2022,https://open.spotify.com/track/3XyNi4ARXWBgzeDFKoJPqy,,,
5721,playlists,,The Games We Play,Pusha T,2018,https://open.spotify.com/track/7iEoaTyBCqLaAwJnOP1BTn,,,
5722,playlists,,Untouchable,Pusha T,2015,https://open.spotify.com/track/5Eu5sfCDtpxGZyQB1KvcqW,,,
5723,playlists,,Punch Bowl (with Clipse & Nigo),"Pusha T, Clipse, Nigo",2022,https://open.spotify.com/track/1NxZp8uYShqpkxcyaaLUKs,Pūnch,city,medium
5724,playlists,,Drug Dealers Anonymous,"Pusha T, JAŸ-Z",2016,https://open.spotify.com/track/1b6rmL3VXBgYTbn61kM8wT,,,
5725,playlists,,Neck & Wrist (feat. JAY-Z & Pharrell),"Pusha T, JAŸ-Z, Pharrell Williams",2022,https://open.spotify.com/track/5QNW6Vx14N4OfJ7D0eDg0d,,,
5726,playlists,,Dreamin Of The Past (feat. Kanye West),"Pusha T, Kanye West",2022,https://open.spotify.com/track/3Wx98ijEDnsxyMYePCuFNI,,,
5727,playlists,,Rock N Roll (feat. Kanye West & Kid Cudi),"Pusha T, Kanye West, Kid Cudi",2022,https://open.spotify.com/track/1ZM8toCOlnfBKJdvR8GqUq,,,
5728,playlists,,Scrape It Off (feat. Lil Uzi Vert & Don Toliver),"Pusha T, Lil Uzi Vert, Don Toliver",2022,https://open.spotify.com/track/1dp8aQANyTRKssDeAYPiZe,,,
5729,playlists,,Sure Thing - Remix,"Pusha T, Miguel",2013,https://open.spotify.com/track/6iclNZVKDyJwVXTjxHUWaV,,,
5730,playlists,,Coming Home (feat. Ms. Lauryn Hill),"Pusha T, Ms. Lauryn Hill",2019,https://open.spotify.com/track/0TGyMhttuNwKab2XJMJ1rl,,,
5731,playlists,,Puppets (Succession Remix),"Pusha T, Nicholas Britell",2019,https://open.spotify.com/track/7vAkKCODYbpF2b6brNLzqo,,,
5732,playlists,,Hear Me Clearly (with Nigo),"Pusha T, Nigo",2022,https://open.spotify.com/track/0WxzTL8Ptu103bVeYcBzoS,,,
5733,playlists,,Trouble on My Mind,"Pusha T, Tyler, The Creator",2011,https://open.spotify.com/track/3DzlR0kXE6shimFVhSwI4A,,,
5734,playlists,,Won't Trade,Q-Tip,2008,https://open.spotify.com/track/6180Fv9Y1zovHtrIVaTGSM,,,
5735,playlists,,BEAMIN',Quadeca,2019,https://open.spotify.com/track/4JlOPpMwwZTfT0wDsuBBOc,,,
5736,playlists,,MONDAY,Quadeca,2025,https://open.spotify.com/track/13VNbW9gblZQVVM2a7ZQf5,,,
5737,playlists,,People Pleaser (feat. Guapdad 4000),"Quadeca, Guapdad 4000",2021,https://open.spotify.com/track/6BXM0vDgpfYzPe02lJ5Kfu,,,
5738,playlists,,Bad Vibe (feat. A Boogie Wit da Hoodie & 2 Chainz),"Quando Rondo, 2 Chainz, A Boogie Wit da Hoodie",2020,https://open.spotify.com/track/6HPRxfAFmvHZqQHtB1OPPu,,,
5739,playlists,,You Will See,"Quarterhead, SESA",2023,https://open.spotify.com/track/77iE7LcAR6cmYOd19H0FsK,,,
5740,playlists,,BIG BRO,Quavo,2018,https://open.spotify.com/track/4nTTGWjZ7IeHBdnDnxeiES,,,
5741,playlists,,BIGGEST ALLEY OOP,Quavo,2018,https://open.spotify.com/track/6Q36XucqrejMId3RydVhch,,,
5742,playlists,,BUBBLE GUM,Quavo,2018,https://open.spotify.com/track/1t5lB6hvOMWdat5NKm29Qx,,,
5743,playlists,,GO ALL THE WAY,Quavo,2018,https://open.spotify.com/track/5EOF6DK6p9KycvqZwGcQzh,,,
5744,playlists,,Greatness,Quavo,2023,https://open.spotify.com/track/5yemXFXSGZoTXNOjj3dbuz,,,
5745,playlists,,HOW BOUT THAT?,Quavo,2018,https://open.spotify.com/track/7H0NHzIEzCoIENLC2o8Obj,,,
5746,playlists,,HUNCHO DREAMS,Quavo,2018,https://open.spotify.com/track/7pVzUPjJ83QojsVcOthmxP,,,
5747,playlists,,LAMB TALK,Quavo,2018,https://open.spotify.com/track/5NBIdxTKECGFHJIkiNhBJB,,,
5748,playlists,,SHINE,Quavo,2018,https://open.spotify.com/track/1yHdfeCpeKPmSzQdfqHtq8,,,
5749,playlists,,Shooters Inside My Crib,Quavo,2022,https://open.spotify.com/track/5mui57Zy4YCqpwVJANzkRp,,,
5750,playlists,,Trance (Walk It Down),Quavo,2026,https://open.spotify.com/track/5ck9rwhmS6seQ4JrJ3SSfw,,,
5751,playlists,,WORKIN ME,Quavo,2018,https://open.spotify.com/track/4MAsYGSgxsaj73dC2lvFC4,,,
5752,playlists,,PASS OUT (feat. 21 Savage),"Quavo, 21 Savage",2018,https://open.spotify.com/track/3edzl4zvKFi0D3iuF6cs2f,,,
5753,playlists,,Potato Loaded (feat. Destroy Lonely),"Quavo, Destroy Lonely",2024,https://open.spotify.com/track/79GhK8ZAUQxGFfr6rEpdms,,,
5754,playlists,,FLIP THE SWITCH (feat. Drake),"Quavo, Drake",2018,https://open.spotify.com/track/1rlIrbWboTRGeKfHhgbJRZ,,,
5755,playlists,,Turn Yo Clic Up (feat. Future),"Quavo, Future",2023,https://open.spotify.com/track/7LTCmtMpf3JPfBE8gAl64z,,,
5756,playlists,,LOST (feat. Kid Cudi),"Quavo, Kid Cudi",2018,https://open.spotify.com/track/2H5CLUmtvo2VHEeWzMtUqW,,,
5757,playlists,,LOSE IT (feat. Lil Baby),"Quavo, Lil Baby",2018,https://open.spotify.com/track/69PkhA9q3xCWU2CzoZnLAu,,,
5758,playlists,,CHAMPAGNE ROSÉ (feat. Madonna & Cardi B),"Quavo, Madonna, Cardi B",2018,https://open.spotify.com/track/2i4WKnGYntsN4jEvDjkKBE,,,
5759,playlists,,SWING (feat. Normani & Davido),"Quavo, Normani, Davido",2018,https://open.spotify.com/track/5KDfDLEaGAQ2uyuzsWByVa,,,
5760,playlists,,FUCK 12 (feat. Offset),"Quavo, Offset",2018,https://open.spotify.com/track/2jBQmxZpQxF8jJfEdjJ9Qv,,,
5761,playlists,,GIVE IT TO EM (feat. Saweetie),"Quavo, Saweetie",2018,https://open.spotify.com/track/1kvt3N2KmoSAunaEJNrgNM,,,
5762,playlists,,HOTEL LOBBY (Unc & Phew),"Quavo, Takeoff",2022,https://open.spotify.com/track/0QNNd0qMCDbraS1nQPg3aA,,,
5763,playlists,,KEEP THAT SHIT (feat. Takeoff),"Quavo, Takeoff",2018,https://open.spotify.com/track/2QApWGconWQE8BjaNfh7ik,,,
5764,playlists,,RERUN (feat. Travis Scott),"Quavo, Travis Scott",2018,https://open.spotify.com/track/0JYAsQJWIuaYUvZGF1qapT,,,
5765,playlists,,Another One Bites The Dust - Remastered 2011,Queen,1980,https://open.spotify.com/track/57JVGBtBLCfHw2muk5416J,,,
5766,playlists,,The Way You Used To Do,Queens of the Stone Age,2017,https://open.spotify.com/track/52LL3IFB8N3PaJmoZ8Xii1,,,
5767,playlists,,Cum on Feel the Noize,Quiet Riot,1996,https://open.spotify.com/track/6FBmHx1FuaSnTnnnaThgbF,,,
5768,playlists,,Abel & Cain,Quinn XCII,2019,https://open.spotify.com/track/5HlvBXlKNNorFbp43PEQ5B,,,
5769,playlists,,Autopilot,Quinn XCII,2019,https://open.spotify.com/track/5yU3w1RzMZpSWytWAU9iyN,,,
5770,playlists,,Good Thing Go,Quinn XCII,2019,https://open.spotify.com/track/7hV7333ajQNI1J6R5C9A8c,,,
5771,playlists,,Life Must Go On,Quinn XCII,2019,https://open.spotify.com/track/3vmsnZF4KPLjbDgZEqwTdL,,,
5772,playlists,,Matches,Quinn XCII,2019,https://open.spotify.com/track/1vSPbQYmKfDXPOUEz4ENf7,,,
5773,playlists,,Sad Still,Quinn XCII,2019,https://open.spotify.com/track/1yTJYoSpt2E5h9QltN1ndw,,,
5774,playlists,,U & Us,Quinn XCII,2019,https://open.spotify.com/track/6SL7KzIA96f0HiKjuv7tED,,,
5775,playlists,,When I Die,Quinn XCII,2019,https://open.spotify.com/track/2riezZC8Rzk86sqZPZ8qXv,,,
5776,playlists,,Right Where You Should Be (feat. Ashe & Louis Futon),"Quinn XCII, Ashe, Louis Futon",2019,https://open.spotify.com/track/5s2coZZQHU7IN6ErpXFula,,,
5777,playlists,,Holding Hands (feat. Elohim),"Quinn XCII, Elohim",2019,https://open.spotify.com/track/5lEBksW3vntnNLDr2f5QUv,,,
5778,playlists,,Tough (feat. Noah Kahan),"Quinn XCII, Noah Kahan",2019,https://open.spotify.com/track/3a1Zmq0P1E6W80x8EOcVNP,,,
5779,playlists,,Werewolf (feat. Yoshi Flower),"Quinn XCII, Yoshi Flower",2019,https://open.spotify.com/track/5foPGlyY3O4uSrFGhfUKGW,,,
5780,playlists,,I'm That... (feat. 2 Chainz),"R. City, 2 Chainz",2014,https://open.spotify.com/track/0ezyHSFGFs61yiiPB3EpIY,,,
5781,playlists,,I'm That... (Remix) (feat. Beenie Man & Azealia Banks),"R. City, Beenie Man, Azealia Banks",2015,https://open.spotify.com/track/0jX0GB85TNd3EaUqk9UUSR,,,
5782,playlists,,Ignition - Remix,R. Kelly,2014,https://open.spotify.com/track/3zSCNTXI7Ed0PiidZVmzIe,,,
5783,playlists,,Losing My Religion,R.E.M.,1991,https://open.spotify.com/track/31AOj9sFz2gM0O3hMARRBx,,,
5784,playlists,,Passion,"RAC, Louis The Child",2020,https://open.spotify.com/track/3yydZof4pq6N4zeyTzLwQk,,,
5785,playlists,,Creep,Radiohead,1993,https://open.spotify.com/track/70LcF31zb1H0PyJoS1Sx1r,,,
5786,playlists,,Prayer To The Creator,Radmilla Cody,2016,https://open.spotify.com/track/4GtrsFTIdvvTwgO3s6kdHZ,,,
5787,playlists,,By Chance,Rae Sremmurd,2016,https://open.spotify.com/track/6k3EkcvVRkThsNZhMamL6P,,,
5788,playlists,,Came A Long Way,Rae Sremmurd,2016,https://open.spotify.com/track/2V1FguKBZCfct5LVUWE1Or,,,
5789,playlists,,Come Get Her,Rae Sremmurd,2015,https://open.spotify.com/track/1Ser4X0TKttOvo8bgdytTP,Comé,city,medium
5790,playlists,,Do Yoga,Rae Sremmurd,2016,https://open.spotify.com/track/3R1oGAUTarq6eMpzVmazci,Yōga,city,medium
5791,playlists,,Look Alive,Rae Sremmurd,2016,https://open.spotify.com/track/3SxBLgqkpDeeL3DYFCRWso,,,
5792,playlists,,No Type,Rae Sremmurd,2015,https://open.spotify.com/track/4scpF6J5uMBvoh6sFB7EL1,,,
5793,playlists,,Now That I Know,Rae Sremmurd,2016,https://open.spotify.com/track/0CeIk70HR38H1xxH5j6yrX,,,
5794,playlists,,Perplexing Pegasus,Rae Sremmurd,2017,https://open.spotify.com/track/2nYwV62UABTH0NanrwVIdQ,,,
5795,playlists,,Start A Party,Rae Sremmurd,2016,https://open.spotify.com/track/3AFJIWhPXhSCiHSpY3sxXz,,,
5796,playlists,,Sucka Or Sum,Rae Sremmurd,2023,https://open.spotify.com/track/4vIBtcC2KzJY4Va98bvI8P,,,
5797,playlists,,Take It Or Leave It,Rae Sremmurd,2016,https://open.spotify.com/track/16acvwMHeitmaYWsQ0IaYw,,,
5798,playlists,,This Could Be Us,Rae Sremmurd,2015,https://open.spotify.com/track/4jTiyLlOJVJj3mCr7yfPQD,,,
5799,playlists,,Black Beatles,"Rae Sremmurd, Gucci Mane",2016,https://open.spotify.com/track/4SgRoETpc8GEkVgBh5OrZs,,,
5800,playlists,,Shake It Fast,"Rae Sremmurd, Juicy J",2016,https://open.spotify.com/track/2MFefDKgehX9tMhWV1I1Tt,,,
5801,playlists,,Real Chill,"Rae Sremmurd, Kodak Black",2016,https://open.spotify.com/track/0xuzNKf1GTpAewp6ABsUA3,,,
5802,playlists,,Set The Roof,"Rae Sremmurd, Lil Jon",2016,https://open.spotify.com/track/1ajkQWUpLCfqK9GbgCf9dz,,,
5803,playlists,,Throw Sum Mo,"Rae Sremmurd, Nicki Minaj, Young Thug",2014,https://open.spotify.com/track/2BgnOi3YbYtJzDKv48rekK,,,
5804,playlists,,"""42"" - From SR3MM","Rae Sremmurd, Swae Lee, Slim Jxmmi",2018,https://open.spotify.com/track/5lf91lPnGKtIqsgmG1z8Ip,,,
5805,playlists,,Brxnks Truck - From Jxmtro,"Rae Sremmurd, Swae Lee, Slim Jxmmi",2018,https://open.spotify.com/track/4Eg6Y5tciACpwMI5s8EqdY,,,
5806,playlists,,Changed Up - From Jxmtro,"Rae Sremmurd, Swae Lee, Slim Jxmmi",2018,https://open.spotify.com/track/3c9InZHP0GFFhvB2QR0uzc,,,
5807,playlists,,Growed Up - From Jxmtro,"Rae Sremmurd, Swae Lee, Slim Jxmmi",2018,https://open.spotify.com/track/3d9XTk4jxEejqOU8MsLyiM,,,
5808,playlists,,Guatemala - From Swaecation,"Rae Sremmurd, Swae Lee, Slim Jxmmi",2018,https://open.spotify.com/track/0TCnOEVeLQMXOUrpPlM7uY,Guatemala,country,high
5809,playlists,,Heartbreak In Encino Hills - From Swaecation,"Rae Sremmurd, Swae Lee, Slim Jxmmi",2018,https://open.spotify.com/track/5EPvaeFspQrXoL7Xlz1SmL,Encino; Heartbreak In Encino Hills,city; pattern,medium
5810,playlists,,Heat Of The Moment - From Swaecation,"Rae Sremmurd, Swae Lee, Slim Jxmmi",2018,https://open.spotify.com/track/50FjIvCsiIPIfeFyXdh2hx,,,
5811,playlists,,Hurt To Look - From Swaecation,"Rae Sremmurd, Swae Lee, Slim Jxmmi",2018,https://open.spotify.com/track/58nmnN7nqT3D9LRl7BrLXH,,,
5812,playlists,,Keep God First - From Jxmtro,"Rae Sremmurd, Swae Lee, Slim Jxmmi",2018,https://open.spotify.com/track/3jZP4hvNY4ZTPOgmdw9l8p,,,
5813,playlists,,Lost Angels - From Swaecation,"Rae Sremmurd, Swae Lee, Slim Jxmmi",2018,https://open.spotify.com/track/3DrRtOEaOMZtPYnPCkUSIV,,,
5814,playlists,,Players Club - From Jxmtro,"Rae Sremmurd, Swae Lee, Slim Jxmmi",2018,https://open.spotify.com/track/5NhuU6acKHoJ77QbbCkQEy,,,
5815,playlists,,Red Wine - From Swaecation,"Rae Sremmurd, Swae Lee, Slim Jxmmi",2018,https://open.spotify.com/track/6exiH6TH874dCP0AelFi1U,,,
5816,playlists,,Rock N Roll Hall Of Fame - From SR3MM,"Rae Sremmurd, Swae Lee, Slim Jxmmi",2018,https://open.spotify.com/track/54inhxqvwEzNHd8KdjXKBm,,,
5817,playlists,,T'd Up - From SR3MM,"Rae Sremmurd, Swae Lee, Slim Jxmmi",2018,https://open.spotify.com/track/7bddNsGZem9W4j4rzZBIXj,,,
5818,playlists,,Touchscreen Navigation - From Swaecation,"Rae Sremmurd, Swae Lee, Slim Jxmmi",2018,https://open.spotify.com/track/20NeQXq8WWCG89ul5nH4BP,,,
5819,playlists,,Up In My Cocina - From SR3MM,"Rae Sremmurd, Swae Lee, Slim Jxmmi",2018,https://open.spotify.com/track/4669wTPqp7Xwz2H7v4QKi1,,,
5820,playlists,,What's In Your Heart? - From Swaecation,"Rae Sremmurd, Swae Lee, Slim Jxmmi",2018,https://open.spotify.com/track/5rSBAP84pjS8sKuzghnsRR,,,
5821,playlists,,Buckets (feat. Future) - From SR3MM,"Rae Sremmurd, Swae Lee, Slim Jxmmi, Future",2018,https://open.spotify.com/track/2TtWdYXulGcHCeUJUWwZ4M,,,
5822,playlists,,Powerglide (feat. Juicy J) - From SR3MM,"Rae Sremmurd, Swae Lee, Slim Jxmmi, Juicy J",2018,https://open.spotify.com/track/1BuZAIO8WZpavWVbbq3Lci,,,
5823,playlists,,Chanel (feat. Swae Lee & Pharrell) - From Jxmtro,"Rae Sremmurd, Swae Lee, Slim Jxmmi, Pharrell Williams",2018,https://open.spotify.com/track/2W6JHG3KGGPv82Bi2hAnSz,,,
5824,playlists,,Juggling Biddies (feat. Riff 3x) - From Jxmtro,"Rae Sremmurd, Swae Lee, Slim Jxmmi, Riff 3x",2018,https://open.spotify.com/track/40ZQBmv6mvSM9y8SSVV4kS,,,
5825,playlists,,Bedtime Stories (feat. The Weeknd) - From SR3MM,"Rae Sremmurd, Swae Lee, Slim Jxmmi, The Weeknd",2018,https://open.spotify.com/track/6nI74KsH94IN0J2vp5shdT,,,
5826,playlists,,CLOSE (feat. Travis Scott) - From SR3MM,"Rae Sremmurd, Swae Lee, Slim Jxmmi, Travis Scott",2018,https://open.spotify.com/track/1oUudyBYVGMIC8JXeIsFzq,,,
5827,playlists,,Cap (feat. Trouble) - From Jxmtro,"Rae Sremmurd, Swae Lee, Slim Jxmmi, Trouble",2018,https://open.spotify.com/track/00Y9yFHumsN6Cg4cK3wXkM,,,
5828,playlists,,Offshore (feat. Young Thug) - From Swaecation,"Rae Sremmurd, Swae Lee, Slim Jxmmi, Young Thug",2018,https://open.spotify.com/track/5J6D8QvlGZw9g5x38fAnjE,,,
5829,playlists,,Anti-Social Smokers Club (feat. Zoë Kravitz) - From Jxmtro,"Rae Sremmurd, Swae Lee, Slim Jxmmi, Zoë Kravitz",2018,https://open.spotify.com/track/4PZl0QLHeqYouwy0iASyNF,,,
5830,playlists,,Royal Flush (feat. Young Thug),"Rae Sremmurd, Young Thug",2023,https://open.spotify.com/track/5kzQ80V3lpL6r4qWMi8jtw,,,
5831,playlists,,Heaven & Hell (feat. Ghostface Killah),"Raekwon, Ghostface Killah",1995,https://open.spotify.com/track/2Ik0sIJPSV8aau7fDS9jJv,,,
5832,playlists,,We Can Do It,Rah Swish,2020,https://open.spotify.com/track/0drmBUDIIbLuKyce08H6Ku,,,
5833,playlists,,ANECDOTE,Rahul,2022,https://open.spotify.com/track/6dorpHqoBlF2fgY8BqPoVr,,,
5834,playlists,,When It Lands,Rainbow Kitten Surprise,2018,https://open.spotify.com/track/16ro1is6DmDKkarlJMBbzV,,,
5835,playlists,,Caminho Da Luz,Rainer Scheurenbrand,2006,https://open.spotify.com/track/58uSTCd7MWKsqqFEhDqWHD,,,
5836,playlists,,Cavalo Marinho,Rainer Scheurenbrand,2010,https://open.spotify.com/track/2msD2PCKztRZ18CM2B3OHQ,,,
5837,playlists,,Cura,Rainer Scheurenbrand,2006,https://open.spotify.com/track/0SV4oFc3BN8szsqHBD2bg9,,,
5838,playlists,,El Misterio,Rainer Scheurenbrand,2010,https://open.spotify.com/track/1G5uuUjHFx3NCKRXej5Mu6,,,
5839,playlists,,Estrella,Rainer Scheurenbrand,2010,https://open.spotify.com/track/28VrlEj0osh9zC2zyLAsru,Estrella,city,medium
5840,playlists,,Firmeza,Rainer Scheurenbrand,2006,https://open.spotify.com/track/0iVrVKq4Ev0d1Jt14eReGZ,,,
5841,playlists,,Fly,Rainer Scheurenbrand,2006,https://open.spotify.com/track/4YBYLOL5yKsV4lwowlTaz8,,,
5842,playlists,,Jardim Das Flores,Rainer Scheurenbrand,2006,https://open.spotify.com/track/5h9hx5t6EaBbHGC0h1IKQd,Jardim; Flores,city; city,medium
5843,playlists,,La Serpiente,Rainer Scheurenbrand,2010,https://open.spotify.com/track/4t4czsIb0Kvod3Q2MlwAlr,,,
5844,playlists,,Luaja,Rainer Scheurenbrand,2006,https://open.spotify.com/track/6BEGoGtgBbOdOstMklmCyM,,,
5845,playlists,,Madre,Rainer Scheurenbrand,2010,https://open.spotify.com/track/0OaF2Y4BRYFyXG1IQAVBAL,,,
5846,playlists,,Nana,Rainer Scheurenbrand,2006,https://open.spotify.com/track/4u5ujq94mHFg8e7sGrQqtU,,,
5847,playlists,,Noise,Rainer Scheurenbrand,2006,https://open.spotify.com/track/0XTCAlCr4V2z19HbLD6Lhy,,,
5848,playlists,,Passarinho,Rainer Scheurenbrand,2010,https://open.spotify.com/track/3XHHYoSVHxrC3J1rh6kqnk,,,
5849,playlists,,Round,Rainer Scheurenbrand,2006,https://open.spotify.com/track/69xdI9mfy2Tps3IFXF9y5F,,,
5850,playlists,,Shiva,Rainer Scheurenbrand,2006,https://open.spotify.com/track/6eDQPmRzLubUvSm4MQab3L,,,
5851,playlists,,Taita Inti,Rainer Scheurenbrand,2010,https://open.spotify.com/track/7Eu3Hntq0LKbFFYW8BuVRm,,,
5852,playlists,,Valor Do Pedido,Rainer Scheurenbrand,2006,https://open.spotify.com/track/4lRSSBFJAoGwxEZT0GJYTZ,,,
5853,playlists,,Vento,Rainer Scheurenbrand,2010,https://open.spotify.com/track/40hCAqWyWMr247zp0G0iyx,,,
5854,playlists,,Yemanja,Rainer Scheurenbrand,2010,https://open.spotify.com/track/6nu1Km5klgytwem6my0vHY,,,
5855,playlists,,#WhiteGirlVoice,Rajitheone,2016,https://open.spotify.com/track/2tJegwWt4jE5HgwoyFnvmO,,,
5856,playlists,,Bends,Ralph Castelli,2020,https://open.spotify.com/track/7neXef29cogkuASB5rTafo,,,
5857,playlists,,Good Morning,Ralph Castelli,2017,https://open.spotify.com/track/6rEkaGgEj1HLWZ9mjcZDjP,,,
5858,playlists,,Morning Sex,Ralph Castelli,2019,https://open.spotify.com/track/2fGRJzoiYJYAzlQAyBONMb,,,
5859,playlists,,Black Betty,Ram Jam,2005,https://open.spotify.com/track/0MnI39P9Dze0PSUjetb8Va,,,
5860,playlists,,Barking,Ramz,2017,https://open.spotify.com/track/2U5cq89GCnsR1yixKkC8d5,Barking,city,high
5861,playlists,,A Wedding in Cherokee County - 2002 Remaster,Randy Newman,1974,https://open.spotify.com/track/6ykqc6Z9kIKZBinWmEPitn,Cherokee County,pattern,low
5862,playlists,,Back on My Feet Again - 2002 Remaster,Randy Newman,1974,https://open.spotify.com/track/569dvIIgoXk5Q4jwONOzfm,,,
5863,playlists,,Birmingham - 2002 Remaster,Randy Newman,1974,https://open.spotify.com/track/5ZF3YU3oOEe7QsnJxz4CQV,Birmingham,city,high
5864,playlists,,Every Man a King - 2002 Remaster,Randy Newman,1974,https://open.spotify.com/track/6TOtltlIwJrPVHqUeXrimu,,,
5865,playlists,,Guilty - 2002 Remaster,Randy Newman,1974,https://open.spotify.com/track/6Pf46Rah6cYDPy6mtNYpxB,,,
5866,playlists,,Kingfish - 2002 Remaster,Randy Newman,1974,https://open.spotify.com/track/5fNi5vqe3VqWdpeJNTfR66,,,
5867,playlists,,Louisiana 1927 - 2002 Remaster,Randy Newman,1974,https://open.spotify.com/track/7qLEaxMiR8WUsCG1uOBsuO,Louisiana,us_state,high
5868,playlists,,Marie - 2002 Remaster,Randy Newman,1974,https://open.spotify.com/track/2RsIMMh9vfuaQanujKuqUq,,,
5869,playlists,,Mr. President (Have Pity on the Working Man) - 2002 Remaster,Randy Newman,1974,https://open.spotify.com/track/5mN62DPkjTQ9vQfI4ueioJ,,,
5870,playlists,,Naked Man - 2002 Remaster,Randy Newman,1974,https://open.spotify.com/track/1Y4YTkmEPJradjnnyTD5TR,,,
5871,playlists,,Rednecks - 2002 Remaster,Randy Newman,1974,https://open.spotify.com/track/2cS8dkvvjGxvArM1Nvj5IE,,,
5872,playlists,,Rollin' - 2002 Remaster,Randy Newman,1974,https://open.spotify.com/track/0AfiR5BgLzSAuXk3Y4PWLL,,,
5873,playlists,,REDBLUE (feat. J.I.D),"Rapsody, JID",2018,https://open.spotify.com/track/7omhmxhTylKsvKkHNCN9e3,,,
5874,playlists,,*,RATKING,2014,https://open.spotify.com/track/3Agmz07IgEtjj1I3ZXdY3g,,,
5875,playlists,,Bug Fights,RATKING,2014,https://open.spotify.com/track/4yIj0x9qE4KZXgY8nMG6XC,,,
5876,playlists,,Canal,RATKING,2014,https://open.spotify.com/track/0wxPewdsBgCJhRRhPWpoZd,,,
5877,playlists,,Cocoa '88,RATKING,2014,https://open.spotify.com/track/4t5VsNJdwNcqPRIglwvBbs,,,
5878,playlists,,Eat,RATKING,2014,https://open.spotify.com/track/1LqECNF5iIcU7BMax70t10,,,
5879,playlists,,Protein,RATKING,2014,https://open.spotify.com/track/6U6fGNPqw85AN2qqqdVohN,,,
5880,playlists,,Remove Ya,RATKING,2014,https://open.spotify.com/track/10RQp8DgILM0izuUqqFhIq,,,
5881,playlists,,Snow Beach,RATKING,2014,https://open.spotify.com/track/7knROEJ6qCIlhYea80GdSA,Snow Beach,pattern,low
5882,playlists,,So It Goes,RATKING,2014,https://open.spotify.com/track/56mJVMlMF0aNK6j4IkfwDt,,,
5883,playlists,,So Sick Stories,"RATKING, King Krule",2014,https://open.spotify.com/track/5oJEPfKRhdCt1R8d73XOiq,,,
5884,playlists,,Take,"RATKING, Salomon Faye",2014,https://open.spotify.com/track/6Omh54DnXqsu9kugewnMoA,,,
5885,playlists,,Puerto Rican Judo,"RATKING, Wavy Spice",2014,https://open.spotify.com/track/7weg38x9Nfz304xOasEbBl,,,
5886,playlists,,Crystal Express,Raury,2015,https://open.spotify.com/track/58l702tcyPKuXe9br3Grdl,,,
5887,playlists,,Forbidden Knowledge (feat. Big K.R.I.T.),"Raury, Big K.R.I.T.",2015,https://open.spotify.com/track/2tn5WaqHccH2pt1ik5Y2Lk,,,
5888,playlists,,Sexy Can I feat. Yung Berg,Ray J,2008,https://open.spotify.com/track/0DdpxWfVvUGgkJv5536tiF,,,
5889,playlists,,Dawg House,"Ray Vaughn, Isaiah Rashad",2022,https://open.spotify.com/track/4OWhcwHOnB7ZLGJI0Fo4oN,,,
5890,playlists,,Get Back,RCADE,2015,https://open.spotify.com/track/3A1OAo3irxEPVfIzbyUTCQ,,,
5891,playlists,,Pressure,"Real Recognize Rio, 21 Savage",2020,https://open.spotify.com/track/0vTFOTrZmJKigpoRLW3gf9,,,
5892,playlists,,Might Not Make It,REASON,2020,https://open.spotify.com/track/1Yao6wDVDJlxdEaY4iVpdT,,,
5893,playlists,,Flick It Up,"REASON, Ab-Soul",2019,https://open.spotify.com/track/311YyH2JoudjNJ9rhSJoCS,,,
5894,playlists,,Extinct,"REASON, Isaiah Rashad, JID",2020,https://open.spotify.com/track/70hDklZStSazrExPjHJPfR,,,
5895,playlists,,Pop Shit,"REASON, ScHoolboy Q",2020,https://open.spotify.com/track/0JsnkV2AbcCSvQ0dGYprRb,,,
5896,playlists,,IMPALAS & HYDRAULICS (Ft. The Game),"REASON, The Game",2022,https://open.spotify.com/track/4EwwOC5ajOeyCVdPrScy5t,,,
5897,playlists,,SAUCE,"REASON, Vince Staples",2020,https://open.spotify.com/track/0Td7fSJnnP609ZBiK0s6rc,,,
5898,playlists,,Trapped In,"REASON, WESTSIDE BOOGIE, Ab-Soul",2020,https://open.spotify.com/track/1MaJLQ1WApI1Kidrf4jgYN,,,
5899,playlists,,Around the World,Red Hot Chili Peppers,1999,https://open.spotify.com/track/0aGQHMr7bc23Y9Ts84ffop,,,
5900,playlists,,By the Way,Red Hot Chili Peppers,2002,https://open.spotify.com/track/1f2V8U1BiWaC9aJWmpOARe,,,
5901,playlists,,Californication,Red Hot Chili Peppers,1999,https://open.spotify.com/track/48UPSzbZjgc449aqz8bxox,,,
5902,playlists,,Dani California,Red Hot Chili Peppers,2006,https://open.spotify.com/track/10Nmj3JCNoMeBQ87uw5j8k,California,us_state,high
5903,playlists,,Give It Away,Red Hot Chili Peppers,1991,https://open.spotify.com/track/0uppYCG86ajpV2hSR3dJJ0,,,
5904,playlists,,We Only Guzzle Diesel,Red White and Country,2026,https://open.spotify.com/track/12F4CXRtIpF6QhBcV8KXwW,,,
5905,playlists,,She's Toxic,REDHEDII,2023,https://open.spotify.com/track/2FdQrfhm11TCBOQ35hrHCi,,,
5906,playlists,,04,redveil,2021,https://open.spotify.com/track/00K2pd2dQzlQyMiC5Ce3c5,,,
5907,playlists,,pg baby,redveil,2022,https://open.spotify.com/track/2qfPBPq9BEVEd1GF4UH96H,,,
5908,playlists,,Soulfood,redveil,2020,https://open.spotify.com/track/2uL3sat19TiMOOahR2jutD,,,
5909,playlists,,Every Night,"Reel Mood, Taiki Nulight, Jack Beats",2023,https://open.spotify.com/track/2ZaTYaWsalmHIFnR27prBz,,,
5910,playlists,,Traffic,reggie,2021,https://open.spotify.com/track/5zBDAhKVH4lAXzXwmPGThy,,,
5911,playlists,,ACID TRIP,Rejjie Snow,2017,https://open.spotify.com/track/7Es2OBtD2DPHfz6gqSWH8Z,,,
5912,playlists,,PURPLE TUESDAY (feat. Joey Bada$$ & Jesse Boykins III),"Rejjie Snow, Joey Bada$$, Jesse Boykins III",2017,https://open.spotify.com/track/4Pd47r1xamgrYZb9qqDjE0,,,
5913,playlists,,Alone in Miami,Remi Wolf,2024,https://open.spotify.com/track/4kJji6M0tDGppcCXliF6Kf,Miami,city,high
5914,playlists,,Bottle,Remi Wolf,2026,https://open.spotify.com/track/6RE9jLqeJftjRXERFYOK9E,,,
5915,playlists,,Photo ID (with Dominic Fike),"Remi Wolf, Dominic Fike",2021,https://open.spotify.com/track/0RW1UL8w8rjQkaIaljaFc5,,,
5916,playlists,,Endless,Rence,2021,https://open.spotify.com/track/39TniRr67zsLesnyrwrkLK,,,
5917,playlists,,On My Way,Reo Cragun,2017,https://open.spotify.com/track/6TC0snyor5XOJzP6dGxRkn,,,
5918,playlists,,Trap Music,Reo Cragun,2017,https://open.spotify.com/track/3xRyj7zXv6q2VDOQGj8gqH,,,
5919,playlists,,Affection,RetcH,2019,https://open.spotify.com/track/6a51rH434rFmTTEwrjn4qO,,,
5920,playlists,,Bodeine Brazy,RetcH,2019,https://open.spotify.com/track/2tR8OR3LOLHSG55aM1xHRR,,,
5921,playlists,,Came In,RetcH,2019,https://open.spotify.com/track/2yCesaGk6XR3vNyniprWyW,,,
5922,playlists,,Dead Friends,RetcH,2019,https://open.spotify.com/track/0OhqdMjMrI77GzU49b568S,,,
5923,playlists,,Gang Shit,RetcH,2019,https://open.spotify.com/track/6KqRPPYdqZYTbALdtkuUAT,,,
5924,playlists,,Goin Up (Intro),RetcH,2019,https://open.spotify.com/track/1tGoBojXLvBzZhd3vvzUmK,,,
5925,playlists,,Keep Bangin,RetcH,2019,https://open.spotify.com/track/6NXi4wEdbAhRYOjIXTvvB1,,,
5926,playlists,,Nah Fr,RetcH,2019,https://open.spotify.com/track/3Mkp4kY6Elb2R9yjxfy4cc,,,
5927,playlists,,Off The Porch,RetcH,2019,https://open.spotify.com/track/78sAz4W48mx8eLHPin4nNs,,,
5928,playlists,,Porn Star,RetcH,2019,https://open.spotify.com/track/1YCzmq4vZe0CRtIIlztGt7,,,
5929,playlists,,Trickery,RetcH,2019,https://open.spotify.com/track/4Mvw2Z076XQldIvCE6C7Az,,,
5930,playlists,,Trippin,RetcH,2019,https://open.spotify.com/track/06j9IjXdbiKPTMMLDA8hrL,,,
5931,playlists,,Fed Up (feat. Gu Mitch),"RetcH, Gu Mitch",2019,https://open.spotify.com/track/1fcVdAoGyQoInGiPn4XUyW,,,
5932,playlists,,On Me (feat. ScHoolboy Q),"RetcH, ScHoolboy Q",2019,https://open.spotify.com/track/190sgxVa3DPqGDiSj4CfwT,,,
5933,playlists,,Grandma Song,Rex Orange County,2026,https://open.spotify.com/track/7ELw4A1MnqcOMVndn9R86G,,,
5934,playlists,,New House,Rex Orange County,2019,https://open.spotify.com/track/7xTQxahFaoFGbDjgh8v0Re,,,
5935,playlists,,Handheld GPS,Rexx Life Raj,2016,https://open.spotify.com/track/677ai1ZuIvkr13W5vSR9wn,,,
5936,playlists,,Jingaling / Not in My League,Rexx Life Raj,2018,https://open.spotify.com/track/3YN17jzp84JXIIPu6UHqMg,,,
5937,playlists,,Long Way,Rexx Life Raj,2018,https://open.spotify.com/track/4sEBpCELUudDbaEX0UPr2g,,,
5938,playlists,,The Light,Rexx Life Raj,2018,https://open.spotify.com/track/7LPlqRwb45uiAy9sxL0pwa,,,
5939,playlists,,Tucked Off Shawty / Touch Down,Rexx Life Raj,2018,https://open.spotify.com/track/5gR7KBAAylqw7SohyBRXCP,,,
5940,playlists,,Yayo,Rexx Life Raj,2018,https://open.spotify.com/track/0dzqrwBe8Z5d376iGfGMtd,,,
5941,playlists,,Sprinkle Me (feat. E-40),"Rexx Life Raj, E-40",2018,https://open.spotify.com/track/7cBDFTLyylhNtGWi3an24s,,,
5942,playlists,,Won't Let Go (feat. Will Fraker),"Rexx Life Raj, Will Fraker",2018,https://open.spotify.com/track/2dhq6kjeCzWTXyeY17Yqw5,,,
5943,playlists,,Sacrificial,"Rezz, PVRIS",2021,https://open.spotify.com/track/5YvYKEQEYJp4orh4z3Dnpk,,,
5944,playlists,,Clothes Off - Neon Dreams Remix,"Ria Mae, Neon Dreams",2015,https://open.spotify.com/track/1r2hdDXlIRswB3qpL6R6Yp,,,
5945,playlists,,100 Degrees,Rich Brian,2019,https://open.spotify.com/track/2ZDpSQfBdgkooeXw6oj3Uz,,,
5946,playlists,,Amen,Rich Brian,2018,https://open.spotify.com/track/4gAakyurZ4cbgnPyTuswp7,,,
5947,playlists,,Chaos,Rich Brian,2018,https://open.spotify.com/track/6vEX5CtjtBgz4LM3EWturf,,,
5948,playlists,,Cold,Rich Brian,2018,https://open.spotify.com/track/0nKpHGrnuejevp6openGaF,,,
5949,playlists,,Dat $tick,Rich Brian,2016,https://open.spotify.com/track/4bdJHQp90ymjEIkkYhcENB,,,
5950,playlists,,Enemies,Rich Brian,2018,https://open.spotify.com/track/1LjNfa52hD7EduC4EvZY51,,,
5951,playlists,,Flight,Rich Brian,2018,https://open.spotify.com/track/2vyEkiHFDjWW19k0h3uvFv,,,
5952,playlists,,Glow Like Dat,Rich Brian,2018,https://open.spotify.com/track/7MXcmkmyxEYAJf04cbqKoI,,,
5953,playlists,,Kitty,Rich Brian,2018,https://open.spotify.com/track/7dhRZ7wOikJEN3kr9nVWQO,,,
5954,playlists,,Little Ray Of Light,Rich Brian,2025,https://open.spotify.com/track/6az0lDUrzgyGYBTyRvYRBH,,,
5955,playlists,,Love In My Pocket,Rich Brian,2020,https://open.spotify.com/track/2M9j38t0cz0lGTtLqxRT3r,,,
5956,playlists,,New Tooth,Rich Brian,2021,https://open.spotify.com/track/2cyD0OE6HQwSk2nmDcQx1O,,,
5957,playlists,,Occupied,Rich Brian,2018,https://open.spotify.com/track/7tCtApWNvLIIlplk3NieWx,,,
5958,playlists,,Oh Well,Rich Brian,2025,https://open.spotify.com/track/1ZPCP9A99sslhQoGbYE4Mm,,,
5959,playlists,,See Me,Rich Brian,2018,https://open.spotify.com/track/17I8HJ0rI760NXwve92rpO,,,
5960,playlists,,Sundance Freestyle,Rich Brian,2023,https://open.spotify.com/track/0M4PHkYu3loA8rtjrHq5Ym,,,
5961,playlists,,Sydney,Rich Brian,2021,https://open.spotify.com/track/3OzZSSRbdIr1Jojw1rHUB1,Sydney,city,high
5962,playlists,,Trespass,Rich Brian,2018,https://open.spotify.com/track/3oYIm3GyXki3zEX6It90Wi,,,
5963,playlists,,Arizona (feat. AUGUST 08),"Rich Brian, AUGUST 08",2018,https://open.spotify.com/track/3q0UN40vV6mI7TT560Ry5l,Arizona,us_state,high
5964,playlists,,Yellow (feat. Bekon),"Rich Brian, Bekon",2019,https://open.spotify.com/track/3GCb1V1yb8Jg4zqB8MqaC8,,,
5965,playlists,,BALI,"Rich Brian, Guapdad 4000",2020,https://open.spotify.com/track/2XW3vH6ZqMHvlzUSfhWW2X,Bali,island,high
5966,playlists,,Introvert (feat. Joji),"Rich Brian, Joji",2018,https://open.spotify.com/track/3qbqWUDl9j09PeBaQ6CZgr,,,
5967,playlists,,Gospel,"Rich Brian, Keith Ape, XXXTENTACION",2017,https://open.spotify.com/track/7uuBfgY1vBCalrQRyyQhqs,,,
5968,playlists,,Little Prince (feat. NIKI),"Rich Brian, NIKI",2018,https://open.spotify.com/track/3jKJnHixssQxdCShjpirKQ,,,
5969,playlists,,Attention (feat. Offset),"Rich Brian, Offset",2018,https://open.spotify.com/track/16wWFYS9S4hKBk2Ofj3Ss6,,,
5970,playlists,,Replay,Rich Homie Quan,2017,https://open.spotify.com/track/0aXTBFVqHjmHNYmkZa46Ov,,,
5971,playlists,,Like Mike (feat. Jay Critch & A Boogie wit da Hoodie),"Rich The Kid, Jay Critch, A Boogie Wit da Hoodie",2019,https://open.spotify.com/track/4gJUBncw0XCMTBHneTjqGx,,,
5972,playlists,,Gimme A Second 2,"Rich The Kid, Kanye West, Peso Pluma, Ty Dolla $ign",2024,https://open.spotify.com/track/5FYHVGP9TINgbfLvzMhnVl,,,
5973,playlists,,New Freezer (feat. Kendrick Lamar),"Rich The Kid, Kendrick Lamar",2017,https://open.spotify.com/track/4pYZLpX23Vx8rwDpJCpPTA,,,
5974,playlists,,Two Cups (feat. Offset & Big Sean),"Rich The Kid, Offset, Big Sean",2019,https://open.spotify.com/track/7r62wx5N1cOQxYr6b0p2Bi,,,
5975,playlists,,"My Neck, My Back",Richard Cheese,2010,https://open.spotify.com/track/3TfrcPqJhuD0HEixM4JQA2,,,
5976,playlists,,Evergreen,Richy Mitch & The Coal Miners,2017,https://open.spotify.com/track/6me7F0aaZjwDo6RJ5MrfBD,Evergreen,city,medium
5977,playlists,,Not For Nothing (feat. Anderson .Paak),"Rick Ross, Anderson .Paak",2022,https://open.spotify.com/track/67Bk34LZG8tWOz7yoaX4n4,,,
5978,playlists,,Vacheron (feat. AZ),"Rick Ross, AZ",2022,https://open.spotify.com/track/1JSiVMBXewUcddAQhyJWLz,,,
5979,playlists,,Gold Roses (feat. Drake),"Rick Ross, Drake",2019,https://open.spotify.com/track/4aPB8rSxGFISs0o6V2LrTy,,,
5980,playlists,,Outlawz (feat. Jazmine Sullivan & 21 Savage),"Rick Ross, Jazmine Sullivan, 21 Savage",2021,https://open.spotify.com/track/6rdKv5xmdOs3zsg6mpBK53,,,
5981,playlists,,Sanctified,"Rick Ross, Kanye West, Big Sean",2014,https://open.spotify.com/track/39RWgrQOBCLQH88wy0TBm9,,,
5982,playlists,,In Vein,"Rick Ross, The Weeknd",2014,https://open.spotify.com/track/3JVYnKW43PB7aO1X9kSDxH,,,
5983,playlists,,Little Havana (feat. Willie Falcon & The-Dream),"Rick Ross, THE-DREAM, Willie Falcon",2021,https://open.spotify.com/track/3gndNki9XASWs43xZbbVlG,Little Havana,city,high
5984,playlists,,Act a Fool,"Rick Ross, Wale",2019,https://open.spotify.com/track/3KIMdTgROcteSwwKwoK3Bs,,,
5985,playlists,,Warm Words in a Cold World (feat. Wale & Future),"Rick Ross, Wale, Future",2021,https://open.spotify.com/track/7MXMsxYGTcU0tD54EnBL9f,,,
5986,playlists,,Jessie's Girl,Rick Springfield,1981,https://open.spotify.com/track/2F1fnE1a8zQCogM6jJifHH,,,
5987,playlists,,Livin' la Vida Loca,Ricky Martin,1999,https://open.spotify.com/track/0Ph6L4l8dYUuXFmb71Ajnd,,,
5988,playlists,,H.O.T.,"Rico Nasty, Boys Noize",2024,https://open.spotify.com/track/4ARDoNfzkclZOONnsXnEtB,,,
5989,playlists,,Harry Potter,Ricotrap,2022,https://open.spotify.com/track/76exXsKg2MjZ4tidau0317,,,
5990,playlists,,4 Million,Riff Raff,2016,https://open.spotify.com/track/03hF6mp5HEFymVn7sTDweq,,,
5991,playlists,,8 POUNDS OF THE DRAKE,Riff Raff,2019,https://open.spotify.com/track/3c07nSQ1lAj8daYmKWXjow,,,
5992,playlists,,Carlos Slim,Riff Raff,2016,https://open.spotify.com/track/6WaDXXE9JXtR5dFO4WudFJ,,,
5993,playlists,,Chris Paul,Riff Raff,2016,https://open.spotify.com/track/3YDh4ajfCB842s1nfhunfQ,,,
5994,playlists,,i JUST BOUGHT A BRiCK FROM CHRiSTiNA AGUiLERA,Riff Raff,2019,https://open.spotify.com/track/7bUVBN4UcTNUcro2w60Gmr,,,
5995,playlists,,i SEE iCE iCY STUPiD iCE,Riff Raff,2019,https://open.spotify.com/track/36GHGj22odGd8OQ0jKFS2B,,,
5996,playlists,,NEYON,Riff Raff,2019,https://open.spotify.com/track/5hAL4SokqXQ2vhA4THlgak,,,
5997,playlists,,Only In America,Riff Raff,2016,https://open.spotify.com/track/4LrAgCXHMhMGvcW7Myw5yL,America,region,high
5998,playlists,,Peach Panther (Freestyle),Riff Raff,2016,https://open.spotify.com/track/0Ze0BoYn2V4pIIiO47siJ2,,,
5999,playlists,,Syrup Sippin' Assassin,Riff Raff,2016,https://open.spotify.com/track/2YaaVrdnCgFAe6McdaQn2L,,,
6000,playlists,,WHAT DOES iT MEAN TO BE A QUEEN,Riff Raff,2019,https://open.spotify.com/track/7dBkGRBm8IqBSn8oRUsIuc,,,
6001,playlists,,YES i DONT PLAY GAMES,Riff Raff,2019,https://open.spotify.com/track/6wlhJj3x4FpHOMZCxjEDPF,,,
6002,playlists,,TiP TOE 3,"Riff Raff, Chief Keef",2019,https://open.spotify.com/track/3Min9QOinM41SPnvOG68P3,,,
6003,playlists,,All I Ever Wanted (feat. Dolla Bill Gates),"Riff Raff, Dolla Bill Gates",2016,https://open.spotify.com/track/0cKXh5u1vw5lAOBkx1b8g7,,,
6004,playlists,,Mercedez (feat. G-Eazy & J. Doe),"Riff Raff, G-Eazy, J. Doe",2016,https://open.spotify.com/track/4nD5ahVPfpbAzKK7qTxF8h,,,
6005,playlists,,I Drive By (feat. Gucci Mane & Danny Brown),"Riff Raff, Gucci Mane, Danny Brown",2016,https://open.spotify.com/track/7mm1CC9ALKhySbzVAbCyq5,I Drive,pattern,low
6006,playlists,,JODY HiGHROLLER QUARTER MiLL EVERY NIGHT,"Riff Raff, J-Dawg",2019,https://open.spotify.com/track/13sC88OXvkewyKGEaOgqZQ,,,
6007,playlists,,I Don't Like To Think (feat. Problem),"Riff Raff, JasonMartin",2016,https://open.spotify.com/track/1iP4uwu4OQJb6WCczBacai,,,
6008,playlists,,iNDiANA BOBBY KNiGHT HOOSiERS,"Riff Raff, Killah Priest",2019,https://open.spotify.com/track/50joeBFNu0wlbXssbQZYJK,Indiana,us_state,high
6009,playlists,,Shout Out to the Bay (feat. King Chip),"Riff Raff, King Chip",2016,https://open.spotify.com/track/4F2lEyNp9XJUeglBjwO3qL,,,
6010,playlists,,Betcha' Didn't Know (feat. Lil Durk),"Riff Raff, Lil Durk",2016,https://open.spotify.com/track/1crV2OdZNfAGoP8xFKiTVN,,,
6011,playlists,,Million Dollar Mullet,"Riff Raff, Yelawolf, RONNY J",2020,https://open.spotify.com/track/0WXq5PohrDKY209uBmuNjz,,,
6012,playlists,,Bitch Better Have My Money,Rihanna,2015,https://open.spotify.com/track/0NTMtAO2BV4tnGvw9EgBVq,,,
6013,playlists,,Breakin' Dishes,Rihanna,2008,https://open.spotify.com/track/46aZJc0z1HHHSFxaIRxYSP,,,
6014,playlists,,Disturbia,Rihanna,2008,https://open.spotify.com/track/2VOomzT6VavJOGBeySqaMc,,,
6015,playlists,,Kiss It Better - KAYTRANADA Edition,Rihanna,2016,https://open.spotify.com/track/62tnsScYuep18LnQiQqHmX,,,
6016,playlists,,Pon de Replay,Rihanna,2005,https://open.spotify.com/track/4TsmezEQVSZNNPv5RJ65Ov,,,
6017,playlists,,Rude Boy,Rihanna,2009,https://open.spotify.com/track/4pvLiHkcQ3CSNFKT7HGSGM,,,
6018,playlists,,S&M,Rihanna,2010,https://open.spotify.com/track/7ySUcLPVX7KudhnmNcgY2D,,,
6019,playlists,,Sex With Me,Rihanna,2016,https://open.spotify.com/track/5FuqYDuS2U6ZFiZgTiSwKH,,,
6020,playlists,,Shut Up And Drive,Rihanna,2007,https://open.spotify.com/track/4QdX6pmNnJ5cleufWQIr5D,Shut Up And Drive,pattern,low
6021,playlists,,SOS,Rihanna,2006,https://open.spotify.com/track/30cSNer6TV8x2utjULVeQ5,,,
6022,playlists,,Where Have You Been,Rihanna,2011,https://open.spotify.com/track/3tyPOhuVnt5zd5kGfxbCyL,,,
6023,playlists,,We Found Love,"Rihanna, Calvin Harris",2011,https://open.spotify.com/track/6qn9YLKt13AGvpq9jfO8py,,,
6024,playlists,,Umbrella,"Rihanna, JAŸ-Z",2008,https://open.spotify.com/track/49FYlytm3dAAraYgpoJZux,,,
6025,playlists,,Needle On The Record,Riordan,2023,https://open.spotify.com/track/5qKuF0NtvWVn5UarAgyli3,,,
6026,playlists,,TWOSTEP,Riordan,2025,https://open.spotify.com/track/1Gm9mRYaqU7VpJBsZsWbgQ,,,
6027,playlists,,Bring Me Down,"Riordan, Stanton Warriors",2024,https://open.spotify.com/track/1AbcrtCnLmzGAocDXuQNTE,,,
6028,playlists,,CMND CNTRL (feat. FEYI),"Riton, FEYI",2023,https://open.spotify.com/track/2nx4zXquY958X4LKNlHD6X,,,
6029,playlists,,Fake ID,"Riton, Kah-Lo",2017,https://open.spotify.com/track/5mr06ofu0NYuw3XpiokMct,,,
6030,playlists,,Fake ID (Coke & Rum Remix),"Riton, Kah-Lo, GEE LEE",2022,https://open.spotify.com/track/7cnS0EPwBnP9ZIdGOAOY7c,,,
6031,playlists,,Friday (feat. Mufasa & Hypeman) - Dopamine Re-Edit,"Riton, Nightcrawlers, Mufasa & Hypeman, Mufasa, Dopamine",2021,https://open.spotify.com/track/4cG7HUWYHBV6R6tHn1gxrl,,,
6032,playlists,,Motel 6,River Whyless,2018,https://open.spotify.com/track/6hUTzxvNiJ1c0lYqgoOTBW,,,
6033,playlists,,Her Honeymoon,RMR,2021,https://open.spotify.com/track/5aZuJDwYLDPjUtvmIwrRrY,,,
6034,playlists,,I'M NOT OVER YOU,RMR,2020,https://open.spotify.com/track/7azKwxRJQYTjshRkbLQVQS,,,
6035,playlists,,NOUVEAU RICHE,RMR,2020,https://open.spotify.com/track/1HUTQmj36o43V2r2zPDzGm,,,
6036,playlists,,DEALER (feat. Future & Lil Baby),"RMR, Future, Lil Baby",2020,https://open.spotify.com/track/2Phy6PupYrV7yn1cjV8kTL,,,
6037,playlists,,Vibes (feat. Tyla Yaweh),"RMR, Tyla Yaweh",2021,https://open.spotify.com/track/21jwqimTZUKi9eTLzzI0ST,,,
6038,playlists,,Beast,Rob Bailey & The Hustle Standard,2013,https://open.spotify.com/track/0WKY4nRJgz3GUG7IqkTgUH,,,
6039,playlists,,Hungry,Rob Bailey & The Hustle Standard,2012,https://open.spotify.com/track/6fd3mZrsVbe7N6whWrlZYv,,,
6040,playlists,,Get Hype,"Rob Vice, MNRVA",2024,https://open.spotify.com/track/2ijXRwJ28FfqOHqM1un4cq,,,
6041,playlists,,Hip Hop Rockstar,"Robin og Bugge, Bugge Vs. Lucky Stroke",2010,https://open.spotify.com/track/3DzboVZ0LpvnBLKDK8lLew,,,
6042,playlists,,Dopamine,Robyn,2025,https://open.spotify.com/track/168GHxsiJyT9tlJN74ZO11,,,
6043,playlists,,Talk To Me,Robyn,2026,https://open.spotify.com/track/6rY4CO2ko4iWpSIm93fWJv,,,
6044,playlists,,late at night,Roddy Ricch,2021,https://open.spotify.com/track/1fxYz1s15pyZLsJT0Hdh1m,,,
6045,playlists,,Stop Breathing,Roddy Ricch,2022,https://open.spotify.com/track/6mM8gri8d2abYYomjOV4ut,,,
6046,playlists,,hibachi (feat. Kodak Black & 21 Savage),"Roddy Ricch, 21 Savage, Kodak Black",2021,https://open.spotify.com/track/7FCDmAel69bzxRkOxbh2dB,,,
6047,playlists,,Ghetto Superstar (feat. G Herbo & Doe Boy),"Roddy Ricch, G Herbo, Doe Boy",2022,https://open.spotify.com/track/0LegBxMfbgMUSmDA6uhFWp,,,
6048,playlists,,High Hopes 3000,ROLE MODEL,2026,https://open.spotify.com/track/1dKUibfoGwiApjEYJhB9R2,,,
6049,playlists,,"Sally, When The Wine Runs Out",ROLE MODEL,2025,https://open.spotify.com/track/2J051fjLklkoPbzOoTAACZ,,,
6050,playlists,,So,Rome Fortune,2014,https://open.spotify.com/track/0tJk0fc0mbvxktb6dXiqIz,,,
6051,playlists,,Costa Rica (feat. Ski Mask the Slump God),"RONNY J, Ski Mask The Slump God",2018,https://open.spotify.com/track/6JxdRch1BQkPVUWjcuudvI,Costa Rica,country,high
6052,playlists,,Tiger Striped Sky,Roo Panes,2014,https://open.spotify.com/track/6FOyzhp375u8DapDyQqGTh,,,
6053,playlists,,Furcoat,roro,2024,https://open.spotify.com/track/6tqAV2mop375J4CA76t740,,,
6054,playlists,,Berghain,"ROSALÍA, Björk, Yves Tumor",2025,https://open.spotify.com/track/2T8yuUKl1nhmtaIocqWo4i,,,
6055,playlists,,TKN (feat. Travis Scott),"ROSALÍA, Travis Scott",2020,https://open.spotify.com/track/4w47S36wQGBhGg073q3nt7,,,
6056,playlists,,The Pipi Man,Rose & Brooks,2023,https://open.spotify.com/track/78dKQByn9poDS0jxEckVdJ,,,
6057,playlists,,Lotto,"Rotimi, 50 Cent",2015,https://open.spotify.com/track/26jWgq0AwAxYCG3DvAVDYE,,,
6058,playlists,,Filth - Greed Is Evil Mix,"Rowan Blades, Chris Lake",2004,https://open.spotify.com/track/6LwNHeOTkMhvVdHAlE3pvZ,,,
6059,playlists,,9 Bridge,"Rowdy Rebel, A Boogie Wit da Hoodie",2021,https://open.spotify.com/track/2sHekv6OdEiO4htSjdB9j4,9 Bridge,pattern,low
6060,playlists,,I DONT KNOW ABOUT HIM,Roy Blair,2019,https://open.spotify.com/track/3CQ5CKzEaC7eCOlUyU7Bdm,,,
6061,playlists,,Thunder,Roy Blair,2017,https://open.spotify.com/track/0afGLa6wcYiLLXFZ48ZQpY,,,
6062,playlists,,B-Town,Roy Woods,2017,https://open.spotify.com/track/1rRygQj3K8cPKRHhq3CtsZ,,,
6063,playlists,,Back It Up (feat. PARTYNEXTDOOR),Roy Woods,2017,https://open.spotify.com/track/6a6HeUV53Ie7K0gcbpE8c6,,,
6064,playlists,,Bad Bad,Roy Woods,2022,https://open.spotify.com/track/1md6otYHFdOp8itdRp4r2h,,,
6065,playlists,,BB,Roy Woods,2017,https://open.spotify.com/track/0WBGu4SCQxUSFtYRomXni9,,,
6066,playlists,,Bubbly,Roy Woods,2019,https://open.spotify.com/track/0tfRSZFPMrZk9R92erxBea,,,
6067,playlists,,Dangerous,Roy Woods,2016,https://open.spotify.com/track/313cdthw8naSCqGDNON7XB,,,
6068,playlists,,Down Girl,Roy Woods,2016,https://open.spotify.com/track/4PZ4xyWBCCJqAeWI8uSLca,,,
6069,playlists,,Four Seasons,Roy Woods,2016,https://open.spotify.com/track/1zZA8kT0U3pADcJ3GIhdEQ,,,
6070,playlists,,Get You Good,Roy Woods,2015,https://open.spotify.com/track/2yTTfOaptQVJiocgjoQFfi,,,
6071,playlists,,Glasses,Roy Woods,2017,https://open.spotify.com/track/1RHtCeYGacnin02PcRGOZ4,,,
6072,playlists,,I Feel It,Roy Woods,2020,https://open.spotify.com/track/6KvcY1m9TEu1AHpTnywXm0,,,
6073,playlists,,In the Club,Roy Woods,2017,https://open.spotify.com/track/5RbHmTxWjHgn2yR1MpC3VW,,,
6074,playlists,,Insecure,Roy Woods,2022,https://open.spotify.com/track/5ChrCVSERccPyn3p2Clsum,,,
6075,playlists,,Involved,Roy Woods,2016,https://open.spotify.com/track/2lRrlJxloNH5XYax6kaW3j,,,
6076,playlists,,Little Bit of Lovin,Roy Woods,2017,https://open.spotify.com/track/5l5wRXA7asTNjh3V0oNGPs,,,
6077,playlists,,Love You,Roy Woods,2016,https://open.spotify.com/track/4CluZnxfygZoo4OwFm0xUd,,,
6078,playlists,,Magic,Roy Woods,2016,https://open.spotify.com/track/3yfBq40ZhwQWs9xcdQMcmY,,,
6079,playlists,,Medusa,Roy Woods,2017,https://open.spotify.com/track/0i1YwWmVoNlAckK2ej9K4I,,,
6080,playlists,,Menace,Roy Woods,2016,https://open.spotify.com/track/4cgWdfBPK7C3KYNeCtl11j,,,
6081,playlists,,Monday to Monday,Roy Woods,2017,https://open.spotify.com/track/52ztI2AthLbmFHyGE3CzSl,,,
6082,playlists,,Russian Cream,Roy Woods,2018,https://open.spotify.com/track/3bJS7RCjB6aNp5J219AmN3,,,
6083,playlists,,Say Less,Roy Woods,2017,https://open.spotify.com/track/5sOW5hiIFFjtS51KMlWwt1,,,
6084,playlists,,Shot Again,Roy Woods,2020,https://open.spotify.com/track/7jHYiFS2lcQ76ukeHUciZK,,,
6085,playlists,,Snow White,Roy Woods,2018,https://open.spotify.com/track/3sb1NdZFD53XL4S5djniZT,,,
6086,playlists,,Something New,Roy Woods,2017,https://open.spotify.com/track/4d2iGFWFAMt6AE7SQ7Psxh,,,
6087,playlists,,The Way You Sex,Roy Woods,2017,https://open.spotify.com/track/65APaGGVoN1efvB7Sd3mmy,,,
6088,playlists,,Top Left,Roy Woods,2017,https://open.spotify.com/track/5DXHRoMij9Dm1Hs5lbKYq8,,,
6089,playlists,,Touch You,Roy Woods,2021,https://open.spotify.com/track/0wb4yG8GfIbDKAe2SPAy53,,,
6090,playlists,,Undivided,Roy Woods,2017,https://open.spotify.com/track/4ZTETnwHx0TlJbSJORennq,,,
6091,playlists,,What Are You On?,Roy Woods,2017,https://open.spotify.com/track/0IJLZPSVj1YVHJQAG5BEdw,,,
6092,playlists,,Worth It,Roy Woods,2019,https://open.spotify.com/track/3MlLMID86qXhSMDhniWqH1,,,
6093,playlists,,Young Boy Problems,Roy Woods,2023,https://open.spotify.com/track/5EdeGgDVwGyo2OFAIKCksW,,,
6094,playlists,,Take Time (feat. 24hrs),"Roy Woods, 24hrs",2017,https://open.spotify.com/track/7ulQ51iAbfUjbEifA3AybH,,,
6095,playlists,,Drama (feat. Drake),"Roy Woods, Drake",2015,https://open.spotify.com/track/0PXp9QxBfSKGGpWUNaws2X,Dráma,city,medium
6096,playlists,,Instinct (feat. MadeinTYO),"Roy Woods, MadeinTYO",2016,https://open.spotify.com/track/49VzL5oBsUICN7U34T98b9,,,
6097,playlists,,Chilli Peppers (feat. Majid Jordan),"Roy Woods, Majid Jordan",2016,https://open.spotify.com/track/6z832PPPyMHmahjAihz9lU,,,
6098,playlists,,Balance (feat. dvsn & PnB Rock),"Roy Woods, PnB Rock, dvsn",2017,https://open.spotify.com/track/78yeKzZVT9ARq9icCvEF3A,,,
6099,playlists,,Field Negro,"Royce Da 5'9""",2019,https://open.spotify.com/track/5qx9NcQkrgOIG1yjDlES2p,,,
6100,playlists,,Boblo Boat (feat. J. Cole),"Royce Da 5'9"", J. Cole",2018,https://open.spotify.com/track/0DFXJsb272VivfOYi6bRtj,,,
6101,playlists,,Black Savage,"Royce Da 5'9"", Sy Ari Da Kid, White Gold, CyHi, T.I.",2019,https://open.spotify.com/track/1jfdDOY7c5yOxt7XE1aZ40,,,
6102,playlists,,moody,Royel Otis,2025,https://open.spotify.com/track/7MerIDn7wpEH4OEGbpasSH,,,
6103,playlists,,Oysters In My Pocket,Royel Otis,2022,https://open.spotify.com/track/2B664ulJSVBd6B8SAY3Wux,,,
6104,playlists,,say something,Royel Otis,2025,https://open.spotify.com/track/3E3UHWv6I1WD2PqBjbeXn7,,,
6105,playlists,,Lost,"RSCL, it's murph, Twin Diplomacy, Jack August",2022,https://open.spotify.com/track/5XFktAerFHxM4tp7EhzTrh,,,
6106,playlists,,Echo,"RSCL, Repiet, Julia Kleijn",2023,https://open.spotify.com/track/32fmwlkq7srmOAb5N0vdyj,,,
6107,playlists,,Sour Patch,Ruby Waters,2024,https://open.spotify.com/track/4I0XnxrpkwD7CvJuUm9DgB,,,
6108,playlists,,A Report to the Shareholders / Kill Your Masters,Run The Jewels,2016,https://open.spotify.com/track/2VHG9dSgkbx9aodlAcdW6H,,,
6109,playlists,,Call Ticketron,Run The Jewels,2016,https://open.spotify.com/track/4E9RsETCexFzZfSovxFksR,,,
6110,playlists,,Don't Get Captured,Run The Jewels,2016,https://open.spotify.com/track/3PxxBt3BnzhtyPSqDcgQQ9,,,
6111,playlists,,Everybody Stay Calm,Run The Jewels,2016,https://open.spotify.com/track/12WK5KN0us12ElkOUTmI1o,,,
6112,playlists,,Legend Has It,Run The Jewels,2016,https://open.spotify.com/track/4RnfMhMUMqHlrn4V6A3KfS,,,
6113,playlists,,Mean Demeanor,Run The Jewels,2017,https://open.spotify.com/track/5AEjCFBIyumRFHuMVvcmqP,,,
6114,playlists,,Oh Mama,Run The Jewels,2016,https://open.spotify.com/track/19kxim9pNHLm8MENcZeu94,,,
6115,playlists,,Stay Gold,Run The Jewels,2016,https://open.spotify.com/track/2AvaJHKReVEAqinOjlFx3N,,,
6116,playlists,,Talk to Me,Run The Jewels,2016,https://open.spotify.com/track/0CBLqGc1esSZ5dM2gOZHsU,,,
6117,playlists,,2100 (feat. Boots),"Run The Jewels, BOOTS",2016,https://open.spotify.com/track/7eKd41R7nInfUmh3iv7JjL,,,
6118,playlists,,Hey Kids (Bumaye) (feat. Danny Brown),"Run The Jewels, Danny Brown",2016,https://open.spotify.com/track/5dBIVp9LgbZU0M0dagFAlc,,,
6119,playlists,,out of sight (feat. 2 Chainz),"Run The Jewels, El-P, Killer Mike, 2 Chainz",2020,https://open.spotify.com/track/2uxudaBcJamtfgvUjSDdkZ,,,
6120,playlists,,Down (feat. Joi),"Run The Jewels, Joi",2016,https://open.spotify.com/track/2idO0oVcOGNmjjduOc9ntN,,,
6121,playlists,,Thursday in the Danger Room (feat. Kamasi Washington),"Run The Jewels, Kamasi Washington",2016,https://open.spotify.com/track/7ylaQgNfP9flYRc2sKLPA2,,,
6122,playlists,,Panther Like a Panther (Miracle Mix) (feat. Trina),"Run The Jewels, Trina",2016,https://open.spotify.com/track/76TPfVMRdL8SpAzWPC9iUr,,,
6123,playlists,,Thieves! (Screamed the Ghost) (feat. Tunde Adebimpe),"Run The Jewels, Tunde Adebimpe",2016,https://open.spotify.com/track/0obTTHbzQm2GmkBOoTQxnK,,,
6124,playlists,,It's Like That,Run–D.M.C.,1984,https://open.spotify.com/track/2J6QnTjHIWwXErNWyF0RUC,,,
6125,playlists,,What They Want,Russ,2015,https://open.spotify.com/track/0AjrdcjDF0nrsoTzOFdXUv,,,
6126,playlists,,"Note To Self (Feat. Big Sean, Wale, Joey Bada$$ & Hitboy)","Russ, Big Sean, Hit-Boy, Wale, Joey Bada$$",2021,https://open.spotify.com/track/5GSUrmDtxynQhBDLz7X2Mt,,,
6127,playlists,,GUESS WHAT (feat. Rick Ross),"Russ, Rick Ross",2020,https://open.spotify.com/track/40FUPlp2KJvdHY5ABnK100,,,
6128,playlists,,M&M (with Future feat. Lil Baby),"Rvssian, Future, Lil Baby",2021,https://open.spotify.com/track/4rmXVKUSU0PIblRyYFZHHi,,,
6129,playlists,,Nowhere To Run,"Ryan Trey, Bryson Tiller",2019,https://open.spotify.com/track/72XxzjvIBR0TKljL0ETcGQ,,,
6130,playlists,,Plug Addicts,"RZA, Flatbush Zombies",2021,https://open.spotify.com/track/08dUkfHIETgvwx0PUX5Gzc,,,
6131,playlists,,Innerbloom,RÜFÜS DU SOL,2016,https://open.spotify.com/track/05kVyNUR9uibHta4jcGTTv,,,
6132,playlists,,On My Knees,RÜFÜS DU SOL,2021,https://open.spotify.com/track/7ABUiQBM8cjktnp6QLTTaT,,,
6133,playlists,,You Were Right,RÜFÜS DU SOL,2016,https://open.spotify.com/track/77lqbary6vt1DSc1MBN6sx,,,
6134,playlists,,CALLIGRAPHY,Saba,2018,https://open.spotify.com/track/7LBdv0ek7Tj2s0bgxmlrC6,,,
6135,playlists,,LIFE,Saba,2018,https://open.spotify.com/track/1nLnqPjln3DQROiZljKtlW,,,
6136,playlists,,The Billy Williams Story,Saba,2016,https://open.spotify.com/track/1rKbEVolQHuNGuyiWmFYkS,,,
6137,playlists,,Where It's At,Saba,2018,https://open.spotify.com/track/6YcKADJglrsZIcFgs75tVD,,,
6138,playlists,,BUSY / SIRENS,"Saba, theMIND",2018,https://open.spotify.com/track/4YdRnTnXYwgI48kkzWy6uk,,,
6139,playlists,,Stay Right Here,"Saba, Xavier Omär, Mick Jenkins",2018,https://open.spotify.com/track/16DHWSDlEa5K0JbMHnuMXM,,,
6140,playlists,,Bed Chem,Sabrina Carpenter,2024,https://open.spotify.com/track/1UHS8Rf6h5Ar3CDWRd3wjF,,,
6141,playlists,,Dumb & Poetic,Sabrina Carpenter,2024,https://open.spotify.com/track/5VhvD0AKRprEaFtPNKGBQR,,,
6142,playlists,,Espresso,Sabrina Carpenter,2024,https://open.spotify.com/track/2HRqTpkrJO5ggZyyK6NPWz,,,
6143,playlists,,Killshot,Sad Night Dynamite,2020,https://open.spotify.com/track/7plzB2nNi0hQXdA2MrvE69,,,
6144,playlists,,Krunk,Sad Night Dynamite,2021,https://open.spotify.com/track/4JC2H3j5NOkpiOXTgMVsx7,,,
6145,playlists,,Whole Lotta Choppas (Remix) [feat. Nicki Minaj],"Sada Baby, Nicki Minaj",2020,https://open.spotify.com/track/1IlJZCRthVEPlksVzj3JWY,,,
6146,playlists,,breakdown!,"Sadfriendd, MUPP",2023,https://open.spotify.com/track/2N7OUktLHAQxHCCXCMqSK0,,,
6147,playlists,,Now and Later,Sage The Gemini,2016,https://open.spotify.com/track/43jBqV3j3Xi1g6wO0bhIMd,,,
6148,playlists,,BABY,"Sage The Gemini, Chris Brown",2021,https://open.spotify.com/track/1VEHZc5j5MoqQ8jsTL4scc,,,
6149,playlists,,Gas Pedal,"Sage The Gemini, Iamsu!",2013,https://open.spotify.com/track/0Nf3vtVBfiayZL7c8r4KBO,,,
6150,playlists,,Gates to the Sun (POLLEN Singles),SahBabii,2020,https://open.spotify.com/track/6EG0w98d2S1u1copDAHDqP,,,
6151,playlists,,3 Below,SAINt JHN,2018,https://open.spotify.com/track/4stQ9ma0kqGifqLQQSgOGH,,,
6152,playlists,,5 Thousand Singles,SAINt JHN,2019,https://open.spotify.com/track/4GErqtrdgp4w2z984cReZl,,,
6153,playlists,,All I Want Is A Yacht,SAINt JHN,2019,https://open.spotify.com/track/3j4S2BORvaH5YCFi2ET7Eb,,,
6154,playlists,,Brilliant Bitch,SAINt JHN,2018,https://open.spotify.com/track/3RGM5AOCriBKii710ilEyP,,,
6155,playlists,,For The Squadron,SAINt JHN,2022,https://open.spotify.com/track/1Am6QnI4dZi0bkXeJXwW6P,,,
6156,playlists,,Freedom Is Priceless,SAINt JHN,2020,https://open.spotify.com/track/6qBXbIQoDJfUBP0lqQth1O,,,
6157,playlists,,God Bless the Internet,SAINt JHN,2018,https://open.spotify.com/track/1VpboWlDInrooavFza6m3k,,,
6158,playlists,,GOD BLESS THE RATCHETS,SAINt JHN,2018,https://open.spotify.com/track/64BBvp4VTL001ete3rWYee,,,
6159,playlists,,Gorgeous,SAINt JHN,2020,https://open.spotify.com/track/0Ot6qzEWZqbwxKEtehS7Lp,,,
6160,playlists,,I Heard You Got Too Litt Last Night,SAINt JHN,2018,https://open.spotify.com/track/4A5owiyEiYxDuDPvTrRCxS,,,
6161,playlists,,McDonalds Rich,SAINt JHN,2018,https://open.spotify.com/track/1va2rmvHBHJNXmtmq5shS0,,,
6162,playlists,,N***a Sh*t (Swoosh),SAINt JHN,2018,https://open.spotify.com/track/1yKj60nSSQGVuZMhj0huDa,,,
6163,playlists,,Reflex,SAINt JHN,2016,https://open.spotify.com/track/0DpQ59d7bDBrdyHg7VTFpM,,,
6164,playlists,,Roses,SAINt JHN,2018,https://open.spotify.com/track/0easEmosKkPhksg0qidzXo,,,
6165,playlists,,Selfish,SAINt JHN,2018,https://open.spotify.com/track/0ug6dKmcgoe4qeEgxhuq7f,,,
6166,playlists,,Some Nights (Extended),SAINt JHN,2018,https://open.spotify.com/track/5KuYuR2EGodCn83PRCkFUq,,,
6167,playlists,,Surf Club,SAINt JHN,2018,https://open.spotify.com/track/1BrJYaaZLPg06NewOf4LYB,,,
6168,playlists,,The Best Part of Life,SAINt JHN,2021,https://open.spotify.com/track/0kUz4NuENHYVUChlthlNaB,,,
6169,playlists,,Time For Demons,SAINt JHN,2020,https://open.spotify.com/track/7dgDeM0jirNPfwyHBO4pia,,,
6170,playlists,,Traci Lords,SAINt JHN,2018,https://open.spotify.com/track/5kWK7HdkTa5RWSd6Nu2ZSb,,,
6171,playlists,,White Parents Are Gonna Hate This,SAINt JHN,2018,https://open.spotify.com/track/2EFWnx5OAtpRSzLLTW8T57,,,
6172,playlists,,Who Do You Blame,SAINt JHN,2019,https://open.spotify.com/track/3kCgNRoZIiZzPFUU62UExA,,,
6173,playlists,,Ransom (feat. 6LACK & Kehlani),"SAINt JHN, 6LACK, Kehlani",2020,https://open.spotify.com/track/5dUCm0vB6nrNDDQzhvLjfU,,,
6174,playlists,,Monica Lewinsky (feat. A Boogie wit da Hoodie),"SAINt JHN, A Boogie Wit da Hoodie",2019,https://open.spotify.com/track/1rS0eq80peCPCgfT2t0Kmm,,,
6175,playlists,,Roses Remix (feat. Future),"SAINt JHN, Future",2020,https://open.spotify.com/track/1KyZ4rUiW2lkqGNLQYKpcC,,,
6176,playlists,,Lust,"SAINt JHN, Janelle Kroll",2018,https://open.spotify.com/track/4c3g4qvLa0iaotBHodDDvY,,,
6177,playlists,,Smack DVD (feat. Kanye West),"SAINt JHN, Kanye West",2020,https://open.spotify.com/track/1Si3sqUkvIj6Cz9JYO14OS,,,
6178,playlists,,Borders (feat. Lenny Kravitz),"SAINt JHN, Lenny Kravitz",2019,https://open.spotify.com/track/3qXBHAMW54frnIUoa81Ky9,,,
6179,playlists,,Trap (feat. Lil Baby),"SAINt JHN, Lil Baby",2019,https://open.spotify.com/track/0mnVrUP1TAoO223C0N2NYI,,,
6180,playlists,,Anything Can Happen (feat. Meek Mill),"SAINt JHN, Meek Mill",2019,https://open.spotify.com/track/04VO6VICgMJgTe2dLxFBoW,,,
6181,playlists,,Just For Me (with SZA) - Space Jam: A New Legacy,"SAINt JHN, SZA",2021,https://open.spotify.com/track/3B5yl01KF06NkYG39BdTBa,,,
6182,playlists,,My Type,Saint Motel,2014,https://open.spotify.com/track/2DFi8rwHcVkTTgu7PULhtI,,,
6183,playlists,,Assumptions,Sam Gellaitry,2023,https://open.spotify.com/track/2vTmp13DDKIRWTHPRYNfEh,,,
6184,playlists,,Body Like A Back Road,Sam Hunt,2017,https://open.spotify.com/track/7mldq42yDuxiUNn08nvzHO,Like A Back Road,pattern,low
6185,playlists,,I Guess We're Not The Same,Sammy Virji,2025,https://open.spotify.com/track/36nYS9AwMR06ph6imdjn7J,,,
6186,playlists,,If U Need It,Sammy Virji,2023,https://open.spotify.com/track/5CaUUACiQFEf4zR5WoeIrp,,,
6187,playlists,,Damager,"Sammy Virji, Interplanetary Criminal",2024,https://open.spotify.com/track/7lNxQksP0anFNGEq8zsjMS,,,
6188,playlists,,(No One Knows Me) Like the Piano,Sampha,2017,https://open.spotify.com/track/5zOnoB8FdZudDcPX4O8WqF,,,
6189,playlists,,Dancing Circles,Sampha,2023,https://open.spotify.com/track/6lNyT8TfnpMTRrmJRQKQC9,,,
6190,playlists,,Only,Sampha,2023,https://open.spotify.com/track/3XiIO5kw2UxoY6Aph8Tcd5,,,
6191,playlists,,Satellite Business 2.0,"Sampha, Little Simz",2024,https://open.spotify.com/track/5y6vRQJrzPveBmvysTE4UQ,,,
6192,playlists,,Trompeta,San Pacho,2022,https://open.spotify.com/track/6o4BO9LLCPe5p43YKZzFuv,,,
6193,playlists,,Why Why Why Why Why,SAULT,2019,https://open.spotify.com/track/4zwq3QUKgMNk0NSLl7fpbP,,,
6194,playlists,,Up Now (feat. G-Eazy and Rich The Kid),"Saweetie, London On Da Track, G-Eazy, Rich The Kid",2018,https://open.spotify.com/track/01TreyTchXP0J1Mn6wcVHt,,,
6195,playlists,,You Don't Own Me (feat. G-Eazy),"SAYGRACE, G-Eazy",2016,https://open.spotify.com/track/6Slaf2WBzQA86oS7MNMUNS,,,
6196,playlists,,Hold On,"SBTRKT, Sampha",2011,https://open.spotify.com/track/3vlVbJmvSm3x5Hqmnzh8HI,,,
6197,playlists,,L.F.O.,"SBTRKT, Sampha, George Riley",2023,https://open.spotify.com/track/32Af7vCCWDKWlAipePUauP,,,
6198,playlists,,On My Block,Scarface,2002,https://open.spotify.com/track/5qPkEnq2wSbnLJTK31mZy4,,,
6199,playlists,,Scatman (ski-ba-bop-ba-dop-bop),Scatman John,1995,https://open.spotify.com/track/623rRTKwGmgjH6sjE9uWLh,,,
6200,playlists,,5200,ScHoolboy Q,2019,https://open.spotify.com/track/1e3GEwsaXtBNtPfooQimDn,,,
6201,playlists,,Attention,ScHoolboy Q,2019,https://open.spotify.com/track/1yYnT37zbmhaH6q3dVud0w,,,
6202,playlists,,Black Folk,ScHoolboy Q,2019,https://open.spotify.com/track/1iWAx1WGCY6j2zAMdACQ6E,,,
6203,playlists,,By Any Means,ScHoolboy Q,2016,https://open.spotify.com/track/0GbMw9lUGtFj3BYiZyKaI7,,,
6204,playlists,,CrasH,ScHoolboy Q,2019,https://open.spotify.com/track/6BKAKoo7J2vwJGZJs5dhGD,,,
6205,playlists,,Die Wit Em,ScHoolboy Q,2019,https://open.spotify.com/track/4HWQFfYzolhGISAqveJYo9,,,
6206,playlists,,Gang Gang,ScHoolboy Q,2019,https://open.spotify.com/track/6kqPWdv1pNXp6A2CowGSFA,,,
6207,playlists,,Hell Of A Night,ScHoolboy Q,2014,https://open.spotify.com/track/5DOR49R0fehoBmyNL8m4sN,,,
6208,playlists,,iBETiGOTSUMWEED,ScHoolboy Q,2011,https://open.spotify.com/track/3FsR3a2GxUmEwnpCy8kQfj,,,
6209,playlists,,Man Of The Year,ScHoolboy Q,2013,https://open.spotify.com/track/4lrjnCVD8cnV3FEEblovxB,,,
6210,playlists,,Numb Numb Juice,ScHoolboy Q,2019,https://open.spotify.com/track/6tByydPskASjm9jTPkNQq0,,,
6211,playlists,,Sacrilegious,ScHoolboy Q,2012,https://open.spotify.com/track/4L3hja5ROnBDN5So4bUEo3,,,
6212,playlists,,Soccer Dad,ScHoolboy Q,2022,https://open.spotify.com/track/3hdaeIlrACjMK5FnahqrLG,,,
6213,playlists,,Tales,ScHoolboy Q,2019,https://open.spotify.com/track/6kmSmIbfnGTaGCgwFW7umS,,,
6214,playlists,,THank god 4 me,ScHoolboy Q,2024,https://open.spotify.com/track/7CwO2esrH095tjxmJVMY2E,,,
6215,playlists,,Yeern 101,ScHoolboy Q,2024,https://open.spotify.com/track/3K5yjMCFHN4TRWKj1zdKIQ,,,
6216,playlists,,What They Want,"ScHoolboy Q, 2 Chainz",2014,https://open.spotify.com/track/3p2x3UD9wz9yt3gtftKwT0,,,
6217,playlists,,X (with 2 Chainz & Saudi),"ScHoolboy Q, 2 Chainz, Saudi",2018,https://open.spotify.com/track/4LmAnpjlhWTahvRkYR8xJa,,,
6218,playlists,,Floating (feat. 21 Savage),"ScHoolboy Q, 21 Savage",2019,https://open.spotify.com/track/4NN6N5TxBO5k9uqu0W4gfQ,,,
6219,playlists,,Drunk (feat. 6LACK),"ScHoolboy Q, 6LACK",2019,https://open.spotify.com/track/06Y14QBRyzmPRqrswAfF4J,,,
6220,playlists,,Hands On The Wheel,"ScHoolboy Q, A$AP Rocky",2012,https://open.spotify.com/track/2kfpH2OAAdpk5J3JaraAIh,,,
6221,playlists,,Druggys Wit Hoes Again (feat. Ab Soul),"ScHoolboy Q, Ab-Soul",2012,https://open.spotify.com/track/4vpNOBwJSl8HA3pLXY6c8U,,,
6222,playlists,,Studio,"ScHoolboy Q, BJ The Chicago Kid",2014,https://open.spotify.com/track/29gsi1zZrZxdStACmTQB0Z,,,
6223,playlists,,THat Part,"ScHoolboy Q, Kanye West",2016,https://open.spotify.com/track/0X196cAoW63CLQEL21Prh0,,,
6224,playlists,,Collard Greens,"ScHoolboy Q, Kendrick Lamar",2013,https://open.spotify.com/track/0SyXvJ6uRArVWHXUyi3FKO,,,
6225,playlists,,Dangerous (feat. Kid Cudi),"ScHoolboy Q, Kid Cudi",2019,https://open.spotify.com/track/0IH3D0P8OrQFs6ajcqbm0R,,,
6226,playlists,,Water (feat. Lil Baby),"ScHoolboy Q, Lil Baby",2019,https://open.spotify.com/track/0wE6AaKnovGUAnwmSxHFrr,,,
6227,playlists,,CHopstix (feat. Travis Scott),"ScHoolboy Q, Travis Scott",2019,https://open.spotify.com/track/2EGtBS7Ws3ajiSkJLviFJ4,,,
6228,playlists,,Lies (feat. Ty Dolla $ign & YG),"ScHoolboy Q, Ty Dolla $ign, YG",2019,https://open.spotify.com/track/7gPHxxAq4YjK7GoLT3Vch3,,,
6229,playlists,,Timezones,Schur,2023,https://open.spotify.com/track/5aSeyhSp2qxYr8yBCtPNvr,,,
6230,playlists,,Can't Stop (A Playa),Schwey,2019,https://open.spotify.com/track/26kP0UtIDqVEttFjX92BLA,,,
6231,playlists,,Sex With Angels and Demons,"Sdotbraddy, Pouya",2015,https://open.spotify.com/track/67Wf1A3tcJG9RNXok16qIa,,,
6232,playlists,,Beautiful Girls,Sean Kingston,2007,https://open.spotify.com/track/1hGy2eLcmC8eKx7qr1tOqx,,,
6233,playlists,,Fire Burning - Radio Edit,Sean Kingston,2010,https://open.spotify.com/track/036DScetOfHycM7Ch8VoGG,,,
6234,playlists,,Take You There,Sean Kingston,2008,https://open.spotify.com/track/6AdLyvisRKHLAwARaZMGr6,,,
6235,playlists,,OXYGEN,Sean Leon,2023,https://open.spotify.com/track/1UEJwCZPz7h6JmXnjKfssM,,,
6236,playlists,,Pretty Girls Put Boys in Cemeteries,Sean Leon,2014,https://open.spotify.com/track/4R60QoNevYLm5XEmxZ8yXZ,,,
6237,playlists,,Get Busy,Sean Paul,2002,https://open.spotify.com/track/7C86DVl6REN8VPeGEMOf9q,,,
6238,playlists,,Temperature,Sean Paul,2005,https://open.spotify.com/track/0j4wZ17xz0Xv4lIFvtZI48,,,
6239,playlists,,We Be Burnin',Sean Paul,2005,https://open.spotify.com/track/4kOTDj4SiZPkW1p96WMDNv,,,
6240,playlists,,Body,"Sean Paul, Migos",2017,https://open.spotify.com/track/4EKKrClSZPPmm3RBwT34nz,,,
6241,playlists,,Break It Off (feat. Rihanna),"Sean Paul, Rihanna",2005,https://open.spotify.com/track/4mYvuqbaWcIP3RNn1mkOYP,,,
6242,playlists,,Onion Head,"Sean Price, TEK",2005,https://open.spotify.com/track/28sxUGqZmZyT9AO6lDE9Yl,,,
6243,playlists,,Dark River,Sebastian Ingrosso,2016,https://open.spotify.com/track/5LlJrf8JdsP9FYDvsO3Mn0,Dark River,pattern,low
6244,playlists,,TROJAN HORSE,SEBASTIAN PAUL,2018,https://open.spotify.com/track/1cQCdozRmaErXowT6iDQML,,,
6245,playlists,,Float,"See You Next Year, redveil",2022,https://open.spotify.com/track/5Y7JSViHddInvnscslXiu3,,,
6246,playlists,,Test & Recognise - Flume Re-work,"Seekae, Flume",2014,https://open.spotify.com/track/24BYTj1tb5ovZcnIbtdTYD,,,
6247,playlists,,Love You Like A Love Song,Selena Gomez & The Scene,2011,https://open.spotify.com/track/0laYHRpNTS6i8FXdupHkJ4,,,
6248,playlists,,Crowded Room (feat. 6LACK),"Selena Gomez, 6LACK",2020,https://open.spotify.com/track/2C0hTkdEoikhKzDCJl32QZ,,,
6249,playlists,,Good For You,"Selena Gomez, A$AP Rocky",2015,https://open.spotify.com/track/06qQLgnm1wdlMD9MSeKVth,,,
6250,playlists,,A Sweeter Place (feat. Kid Cudi),"Selena Gomez, Kid Cudi",2020,https://open.spotify.com/track/4bb94wZVF1cX66vQjNeJTX,,,
6251,playlists,,A Comma,serpentwithfeet,2020,https://open.spotify.com/track/4XNA6lxhJgZuampAzUGjUg,,,
6252,playlists,,Receipts (feat. Ty Dolla $ign),serpentwithfeet,2019,https://open.spotify.com/track/1GcJVd8qhgYUtuHoTacLvy,,,
6253,playlists,,Sailors' Superstition,serpentwithfeet,2021,https://open.spotify.com/track/2j91fgo3oRQURVzGzTRHPB,,,
6254,playlists,,Damn Gloves,"serpentwithfeet, Ty Dolla $ign, Yanga YaYa",2023,https://open.spotify.com/track/7qJXfY2YuKeAc4y8CdWJPq,,,
6255,playlists,,Guilty,"Sevyn Streeter, Chris Brown, A$AP Ferg",2021,https://open.spotify.com/track/3T9VLKYbT0pGWPqhy415G0,,,
6256,playlists,,Women Respond to Bass,Sextile,2025,https://open.spotify.com/track/0BBmhTKDbkCoDt68VgZ0jj,,,
6257,playlists,,SkeeYee,Sexyy Red,2023,https://open.spotify.com/track/7icwQvajsokotDfM3tefW6,,,
6258,playlists,,Impact - Soulwax Remix – Edit,"SG Lewis, Robyn, Channel Tres, Soulwax",2020,https://open.spotify.com/track/1bHrUhSO0HYL1bM8QeYJww,,,
6259,playlists,,Swerve... the reeping of all that is worthwhile (Noir not withstanding),Shabazz Palaces,2011,https://open.spotify.com/track/5kC3aAeAh0RNAn7D6JMU94,,,
6260,playlists,,Winning Streak,Shaboozey,2017,https://open.spotify.com/track/5PsBdwMY4gOMHouL4hvNG6,,,
6261,playlists,,BAGS,SHADESOFBLUE,2025,https://open.spotify.com/track/3GIzOH12B9smzGJYK3dBnD,,,
6262,playlists,,CHROME HEARTS,SHADESOFBLUE,2025,https://open.spotify.com/track/6zaygXBpwRVwRkHcCB1AKY,,,
6263,playlists,,MANUKA HONEY,SHADESOFBLUE,2025,https://open.spotify.com/track/6F6N0gXNJTtQ8cCGK4eUrp,,,
6264,playlists,,HOLLYWOOD FICTION,"SHADESOFBLUE, Dom Vallie",2026,https://open.spotify.com/track/00I90fPqvrE8HmJw9PNGyl,Hollywood,region,medium
6265,playlists,,Hope,"Shaggy, Prince Mydas",2008,https://open.spotify.com/track/1a80gYFfdeJtBQbdzRwCaf,,,
6266,playlists,,Angel,"Shaggy, Rayvon",2000,https://open.spotify.com/track/7FDV5ELOJHCGLe52AnttEd,,,
6267,playlists,,It Wasn't Me,"Shaggy, Rik Rok",2000,https://open.spotify.com/track/4GFJRLgxy4chyfWqfPTJaI,,,
6268,playlists,,Heavy Rotation,"Shakeback Gang, Rio Da Yung Og",2019,https://open.spotify.com/track/64XCQ5KdfeLICCS51vpB2g,,,
6269,playlists,,Terminal Sex,"Shakewell, Pouya",2016,https://open.spotify.com/track/6s1uObcOTyiLlm22qRf12y,,,
6270,playlists,,Waka Waka (This Time for Africa) [The Official 2010 FIFA World Cup (TM) Song] (feat. Freshlyground),"Shakira, Freshlyground",2010,https://open.spotify.com/track/6bNB5gxFX6Q87DbQWb8OWZ,Africa; Waka,continent; city,high
6271,playlists,,There's Nothing Holdin' Me Back,Shawn Mendes,2017,https://open.spotify.com/track/7JJmb5XwzOO8jgpou264Ml,,,
6272,playlists,,Mo Bamba,Sheck Wes,2017,https://open.spotify.com/track/3QybPutx0Tjk472bBKjNWn,Bamba,city,medium
6273,playlists,,win your love,SHEE,2023,https://open.spotify.com/track/3sw09qpH0FM5PRKcgJ358h,,,
6274,playlists,,"No Suburban, Pt. 2",Sheff G,2020,https://open.spotify.com/track/3VayB5gLZGODx8b7RO1y5f,,,
6275,playlists,,All I Wanna Do,Sheryl Crow,1993,https://open.spotify.com/track/3ZpQiJ78LKINrW9SQTgbXd,,,
6276,playlists,,Soak Up The Sun,Sheryl Crow,2002,https://open.spotify.com/track/215JYyyUnrJ98NK3KEwu6d,,,
6277,playlists,,Party Like A Rock Star,SHOP BOYZ,2007,https://open.spotify.com/track/39H8csHn1B5y5Y3PBdBZXH,,,
6278,playlists,,Musty,Shoreline Mafia,2018,https://open.spotify.com/track/2bkKnaLTMCghmjlcPBoYWd,,,
6279,playlists,,"Bands (feat. OhGeesy, Fenix Flexin & Master Kato)","Shoreline Mafia, Rob Vicious, OHGEESY, Fenix Flexin, Master Kato",2018,https://open.spotify.com/track/1n8wr8tRHs5jmBxNWXedcn,,,
6280,playlists,,Love Tonight (David Guetta Remix Edit),"Shouse, David Guetta",2021,https://open.spotify.com/track/2prnn41CblB8B4yWACDljP,,,
6281,playlists,,Strawberry Letter 23,Shuggie Otis,1971,https://open.spotify.com/track/4W8IEREeLldaSQyGXcZQ2I,,,
6282,playlists,,Like That (feat. Jeremih & Ty Dolla $ign),"Shy Glizzy, Jeremih, Ty Dolla $ign",2020,https://open.spotify.com/track/1VlnzN2dphVOpYuWnfXfS8,,,
6283,playlists,,White Lie (feat. RMR),"Shy Glizzy, RMR",2021,https://open.spotify.com/track/0izWvb5IN31gDqiufLzKf3,,,
6284,playlists,,SLIME,Shygirl,2020,https://open.spotify.com/track/5alFLxnNmBmTdNM6Oq0nqD,,,
6285,playlists,,Wifey Riddim (feat. Jorja Smith & SadBoi) - George Daniel Remix,"Shygirl, Club Shy, George Daniel, Jorja Smith, SadBoi",2025,https://open.spotify.com/track/0I6yVHMBVnH62NsaUY3NMb,,,
6286,playlists,,F*Me,"Shygirl, Club Shy, Yseult",2024,https://open.spotify.com/track/2uQW9N6ObJYPV9HKgl1AAH,,,
6287,playlists,,f@k€,"Shygirl, Kingdom, Club Shy",2024,https://open.spotify.com/track/07jXKBZB9FMij9fnJ5BObI,,,
6288,playlists,,BAWDY is A LOT [Nick León + Six Sex],"Shygirl, Nick León, Six Sex",2025,https://open.spotify.com/track/4JQS1i3wUsHCTt96ACyM2U,León,city,high
6289,playlists,,Cheap Thrills,Sia,2016,https://open.spotify.com/track/27SdWb2rFzO6GWiYDBTD9j,,,
6290,playlists,,Temptation,SIDEPIECE,2021,https://open.spotify.com/track/3MqzqG6fij34pDxd29mikA,,,
6291,playlists,,Westside,SIDEPIECE,2023,https://open.spotify.com/track/2Rc6ivoghl3HERJ9bbqEWo,West Side,region,medium
6292,playlists,,Shut Up & Let It Go - Scott Attrill Remix,"Sidney Samson, Lady Bee, Scott Attrill",2010,https://open.spotify.com/track/2nelRqEliZu92dV667UXSR,,,
6293,playlists,,All Alright,Sigur Rós,2008,https://open.spotify.com/track/2PMDEgwSKeNJEs4FPLOKeJ,,,
6294,playlists,,Festival,Sigur Rós,2008,https://open.spotify.com/track/3SsnufJnuqrXZmzJMw835e,,,
6295,playlists,,Fljótavík,Sigur Rós,2008,https://open.spotify.com/track/3URpscQ0IsNxI3SO9nC902,,,
6296,playlists,,Gobbledigook,Sigur Rós,2008,https://open.spotify.com/track/2ex9UTgW9dDcSU7oITbiuT,,,
6297,playlists,,Góðan daginn,Sigur Rós,2008,https://open.spotify.com/track/7l5qgFO3gXCJH0unIOJuJC,,,
6298,playlists,,Inní mér syngur vitleysingur,Sigur Rós,2008,https://open.spotify.com/track/35D6pl3JpaFm0mXEX5ARRq,,,
6299,playlists,,Með suð í eyrum,Sigur Rós,2008,https://open.spotify.com/track/75PtnfgNx8jMp5UhrOi2Q4,,,
6300,playlists,,Straumnes,Sigur Rós,2008,https://open.spotify.com/track/6fmbMG7qImtJMjvjs8M8Hf,,,
6301,playlists,,Við spilum endalaust,Sigur Rós,2008,https://open.spotify.com/track/4LN8SuXjsKfo0YM66QH9u7,,,
6302,playlists,,Ára bátur,Sigur Rós,2008,https://open.spotify.com/track/5MKdXkjlDvA36JE8l4A9yE,,,
6303,playlists,,Íllgresi,Sigur Rós,2008,https://open.spotify.com/track/3PHZXVY82pLZZ5Sh0EN6zj,,,
6304,playlists,,Doin' it featuring MC DT,"Silva Bumpa, MC DT",2025,https://open.spotify.com/track/4bdbgZDx6LkHTNyy5PZW9h,,,
6305,playlists,,Don't You (Forget About Me),Simple Minds,1985,https://open.spotify.com/track/4aWn4NHlELpOehxsBaQeoe,,,
6306,playlists,,I'm Just a Kid,Simple Plan,2002,https://open.spotify.com/track/6otiaV2fagE3s8IvP6WkwG,,,
6307,playlists,,D'Evils,SiR,2018,https://open.spotify.com/track/0wY9rA9fJkuESyYm9uzVK5,,,
6308,playlists,,John Redcorn,SiR,2019,https://open.spotify.com/track/5ibTi2YwtvbB1bTOv2I93d,,,
6309,playlists,,NO EVIL,SiR,2024,https://open.spotify.com/track/7JHVXlqkoXViFD4giUlzEs,,,
6310,playlists,,Satisfaction,SiR,2022,https://open.spotify.com/track/0hZIaQMGqu41dozEwqVa1b,,,
6311,playlists,,Teach Me,SiR,2021,https://open.spotify.com/track/6x51Lq4KaHqB6rHfCpaI5H,,,
6312,playlists,,KARMA,"SiR, Isaiah Rashad",2024,https://open.spotify.com/track/5gc1YUM7XMyvzjJtNLXprG,,,
6313,playlists,,Hair Down (feat. Kendrick Lamar),"SiR, Kendrick Lamar",2019,https://open.spotify.com/track/4sFzG7iUlyPmuyASCkre9A,,,
6314,playlists,,Something Foreign,"SiR, ScHoolboy Q",2018,https://open.spotify.com/track/51HuSQ3lAnMuZiPu9YBJqN,,,
6315,playlists,,Life Is Good (feat. Scribz Riley),"SiR, Scribz Riley",2022,https://open.spotify.com/track/4bxr2sOVZSLjIN7tQx53ir,,,
6316,playlists,,Rapper Weed,"SiR, WESTSIDE BOOGIE",2020,https://open.spotify.com/track/4Ami4MTReWxztxGW1ZmOk8,,,
6317,playlists,,Mood (feat. Zacari),"SiR, Zacari",2019,https://open.spotify.com/track/4eULGB0zI7NIdV2KjWbbiZ,,,
6318,playlists,,I Wish - Radio Edit,Skee-Lo,1995,https://open.spotify.com/track/74WFSCXc8yHY7HDXREiLpM,,,
6319,playlists,,Wake Up,Skegss,2021,https://open.spotify.com/track/6KYO9Y7dNMqkl3eUO7ABCG,,,
6320,playlists,,Gas Me Up (Diligent),Skepta,2024,https://open.spotify.com/track/18cocM7GNYj2Scj1ePOJYc,,,
6321,playlists,,Ghost Ride,"Skepta, A$AP NAST, A$AP Rocky",2017,https://open.spotify.com/track/4bdEXTweGw1O4IEMbnn5Tv,,,
6322,playlists,,"Lane Switcha (feat. A$AP Rocky, Juicy J & Project Pat)","Skepta, Pop Smoke, A$AP Rocky, Juicy J, Project Pat",2021,https://open.spotify.com/track/7BOgBJhGXliJWRVMAyYaJZ,,,
6323,playlists,,Adults Swim,Ski Mask The Slump God,2018,https://open.spotify.com/track/1Bp5LdIxR3XlprIigqp4en,,,
6324,playlists,,Burn The Hoods,Ski Mask The Slump God,2020,https://open.spotify.com/track/34PhB0kHT00utubP3aTau8,,,
6325,playlists,,Carbonated Water,Ski Mask The Slump God,2019,https://open.spotify.com/track/4HPTladgOGcGzleMR3I0FK,,,
6326,playlists,,Catch Me Outside,Ski Mask The Slump God,2017,https://open.spotify.com/track/5kmOA4GG5o3lg7kaFPDfc8,,,
6327,playlists,,Faucet Failure,Ski Mask The Slump God,2018,https://open.spotify.com/track/1ThmUihH9dF8EV08ku5AXN,,,
6328,playlists,,Foot Fungus,Ski Mask The Slump God,2018,https://open.spotify.com/track/3EikYy40GMSp8l5mDV6IQo,,,
6329,playlists,,Get Geeked,Ski Mask The Slump God,2018,https://open.spotify.com/track/5StM7ktQ5TIstPckmRbWWH,,,
6330,playlists,,Jump,Ski Mask The Slump God,2024,https://open.spotify.com/track/3ptbrRGhR6ZlthhMlMejh7,,,
6331,playlists,,LA LA,Ski Mask The Slump God,2018,https://open.spotify.com/track/2PCKWNZYcwyFKd4lVRWE8k,,,
6332,playlists,,OOGA BOOGA!,Ski Mask The Slump God,2022,https://open.spotify.com/track/4gKWtJGlhxKKSyV65llt2G,,,
6333,playlists,,Reborn To Rebel,Ski Mask The Slump God,2018,https://open.spotify.com/track/6DZ9UsN80HCp3ppmzxGGTf,,,
6334,playlists,,Shibuya,Ski Mask The Slump God,2024,https://open.spotify.com/track/3Nv0VdYEBn1B2wxCJK2VV2,Shibuya,region,high
6335,playlists,,So High,Ski Mask The Slump God,2018,https://open.spotify.com/track/3nTDO6k4R6i3FpKx0QNgJ5,,,
6336,playlists,,U and I,Ski Mask The Slump God,2018,https://open.spotify.com/track/7itsqu4pC7fp3ytIiiLvrX,,,
6337,playlists,,Unbothered,Ski Mask The Slump God,2018,https://open.spotify.com/track/5hwUsRKvnO5yThjVrxHQVt,,,
6338,playlists,,Save Me Pt 2 (feat. Austin Lam),"Ski Mask The Slump God, Austin Lam",2018,https://open.spotify.com/track/5SzhkC3NGjcIq6Brs8pSj1,Savé,city,medium
6339,playlists,,Tuk-Tuk,"Ski Mask The Slump God, DJ Scheme",2024,https://open.spotify.com/track/0dxGlilXDBOK8UGQfgQq1d,,,
6340,playlists,,Save The Day (feat. Coi Leray & LouGotCash),"Ski Mask The Slump God, Jacquees, Coi Leray, LouGotCash",2018,https://open.spotify.com/track/0vkzRCT7wzqWCFJw5TN1MQ,Savé,city,medium
6341,playlists,,Nuketown (feat. Juice WRLD),"Ski Mask The Slump God, Juice WRLD",2018,https://open.spotify.com/track/74lnM5V6ecvoTPV0fvptx9,,,
6342,playlists,,Far Gone (feat. Lil Baby),"Ski Mask The Slump God, Lil Baby",2018,https://open.spotify.com/track/6RiMRVxOiEYd4QSu1cxrls,,,
6343,playlists,,Cat Piss (feat. Lil Yachty),"Ski Mask The Slump God, Lil Yachty",2018,https://open.spotify.com/track/3clpchqQ6A3p8jjPgKdhk0,,,
6344,playlists,,Inhale Exhale,"Skrillex, Aluna, Kito",2023,https://open.spotify.com/track/4cCfprh4NrvyLGKN2rOCO7,,,
6345,playlists,,Fine Day Anthem,"Skrillex, Boys Noize, Opus III",2023,https://open.spotify.com/track/6tifCCTIVBLC2TmTquYG7G,,,
6346,playlists,,Where Are Ü Now,"Skrillex, Diplo, Justin Bieber",2015,https://open.spotify.com/track/0n8ob8S72lvznoVfiwz4qL,,,
6347,playlists,,HUMBLE. - SKRILLEX REMIX,"Skrillex, Kendrick Lamar",2017,https://open.spotify.com/track/65ES1qwOB577ZnTkizMXJJ,,,
6348,playlists,,"Supersonic (My Existence) [with Noisia, josh pan & Dylan Brady]","Skrillex, Noisia, josh pan, Dylan Brady",2021,https://open.spotify.com/track/7gCuKTyBb5nurNalzs0Hvp,,,
6349,playlists,,Purple Lamborghini (with Rick Ross),"Skrillex, Rick Ross",2016,https://open.spotify.com/track/1dDh5CNFdRHvkZxxy3CHAI,,,
6350,playlists,,Wreak Havoc,Skylar Grey,2016,https://open.spotify.com/track/0ibkMpgLiFiMM68xMDIGIp,,,
6351,playlists,,BEAT UP CHANEL$,Slayyyter,2025,https://open.spotify.com/track/10wJ35whDsMVQ04fhkR5QS,,,
6352,playlists,,Butterflies...,Slayyyter,2021,https://open.spotify.com/track/4tlU5pwlM8ZnVofZqLxleM,,,
6353,playlists,,CANNIBALISM!,Slayyyter,2025,https://open.spotify.com/track/0d5maE1saK2pmlhZfW0xmh,,,
6354,playlists,,Cha Ching,Slayyyter,2019,https://open.spotify.com/track/7D3gpet5zbGRanbvQBcASx,,,
6355,playlists,,Daddy AF,Slayyyter,2019,https://open.spotify.com/track/5Pj9iXYfe607U62YwSF5rC,,,
6356,playlists,,DANCE...,Slayyyter,2026,https://open.spotify.com/track/5rfOARz6QO73wPATyMtQQZ,,,
6357,playlists,,Erotic Electronic,Slayyyter,2023,https://open.spotify.com/track/3fWZObJDFUGnah8Q7ukiT4,,,
6358,playlists,,I Love Hollywood!,Slayyyter,2023,https://open.spotify.com/track/2Pjv8xp8CKSQRR57s17mHN,Hollywood,region,medium
6359,playlists,,Purrr,Slayyyter,2023,https://open.spotify.com/track/2nxR4gpUbRufqBEtIZuwSg,,,
6360,playlists,,Starfucker,Slayyyter,2023,https://open.spotify.com/track/1HBOsPD7SbbShkxh1qfTRn,,,
6361,playlists,,Street Talkin',"Slick Rick, Outkast",1999,https://open.spotify.com/track/4TGHOWSNAwUXn5onDQr0P1,,,
6362,playlists,,2am,Slightly Stoopid,2007,https://open.spotify.com/track/4cs6ORX8aKd6rtVdwAnnel,,,
6363,playlists,,Closer to the Sun,Slightly Stoopid,2005,https://open.spotify.com/track/1UL8GkVAs6UcWF6BZ3DYZt,,,
6364,playlists,,Crack,slowthai,2019,https://open.spotify.com/track/7cAOkANZMgOB5r7oNAZcs3,,,
6365,playlists,,Dead Leaves,slowthai,2019,https://open.spotify.com/track/3nGHw6V7qid477qmH3LEEs,,,
6366,playlists,,Drug Dealer,slowthai,2019,https://open.spotify.com/track/35Ab1AZRtA4OizhW2bnzAb,,,
6367,playlists,,Gorgeous,slowthai,2019,https://open.spotify.com/track/7enC3VGSZI3KB8txyUVgru,,,
6368,playlists,,Ladies,slowthai,2019,https://open.spotify.com/track/1t7pFSLKpsZOQKOvtr5GWF,,,
6369,playlists,,Missing,slowthai,2019,https://open.spotify.com/track/5gzd8B3SC57rNMv9iAY6pE,,,
6370,playlists,,North Nights,slowthai,2019,https://open.spotify.com/track/3EYKXoLpLl7k9CMfQlunUE,,,
6371,playlists,,Northampton's Child,slowthai,2019,https://open.spotify.com/track/3Xc81N8Jv9KARlmXTsVmRA,,,
6372,playlists,,Nothing Great About Britain,slowthai,2019,https://open.spotify.com/track/2HOH5XH79PmVNnfqDjqUjr,Britain,region,high
6373,playlists,,Peace Of Mind,slowthai,2019,https://open.spotify.com/track/6pTEogN9T43Co6FKhasNha,,,
6374,playlists,,Polaroid,slowthai,2019,https://open.spotify.com/track/72fHBeD6Wd7OLXingK4nMk,,,
6375,playlists,,Rainbow,slowthai,2019,https://open.spotify.com/track/0fCMenIQVERJavZT6QNGdJ,,,
6376,playlists,,T N Biscuits,slowthai,2019,https://open.spotify.com/track/2tU2dbpcLijyxcINyyzx4v,,,
6377,playlists,,Toaster,slowthai,2019,https://open.spotify.com/track/6EIOg0XF9W3DUUtTC1pQTu,,,
6378,playlists,,MAZZA (feat. A$AP Rocky),"slowthai, A$AP Rocky",2021,https://open.spotify.com/track/5f7MdwR02i1Lxy9TLi80SA,,,
6379,playlists,,feel away (feat. James Blake & Mount Kimbie),"slowthai, James Blake, Mount Kimbie",2020,https://open.spotify.com/track/20wMPnqHdNdBWaKRaMM7fD,,,
6380,playlists,,Grow Up (feat. Jaykae),"slowthai, Jaykae",2019,https://open.spotify.com/track/6h7TC6GOc0Mc34nCzs6Nt8,,,
6381,playlists,,Doorman,"slowthai, Mura Masa",2019,https://open.spotify.com/track/7wMCECqH5hlj6HF2J2LKAZ,,,
6382,playlists,,Inglorious (feat. Skepta),"slowthai, Skepta",2019,https://open.spotify.com/track/6RjFuqzKb1gByFDiB14MvO,,,
6383,playlists,,Selfish,"Slum Village, John Legend, Kanye West",2004,https://open.spotify.com/track/7sZCAHP2duHwr5M5K7lHsb,,,
6384,playlists,,Everyday People,Sly & The Family Stone,1969,https://open.spotify.com/track/4ZVZBc5xvMyV3WzWktn8i7,,,
6385,playlists,,If You Want Me to Stay,Sly & The Family Stone,1973,https://open.spotify.com/track/2BydLQAh7CUIFvSEqAMc4x,,,
6386,playlists,,We Run,Small Town Kid,2026,https://open.spotify.com/track/2ZGSXWF4H5HogHxtKbyckj,,,
6387,playlists,,All Star,Smash Mouth,1999,https://open.spotify.com/track/3cfOd4CMv2snFaKAnMdnvK,,,
6388,playlists,,I'm A Believer - Radio Edit,Smash Mouth,2005,https://open.spotify.com/track/5M5mzimlah21xlC1rAuIuY,,,
6389,playlists,,Walkin' On The Sun,Smash Mouth,1997,https://open.spotify.com/track/4TQeNHx85xcP9YRkvJC6K1,,,
6390,playlists,,Because,Smerz,2017,https://open.spotify.com/track/7d2a78r2DTydqHhYJ4YsQj,,,
6391,playlists,,Illusions,Smif-N-Wessun,2019,https://open.spotify.com/track/0rzX4RTLPBHcnjKB3ndJAG,,,
6392,playlists,,Let It Go,Smif-N-Wessun,2019,https://open.spotify.com/track/0GNoGKSHvC3kDoNA2roU0T,,,
6393,playlists,,One Time,Smif-N-Wessun,2019,https://open.spotify.com/track/1S5ofp1Na2pjzMZAxyyMk7,,,
6394,playlists,,StahfAllah,Smif-N-Wessun,2019,https://open.spotify.com/track/6IcdXa4WVxoWnG5YllhJDn,,,
6395,playlists,,Testify,Smif-N-Wessun,2019,https://open.spotify.com/track/2JaLkrcRVllhMw0EjImGWC,,,
6396,playlists,,The A.L.L.,Smif-N-Wessun,2019,https://open.spotify.com/track/3CtGDvMtxOb25c2CHM14EV,,,
6397,playlists,,The Education of Smif N Wessun (Intro),Smif-N-Wessun,2019,https://open.spotify.com/track/2tG8cIrfogGPtyjoEFZIbO,,,
6398,playlists,,We Good,"Smif-N-Wessun, GQ, Heather Victoria",2019,https://open.spotify.com/track/4Sz1chIWMDnnn3BFwkevCG,,,
6399,playlists,,Ocean Drive,"Smif-N-Wessun, Musiq Soulchild, Rapsody",2019,https://open.spotify.com/track/30lOVSDMKSHvziffvwCDd7,Ocean Drive,street,high
6400,playlists,,DreamLand,"Smif-N-Wessun, Raekwon, Heather Victoria",2019,https://open.spotify.com/track/7vftM69ZhO5gBu0ElXuwBI,,,
6401,playlists,,Let Me Tell Ya,"Smif-N-Wessun, Rick Ross",2019,https://open.spotify.com/track/4z4Wpwj0CPXJ6V7s2lS0fP,,,
6402,playlists,,Letter 4 U,"Smif-N-Wessun, SmittytheCAINSMITH",2019,https://open.spotify.com/track/7gCo5AvxoPqERehAkcmGxg,,,
6403,playlists,,Shawty Is a 10 - 103.5 Bomb Remix,Smigg Dirtee,2013,https://open.spotify.com/track/6C9y4hcURzCDjivDvouLIY,,,
6404,playlists,,BAM 2x,Smino,2018,https://open.spotify.com/track/39M9NokmUeFunaUNoCIsp4,,,
6405,playlists,,HOOPTI,Smino,2018,https://open.spotify.com/track/5deXgGdMVJ9udzS9eXYYeK,,,
6406,playlists,,KLINK,Smino,2018,https://open.spotify.com/track/6tdAmfHEd4cXEkNbCMgOP9,,,
6407,playlists,,KOVERT,Smino,2018,https://open.spotify.com/track/23MF54AtVwpMkuQb4R70Rq,,,
6408,playlists,,L.M.F.,Smino,2018,https://open.spotify.com/track/2KmYPKHvwG77NAcDpFlLBm,,,
6409,playlists,,LOW DOWN DERRTY BLUES,Smino,2018,https://open.spotify.com/track/7lOWMm3udPeBvu5FDmpC8h,,,
6410,playlists,,MERLOT,Smino,2018,https://open.spotify.com/track/3zHO7vkTm5PohK1ISB1N2a,,,
6411,playlists,,No L's,Smino,2022,https://open.spotify.com/track/12CNybio0Bxean3F3uYugU,,,
6412,playlists,,PIZANO,Smino,2018,https://open.spotify.com/track/4cptnUQG5upQxFUPcrZMdU,,,
6413,playlists,,Polynesian,Smino,2024,https://open.spotify.com/track/27ATssFYewh8Vcg6wd6Udq,,,
6414,playlists,,Reverend,Smino,2019,https://open.spotify.com/track/4BYPnNTZkGpnd5Odm2JFpT,,,
6415,playlists,,SKEDOS,Smino,2018,https://open.spotify.com/track/0Ec3M0gdhQ4sUKd5vGEKqm,,,
6416,playlists,,SPINZ,Smino,2018,https://open.spotify.com/track/3WiCqMk8qUREjPsjubiPIK,,,
6417,playlists,,Tempo,Smino,2020,https://open.spotify.com/track/2ca5xMtPpmULDE6aG3VuEn,,,
6418,playlists,,TEQUILA MOCKINGBIRD,Smino,2018,https://open.spotify.com/track/0rC1Zom3PFrEYwdl4QN785,Tequila,city,medium
6419,playlists,,VERIZON,Smino,2018,https://open.spotify.com/track/7KlM4piqWaxB69tvnhlrns,,,
6420,playlists,,WE GOT THE BISCUITS,Smino,2018,https://open.spotify.com/track/1fJL0EgvPrLIltnF0d3CbR,,,
6421,playlists,,FENTY SEX (with Dreezy),"Smino, Dreezy",2018,https://open.spotify.com/track/5ORcI4U6qYkU5JGHjkaDzX,,,
6422,playlists,,90 Proof (with J. Cole),"Smino, J. Cole",2022,https://open.spotify.com/track/0vbmYCIWENdYyJ36Q4CdSz,,,
6423,playlists,,Baguetti (with JID & Kenny Beats),"Smino, JID, Kenny Beats",2020,https://open.spotify.com/track/3DcL8FXLA9iKwqnyj9POLt,,,
6424,playlists,,MF GROOVE (with Ravyn Lenae),"Smino, Ravyn Lenae",2018,https://open.spotify.com/track/3f0wlG15mXf22WOraAYwJ7,,,
6425,playlists,,KRUSHED ICE (with Valee),"Smino, Valee",2018,https://open.spotify.com/track/0RrStGJK40iOOfH3nMPLcc,,,
6426,playlists,,SUMMER SALT (with Bari),"Smino, Young Pink",2018,https://open.spotify.com/track/6gIM8RWaTNL96Juv4gPSQX,,,
6427,playlists,,Z4L (with Bari & Jay2),"Smino, Young Pink, Jay2",2018,https://open.spotify.com/track/3X6YJcqTinaNraRvojF62K,,,
6428,playlists,,Painted Houses (feat. Conway the Machine),"Smoke DZA, Flying Lotus, Conway the Machine",2023,https://open.spotify.com/track/3zdg5C4xnOx5riFGy1CXI6,,,
6429,playlists,,Red Bottoms,Smokepurpp,2019,https://open.spotify.com/track/7BJ33p5i27eytzaxmDZOc7,,,
6430,playlists,,Do Not Disturb,"Smokepurpp, Murda Beatz, Lil Yachty, Offset",2018,https://open.spotify.com/track/6Ew9OKNC9uoL6xJSii8whk,,,
6431,playlists,,Mamacita (feat. A$AP Rocky),"Smooky MarGielaa, A$AP Rocky",2022,https://open.spotify.com/track/1SlHZ51oGKV56qtPVFyJlR,,,
6432,playlists,,All My Friends (feat. Tinashe & Chance the Rapper),"Snakehips, Tinashe, Chance the Rapper",2015,https://open.spotify.com/track/6TaqooOXAEcijL6G1AWS2K,,,
6433,playlists,,Love Is A Gamble (feat. Kida Kudz),"Sneakbo, Kida Kudz",2020,https://open.spotify.com/track/0VV39GuTsAxpxaiK7l27qO,,,
6434,playlists,,TROUBLED WATERS,Snoh Aalegra,2021,https://open.spotify.com/track/6bkDR0K9O4iL4eCTXKcMEx,,,
6435,playlists,,"NEON PEACH feat. Tyler, The Creator","Snoh Aalegra, Tyler, The Creator",2021,https://open.spotify.com/track/5PF2WtSZV4EtmGx4oER1zt,,,
6436,playlists,,Gin and Juice,Snoop Dogg,2005,https://open.spotify.com/track/2HczRHTr4YgT9W6tRs4j1m,,,
6437,playlists,,R U A Freak,Snoop Dogg,2015,https://open.spotify.com/track/4AYFCPg6DqR3d8YkdDTJJM,,,
6438,playlists,,Signs,"Snoop Dogg, Charlie Wilson, Justin Timberlake",2004,https://open.spotify.com/track/4HSAJpNocVNJbwbQvtCMdO,,,
6439,playlists,,Beautiful,"Snoop Dogg, Pharrell Williams, Uncle Charlie Wilson",2005,https://open.spotify.com/track/4675yUu8AUbE72T94BkLCD,,,
6440,playlists,,Paramedic!,SOB X RBE,2018,https://open.spotify.com/track/2tPcTFiQF9MbVUyjZ3zDhA,,,
6441,playlists,,tolerance,sobhhï,2021,https://open.spotify.com/track/0MRjfZIUD6N2FKAQGwtzET,,,
6442,playlists,,Pick Up The Phone,"SOFI TUKKER, Nonô",2025,https://open.spotify.com/track/1bcZHf64xOalMif12Fy7jc,,,
6443,playlists,,Tainted Love,Soft Cell,1981,https://open.spotify.com/track/0cGG2EouYCEEC3xfa0tDFV,,,
6444,playlists,,Midnight Freak-Out,Sofía Valdés,2023,https://open.spotify.com/track/2rIS9JrhI03Z2tsIvHVvxw,,,
6445,playlists,,Searchin,Sonder,2017,https://open.spotify.com/track/2WcPWXOjoDKDVouyyWV8Eq,,,
6446,playlists,,Too Fast,Sonder,2016,https://open.spotify.com/track/42QRyJd5x6e2TFR1S41g2p,,,
6447,playlists,,What You Heard,Sonder,2019,https://open.spotify.com/track/3a3dQOO19moXPeTt2PomoT,,,
6448,playlists,,Nobody But You,"Sonder, Jorja Smith",2021,https://open.spotify.com/track/6VFKuuqSbA1GpMEosUgTwQ,,,
6449,playlists,,Sweat - SOPHIE Remix,"SONIKKU, LIZ, SOPHIE",2020,https://open.spotify.com/track/1CUCnTJVZy68TS34DX6kCx,,,
6450,playlists,,"It Feels So Good - 12"" Breakbeat Mix",Sonique,1998,https://open.spotify.com/track/2LCoc8qwHqVQcU8XMjgZQN,,,
6451,playlists,,Asking,"Sonny Fodera, MK, Clementine Douglas",2023,https://open.spotify.com/track/4bz8Z7squfs2Yji2DwoujR,,,
6452,playlists,,HARD,SOPHIE,2015,https://open.spotify.com/track/64LJZpSz4VxvNDcyx1762M,,,
6453,playlists,,Immaterial,SOPHIE,2018,https://open.spotify.com/track/7ub14NqqyR1MDUTXyFBTzO,,,
6454,playlists,,JUST LIKE WE NEVER SAID GOODBYE,SOPHIE,2015,https://open.spotify.com/track/18yTgk0VgjB9XDj8h2q6Td,,,
6455,playlists,,MSMSMSM,SOPHIE,2015,https://open.spotify.com/track/5g5y3bgYrajITEEYsLnkDq,,,
6456,playlists,,VYZEE,SOPHIE,2015,https://open.spotify.com/track/1LzvuqP3L5Q7G61kUBgfCJ,,,
6457,playlists,,Murder On The Dancefloor,Sophie Ellis-Bextor,2002,https://open.spotify.com/track/4tKGFmENO69tZR9ahgZu48,,,
6458,playlists,,Berlin Nightmare (feat. Evita Manji),"SOPHIE, Evita Manji",2024,https://open.spotify.com/track/0ZZgJ88wX7vdRQSFEW04FM,Berlin,city,high
6459,playlists,,DFCW,SOSA,2019,https://open.spotify.com/track/1T8dzkxfuABDgXS0pG1fDf,,,
6460,playlists,,BLOW (WHITE GIRL IN TOWN) [feat. Kilo Ali],"SOSA, Kilo Ali",2024,https://open.spotify.com/track/52r4FYDc8x1DlWt6x2vuiT,,,
6461,playlists,,Crank That (Soulja Boy),Soulja Boy,2007,https://open.spotify.com/track/4iNkk2qPPXC1MAZdVUq810,,,
6462,playlists,,Kiss Me Thru The Phone,"Soulja Boy, Sammie",2008,https://open.spotify.com/track/2q4rjDy9WhaN3o9MvDbO21,,,
6463,playlists,,93 'Til Infinity,Souls Of Mischief,1993,https://open.spotify.com/track/0PV1TFUMTBrDETzW6KQulB,,,
6464,playlists,,Crush,Souly Had,2017,https://open.spotify.com/track/6XFHAb88yMCSWSt5pVSxnE,,,
6465,playlists,,LEAP!,"Souly Had, Lonr.",2020,https://open.spotify.com/track/3vl2uH4D2QItFFhzz5L06g,,,
6466,playlists,,Heavy Cheering & Applause with Large Indoor Crowd in Convention Hall,Sound Ideas,2014,https://open.spotify.com/track/0ba1hxDl19BL5KPaIbLvJT,,,
6467,playlists,,Sweet Dreams - Are Made of This,Sound Of Legend,2019,https://open.spotify.com/track/2Y8OTlI2muZTiFASMRONpJ,,,
6468,playlists,,I'm So Excited - Siks Remix,"Sound Of Legend, Siks",2023,https://open.spotify.com/track/5lvXklAtsaPvyxZFxRx9oC,,,
6469,playlists,,I Must Be High,South Park Mexican,2001,https://open.spotify.com/track/1Yc1mFmJrICDHQNzePG9wP,,,
6470,playlists,,25 Lighters,Southpaw Swade,2016,https://open.spotify.com/track/1i6b2nEglNyHXgHEgCMrtf,,,
6471,playlists,,Booster Seat,Spacey Jane,2020,https://open.spotify.com/track/5th1bFGGaXLM7wDBJpcF06,,,
6472,playlists,,Good for You,Spacey Jane,2020,https://open.spotify.com/track/2Nw6tjb0euV6LApzN4fU0a,,,
6473,playlists,,Skin,Spacey Jane,2020,https://open.spotify.com/track/1LdGcv246dZ321xFTrNUIe,,,
6474,playlists,,Voodoo (feat. EARTHGANG),"Spillage Village, EARTHGANG",2016,https://open.spotify.com/track/4ofeOC5QE3bzzD9G2G743g,,,
6475,playlists,,"End Of Daze (with EARTHGANG & JID feat. Jurdan Bryant, Mereba & Hollywood JB)","Spillage Village, EARTHGANG, JID, Jurdan Bryant, Mereba, Hollywood JB",2020,https://open.spotify.com/track/5xu3wnPlfdmW7dMiX5XA2P,,,
6476,playlists,,Baptize (with JID & EARTHGANG feat. Ant Clemons),"Spillage Village, JID, EARTHGANG, Ant Clemons",2020,https://open.spotify.com/track/13ureYALF9sCGjSYiojXCB,,,
6477,playlists,,Little Miss Can't Be Wrong,Spin Doctors,1991,https://open.spotify.com/track/1uCqIhOePc6hDMG2ijk8sp,,,
6478,playlists,,Two Princes,Spin Doctors,1991,https://open.spotify.com/track/0cuq829zRNq4AEdmDJA4aw,,,
6479,playlists,,Can U Be,spl,2023,https://open.spotify.com/track/1E2xmS02z41GduPg5XqtTk,,,
6480,playlists,,Chakras,spl,2023,https://open.spotify.com/track/3XmrWd63TZt4522ybXuchG,,,
6481,playlists,,New Body,spl,2023,https://open.spotify.com/track/4rEeTm8OIBgvOJKN4JAeCw,,,
6482,playlists,,You Are the Right One,Sports,2015,https://open.spotify.com/track/2qpacEyFxmbxCpIEqZkqvC,,,
6483,playlists,,Thank You for Leaving,"Sports, Gus Dapperton",2024,https://open.spotify.com/track/6PyZoxxYmlZpXprkGuErY6,,,
6484,playlists,,Beat Keep Rockin',Starjunk 95,2025,https://open.spotify.com/track/11RXJgrGmyPJEtbOJ9ZFYQ,,,
6485,playlists,,Groove District,Starjunk 95,2021,https://open.spotify.com/track/7Kv0yPSr550uUxbAwAhH01,,,
6486,playlists,,Spectra Ocean Dream Circuit,Starjunk 95,2024,https://open.spotify.com/track/3OjuwKFhNKHRjtsVwasQ5W,,,
6487,playlists,,State Your Name,Starjunk 95,2025,https://open.spotify.com/track/1Vwcgu1NQ6s7pD70c37kr7,,,
6488,playlists,,Rush,Starrah,2016,https://open.spotify.com/track/2RA3HWRK7tKOZcIMuF0MaJ,,,
6489,playlists,,We Built This City,Starship,1985,https://open.spotify.com/track/6OnfBiiSc9RGKiBKKtZXgQ,,,
6490,playlists,,Beautiful Life,"Statik Selektah, Action Bronson, Joey Bada$$",2015,https://open.spotify.com/track/0swpCzvehae1pUpFfVFHxL,,,
6491,playlists,,"Play Around (feat. Conway the Machine, 2 Chainz, Killer Mike, & Allan Kingdom)","Statik Selektah, Conway the Machine, 2 Chainz, Killer Mike, Allan Kingdom",2020,https://open.spotify.com/track/5iJcqpJ0pSwBcBhu4SEZli,,,
6492,playlists,,Keep It Moving,"Statik Selektah, Nas, Joey Bada$$, Gary Clark Jr.",2020,https://open.spotify.com/track/3R4IFsTuDOR7XEt2Tl2iuR,,,
6493,playlists,,Put Jewels On It,"Statik Selektah, Run The Jewels",2017,https://open.spotify.com/track/1vPuFCKyT3TdRYoGcTGbwr,,,
6494,playlists,,Dirty Work,Steely Dan,1972,https://open.spotify.com/track/3IvTwPCCjfZczCN2k4qPiH,,,
6495,playlists,,Home At Last,Steely Dan,1977,https://open.spotify.com/track/2beIrUqv4VIyqqYhnajOyT,,,
6496,playlists,,Peg,Steely Dan,1977,https://open.spotify.com/track/2MaLglXXcouyoh03rUROQ2,,,
6497,playlists,,Reelin' In The Years,Steely Dan,1972,https://open.spotify.com/track/1x1XQqhBViz4opcpwc7FVs,,,
6498,playlists,,5 On It - 71 Digits Remix,"Steff da Campo, Chico Rose, 71 Digits",2021,https://open.spotify.com/track/4QLs4TwtXGWtTh1aeyNqwG,,,
6499,playlists,,Born To Be Wild - Single Version,Steppenwolf,1968,https://open.spotify.com/track/3lN8PP6R2IxbLP05QpYXng,,,
6500,playlists,,Walkie Talkie Man,Steriogram,2004,https://open.spotify.com/track/0iCrjwLMTjWsdOKdOAZ0FC,,,
6501,playlists,,Boneless,"Steve Aoki, Chris Lake, Tujamo",2013,https://open.spotify.com/track/4qPnE8jBZN3wmgGxspsOcP,,,
6502,playlists,,Amandla's Interlude,Steve Lacy,2019,https://open.spotify.com/track/66nc8Tv8zeo4N9ZSoG3kPI,,,
6503,playlists,,Basement Jack,Steve Lacy,2019,https://open.spotify.com/track/30o8E8pmxyWDVvjud2WE5i,,,
6504,playlists,,C U Girl,Steve Lacy,2015,https://open.spotify.com/track/6FBzhcfgGacfXF3AmtfEaX,,,
6505,playlists,,Dark Red,Steve Lacy,2017,https://open.spotify.com/track/37y7iDayfwm3WXn5BiAoRk,,,
6506,playlists,,doom,Steve Lacy,2026,https://open.spotify.com/track/3kKPZFQse4LtbnMRhnAlEO,,,
6507,playlists,,Guide,Steve Lacy,2019,https://open.spotify.com/track/1omb5x3QAi6sY9yGxvi22V,,,
6508,playlists,,Hate CD,Steve Lacy,2019,https://open.spotify.com/track/6L8EJ6DWUeQ9nsSjGB5KEX,,,
6509,playlists,,In Lust We Trust,Steve Lacy,2019,https://open.spotify.com/track/4ROD1HZkO637qa3bSGOSku,,,
6510,playlists,,Lay Me Down,Steve Lacy,2019,https://open.spotify.com/track/2ezzd77TFTHCK2EuV6Y8uF,,,
6511,playlists,,Love 2 Fast,Steve Lacy,2019,https://open.spotify.com/track/7MlAND46qL6L5npwOhbaZK,,,
6512,playlists,,N Side,Steve Lacy,2019,https://open.spotify.com/track/24G1PXBWoRgV0wDXZKwxzz,,,
6513,playlists,,Only If,Steve Lacy,2019,https://open.spotify.com/track/0AzacpqYhvdOSbFvJ6eCKr,,,
6514,playlists,,Outro Freestyle/4ever,Steve Lacy,2019,https://open.spotify.com/track/37wiLIV2spnGipM2NE81yX,,,
6515,playlists,,Playground,Steve Lacy,2019,https://open.spotify.com/track/4IroNECciKcq3M2QtSTus7,,,
6516,playlists,,Some,Steve Lacy,2016,https://open.spotify.com/track/4riDfclV7kPDT9D58FpmHd,,,
6517,playlists,,the feeling,Steve Lacy,2026,https://open.spotify.com/track/3SoarlzPEiF7NgSeGsh44S,,,
6518,playlists,,Like Me,"Steve Lacy, DAISY WORLD",2019,https://open.spotify.com/track/7AeebdvXcGtJW4tItjdauO,,,
6519,playlists,,The Joker,Steve Miller Band,1973,https://open.spotify.com/track/1bp2IO61zbQrbWNmKKxg3f,,,
6520,playlists,,Higher Love,Steve Winwood,2001,https://open.spotify.com/track/4OZbWCJ3xPqWiIzxeNltq6,,,
6521,playlists,,Edge of Seventeen - 2016 Remaster,Stevie Nicks,1981,https://open.spotify.com/track/7L3b6iaVhDVjfo52Hbvh9Z,,,
6522,playlists,,Superstition,Stevie Wonder,1972,https://open.spotify.com/track/4N0TP4Rmj6QQezWV88ARNJ,,,
6523,playlists,,How To Fly,Sticky Fingers,2013,https://open.spotify.com/track/6I3Evf3nNhxFA5lSM37Y0v,,,
6524,playlists,,Laika (Abbey Road Remaster 2024),Sticky Fingers,2024,https://open.spotify.com/track/42wduTXSPC5hqUM9yIQ3kq,,,
6525,playlists,,Again,Still Woozy,2024,https://open.spotify.com/track/7e0LOBvgnz3Rnu20gUKOeh,,,
6526,playlists,,BS,Still Woozy,2020,https://open.spotify.com/track/1qxZswAdBvM0JMUoV83J1b,,,
6527,playlists,,Cooks,Still Woozy,2017,https://open.spotify.com/track/75TDPu9k7Yv3IovdYaNCwk,,,
6528,playlists,,Foolsong,Still Woozy,2019,https://open.spotify.com/track/2CO1B7lyEs3lf19hM5gn6x,,,
6529,playlists,,Get By,Still Woozy,2021,https://open.spotify.com/track/0HXiFFhg287d15ssjFaRZp,,,
6530,playlists,,Get Down,Still Woozy,2021,https://open.spotify.com/track/30YwNPjL8G6O1GaTP5obhV,,,
6531,playlists,,Goodie Bag,Still Woozy,2017,https://open.spotify.com/track/4vHNeBWDQpVCmGbaccrRzi,,,
6532,playlists,,Lava,Still Woozy,2019,https://open.spotify.com/track/2dIeraguJ8SoHDqXfSZelZ,,,
6533,playlists,,Maybe She,Still Woozy,2019,https://open.spotify.com/track/5U8hidWugxHXvh1AzZYwKF,,,
6534,playlists,,Rocky,Still Woozy,2021,https://open.spotify.com/track/3E73eFyGL6v10qlK3jiLyR,,,
6535,playlists,,Shotput,Still Woozy,2024,https://open.spotify.com/track/6RmWk7p9QY8VMGHdgq4Ulh,,,
6536,playlists,,That's Life,Still Woozy,2021,https://open.spotify.com/track/0WHWD1OwKWBiESxUEqf8x0,,,
6537,playlists,,Lucy,"Still Woozy, ODIE",2018,https://open.spotify.com/track/5RxpYHVbGJPOvSEATQyg9P,,,
6538,playlists,,Ball so Hard,"Stooki Sound, Hucci",2013,https://open.spotify.com/track/2Ey4ub4XHxBYAkOsBXI6gk,,,
6539,playlists,,Yacht Club (feat. Young Thug & Ty Dolla $ign),"Strick, Ty Dolla $ign, Young Thug",2020,https://open.spotify.com/track/5AzuFMUO9TRuvkfbHgkbeV,,,
6540,playlists,,Alors On Danse - Remix - Explicit,"Stromae, Kanye West, Gilbere Forté",2010,https://open.spotify.com/track/2SRzCZMWi0vJM5ngaKjcjX,,,
6541,playlists,,Big 4x Freestyle,Stunna 4 Vegas,2019,https://open.spotify.com/track/1WBumJFXRUbxi78onZGglf,,,
6542,playlists,,Double D's,Stunna 4 Vegas,2019,https://open.spotify.com/track/2K4J00wZyGIptCxjnNZVe4,,,
6543,playlists,,Fuckery,Stunna 4 Vegas,2019,https://open.spotify.com/track/1A1Mxci6eii5AZv23wT6jC,,,
6544,playlists,,Hittin 4,Stunna 4 Vegas,2019,https://open.spotify.com/track/5eXrriuP9PNSRXL3GruXVc,,,
6545,playlists,,Intro,Stunna 4 Vegas,2019,https://open.spotify.com/track/5xeQb4YBffnFn1XNTfwzUM,,,
6546,playlists,,Punch Me In Pt. 4,Stunna 4 Vegas,2019,https://open.spotify.com/track/11kS6LlAI7SXnAVdqmMW4I,Pūnch,city,medium
6547,playlists,,Ashley (with DaBaby),"Stunna 4 Vegas, DaBaby",2019,https://open.spotify.com/track/4gH4e5ENzVDg4N8fOp2vDP,,,
6548,playlists,,Sticks (feat. DaBaby),"Stunna 4 Vegas, DaBaby",2019,https://open.spotify.com/track/0nZBhCDeqHFqZnACA3YCfA,,,
6549,playlists,,Durkio (feat. Lil Durk),"Stunna 4 Vegas, Lil Durk",2019,https://open.spotify.com/track/3PA7cUP9KCmWBwa1ri3Jxo,,,
6550,playlists,,100 Or Better (feat. NLE Choppa),"Stunna 4 Vegas, NLE Choppa",2019,https://open.spotify.com/track/2HTPYkoxEvr8g2EHt4BZe3,,,
6551,playlists,,4th Of July (feat. Offset),"Stunna 4 Vegas, Offset",2019,https://open.spotify.com/track/7gBt2uDFClTmMmTekJvnZk,,,
6552,playlists,,Havin My Way (feat. Young Nudy),"Stunna 4 Vegas, Young Nudy",2019,https://open.spotify.com/track/2x1pxKWePiMDPDRYP3WnEc,,,
6553,playlists,,Far From Home,Stwo,2016,https://open.spotify.com/track/2t2ib50lGzbo96G6mDbfoX,,,
6554,playlists,,Out At Night (feat. A.CHAL),"Stwo, A.CHAL",2016,https://open.spotify.com/track/2J4VpjrnGf0EGK9CWKMYGg,,,
6555,playlists,,Fill The Void (feat. Amir Obé & Daniel Caesar),"Stwo, Amir Obe, Daniel Caesar",2016,https://open.spotify.com/track/4cieRtd3nCxideC8lesgis,,,
6556,playlists,,All Alone (feat. BADBADNOTGOOD & Shay Lia),"Stwo, BADBADNOTGOOD, Shay Lia",2016,https://open.spotify.com/track/0pgNhTYm682jZDcRkVcDLA,,,
6557,playlists,,Insecure (feat. Brent Faiyaz & Atu),"Stwo, Brent Faiyaz, Atu",2016,https://open.spotify.com/track/4LCRUQ6KjxBehw72kmTAXV,,,
6558,playlists,,Angeles (feat. MK Grands),"Stwo, MK Grands",2016,https://open.spotify.com/track/6cEj1fwX6JpBYd98whnEv5,,,
6559,playlists,,Haunted (feat. Sevdaliza),"Stwo, Sevdaliza",2016,https://open.spotify.com/track/3Qa7yHQnNjqFjWhvcC7hxF,,,
6560,playlists,,Blue Sky (feat. Sunni Colon),"Stwo, Sunni Colón",2016,https://open.spotify.com/track/5KXuFYjx2IecSMGcuT6OQ7,,,
6561,playlists,,Come Sail Away,Styx,1995,https://open.spotify.com/track/0YQqMV75q5EMFqWJ51avHg,Comé,city,medium
6562,playlists,,Mr. Roboto,Styx,1983,https://open.spotify.com/track/7C0rG4oWO7VeZcffyW1sK9,,,
6563,playlists,,Santeria,Sublime,1996,https://open.spotify.com/track/2hnMS47jN0etwvFPzYk11f,,,
6564,playlists,,What I Got,Sublime,1996,https://open.spotify.com/track/3B4q6KbHbGV51HO3GznBFF,,,
6565,playlists,,Every Time I Think About You,Subsurface,2026,https://open.spotify.com/track/241ezUiAMh6OvAySRzIfHl,,,
6566,playlists,,Black Ice (feat. Phantogram),"Subtronics, Rezz, Phantogram",2024,https://open.spotify.com/track/0i3NZpE5KwC70tf0GSKekx,,,
6567,playlists,,Fishscale,Sueco,2019,https://open.spotify.com/track/0UyKtU3KuPsuSIr96c4eTu,,,
6568,playlists,,Every Morning,Sugar Ray,1999,https://open.spotify.com/track/2ouURa1AIXp3AvkS52Jry5,,,
6569,playlists,,Fly,Sugar Ray,1997,https://open.spotify.com/track/3uPfVXcjnpOjyzI3jb3js4,,,
6570,playlists,,Someday,Sugar Ray,1999,https://open.spotify.com/track/6zeDYmP3ARpURvpK29Q09P,,,
6571,playlists,,Girls Need Love (with Drake) - Remix,"Summer Walker, Drake",2018,https://open.spotify.com/track/14SaZBTjxlorHJQxXh01Hu,,,
6572,playlists,,Sol Del Sur,Sun Room,2020,https://open.spotify.com/track/61EuOHKJepAeaXUTGUqfH4,,,
6573,playlists,,Dance No More (with Kaleena Zanders),"Sunday Scaries, Kaleena Zanders",2023,https://open.spotify.com/track/5IkqbeN8L6DC9kRA7Hp64t,,,
6574,playlists,,Chill Like That,"Sunday Scaries, PiCKUPLiNES",2022,https://open.spotify.com/track/2NZABaUZUleW2mIuDlh5ZA,,,
6575,playlists,,Alright,Supergrass,1995,https://open.spotify.com/track/5xC8uOesnn0udeXAYlAnoY,,,
6576,playlists,,Tell Me Why - MEDUZA Remix,"Supermode, MEDUZA",2022,https://open.spotify.com/track/7jrMFjEq0t09f7m3HnnWXl,,,
6577,playlists,,Give A Little Bit,Supertramp,1977,https://open.spotify.com/track/6XUHsYE38CEbYunT983O9G,,,
6578,playlists,,Goodbye Stranger - Remastered 2010,Supertramp,1979,https://open.spotify.com/track/67oyFnjJnn78fZP9KjeZx0,,,
6579,playlists,,Somewhere (feat. Gus Dapperton),"Surf Mesa, Gus Dapperton",2020,https://open.spotify.com/track/0bmQ5H9mHFzRnJ4ZntylFg,,,
6580,playlists,,Eye of the Tiger,Survivor,1982,https://open.spotify.com/track/2HHtWyy5CgaQbC7XSoOb0e,,,
6581,playlists,,Dawn,"Susan Mazer / Dallas Smith, Dallas Smith, Susan Mazer",2016,https://open.spotify.com/track/5RekGnpIppGiGvbdLM9Rdc,,,
6582,playlists,,Dance Like No One’s Watching,Swae Lee,2020,https://open.spotify.com/track/2kuYZZvjwzYWPA8L7ICFXn,,,
6583,playlists,,Reality Check,Swae Lee,2020,https://open.spotify.com/track/2p72O2JobPc9sVz520Hil5,,,
6584,playlists,,Sextasy,Swae Lee,2019,https://open.spotify.com/track/19CcX8terAlO1xPaW3wci0,,,
6585,playlists,,Someone Said,Swae Lee,2020,https://open.spotify.com/track/5awaEIMiJboRO7ycF6UOot,,,
6586,playlists,,Ball Is Life (feat. Jack Harlow),"Swae Lee, Jack Harlow",2021,https://open.spotify.com/track/5KWwD9LzZa6ruNYGNqAqoN,,,
6587,playlists,,CATCH YA,Sweatbaby,2026,https://open.spotify.com/track/31vvjlFzZBaPZXvhwowt6G,,,
6588,playlists,,One - Radio Edit,Swedish House Mafia,2012,https://open.spotify.com/track/1AQxJtGlb8bqi1vNHL9CRR,,,
6589,playlists,,Frankenstein (feat. A$AP Rocky),"Swedish House Mafia, A$AP Rocky",2022,https://open.spotify.com/track/3gDRZkL8YfzpZg1N1YsW5x,,,
6590,playlists,,Happiness Is So Sad,"Swedish House Mafia, Lykke Li",2026,https://open.spotify.com/track/5Vz9XUiw2emOIRLobTMEkD,,,
6591,playlists,,Redlight,"Swedish House Mafia, Sting",2022,https://open.spotify.com/track/48Jf12YHPBCAfAzi255Rvr,,,
6592,playlists,,Moth To A Flame (with The Weeknd),"Swedish House Mafia, The Weeknd",2021,https://open.spotify.com/track/2gpWyfu7eZ01zzncHpxOtA,,,
6593,playlists,,Miami 2 Ibiza - Swedish House Mafia vs. Tinie Tempah,"Swedish House Mafia, Tinie Tempah",2010,https://open.spotify.com/track/5ZFVacinyPxz19eK2vTodL,Miami; Ibiza,city; island,high
6594,playlists,,Lifetime (with Ty Dolla $ign & 070 Shake),"Swedish House Mafia, Ty Dolla $ign, 070 Shake",2021,https://open.spotify.com/track/3zQpGaH50HeMjxurMZVF6q,,,
6595,playlists,,what i'm giving you,Sweeps,2019,https://open.spotify.com/track/2n6Klx7OcGsbnw68G4TI4T,,,
6596,playlists,,REACT,"Switch Disco, Ella Henderson, Robert Miles",2023,https://open.spotify.com/track/1UPHCP5YeVfele4DMbdGyi,,,
6597,playlists,,Sad News (feat. Scarface),"Swizz Beatz, Scarface",2016,https://open.spotify.com/track/3Bb4zQwfLXTPvj27ZqRCC6,,,
6598,playlists,,Never End Up Broke Pt. 2 (feat. Pusha T),"Symba, Pusha T",2022,https://open.spotify.com/track/3pPpHxBDoEqEcP4NyPp1iT,,,
6599,playlists,,Gimme Gimme Gimme (a man after midnight),Syzz,2020,https://open.spotify.com/track/0Tp3sIeg6YsqDbRyjYWNUu,,,
6600,playlists,,20 Something,SZA,2017,https://open.spotify.com/track/5YSmqb8Ds4M6Ey5XpWLILX,,,
6601,playlists,,Anything,SZA,2017,https://open.spotify.com/track/754gFfmsbjWG97L81mFMGs,,,
6602,playlists,,Broken Clocks,SZA,2017,https://open.spotify.com/track/7GQ8cwszA8HsUA6ohLoa3i,,,
6603,playlists,,Drew Barrymore,SZA,2017,https://open.spotify.com/track/05z3IF0VGKDM31jIAmxxwL,,,
6604,playlists,,Garden (Say It Like Dat),SZA,2017,https://open.spotify.com/track/4Oz104bsAeePdKzMBcYomL,,,
6605,playlists,,Go Gina,SZA,2017,https://open.spotify.com/track/7ruiupyTfOflj8JSHCG6vL,,,
6606,playlists,,Good Days,SZA,2020,https://open.spotify.com/track/3YJJjQPAbDT7mGpX3WtQ9A,,,
6607,playlists,,I Hate U,SZA,2021,https://open.spotify.com/track/5dXWFMwD7I7zXsInONVl0H,,,
6608,playlists,,Normal Girl,SZA,2017,https://open.spotify.com/track/5jQwbtqmx8RgFgaWSXMflg,,,
6609,playlists,,Prom,SZA,2017,https://open.spotify.com/track/4unvNUyCY4WwBT48EKGEM9,,,
6610,playlists,,Saturn,SZA,2024,https://open.spotify.com/track/1bjeWoagtHmUKputLVyDxQ,,,
6611,playlists,,Shirt,SZA,2022,https://open.spotify.com/track/34ZAzO78a5DAVNrYIGWcPm,,,
6612,playlists,,Supermodel,SZA,2017,https://open.spotify.com/track/3dNssB0rTBKJB7uDu4teU7,,,
6613,playlists,,The Weekend,SZA,2017,https://open.spotify.com/track/6l8i9PBJ440VR1zmspfDpA,,,
6614,playlists,,Childs Play (feat. Chance the Rapper),"SZA, Chance the Rapper",2014,https://open.spotify.com/track/7GPstnufSTScEaw9dMxO9H,,,
6615,playlists,,Pretty Little Birds (feat. Isaiah Rashad),"SZA, Isaiah Rashad",2017,https://open.spotify.com/track/0u5BnqhieHi2ReqnSTvngj,,,
6616,playlists,,Wavy (Interlude) (feat. James Fauntleroy),"SZA, James Fauntleroy",2017,https://open.spotify.com/track/0ER7L8JdsFmd2AZtImkhdT,,,
6617,playlists,,Doves In The Wind (feat. Kendrick Lamar),"SZA, Kendrick Lamar",2017,https://open.spotify.com/track/5KHiwPWItRUP3Z4Cut6dHg,,,
6618,playlists,,Hit Different,"SZA, The Neptunes, Pharrell Williams, Ty Dolla $ign",2020,https://open.spotify.com/track/7Bar1kLTmsRmH6FCKKMEyU,,,
6619,playlists,,Power is Power,"SZA, The Weeknd, Travis Scott, Game of Thrones",2019,https://open.spotify.com/track/35RDmXJ59YYGNlv1KfTGsP,,,
6620,playlists,,Love Galore (feat. Travis Scott),"SZA, Travis Scott",2017,https://open.spotify.com/track/1Z4atpdoHSHMkCn4cPm7Do,,,
6621,playlists,,Blue Coloured Mountain,Szymon,2019,https://open.spotify.com/track/1H13QHTCzJrCcOgZT7aatf,Blue Coloured Mountain,pattern,low
6622,playlists,,Mas Que Nada,"Sérgio Mendes, Black Eyed Peas",2006,https://open.spotify.com/track/6U7GUjtamt2P0LcFod1dBT,Nada,city,high
6623,playlists,,Be Your X,T-Pain,2019,https://open.spotify.com/track/6eGah0zNCXUr8ZT9qUw0h8,,,
6624,playlists,,I'm Cool With That,T-Pain,2021,https://open.spotify.com/track/3dLFne62Dlao0sfEVFIs2B,,,
6625,playlists,,I'm Sprung,T-Pain,2005,https://open.spotify.com/track/0DLOyyQvwPTSDKuhpzMMwA,,,
6626,playlists,,It's My Dog Birthday,T-Pain,2019,https://open.spotify.com/track/6Uh6VBPzqT8g4ADAYVpxeM,,,
6627,playlists,,Keep This from Me,T-Pain,2019,https://open.spotify.com/track/3FtIrPWVEot7KxCo97S1UY,,,
6628,playlists,,Tallahassee Love,T-Pain,2007,https://open.spotify.com/track/1Z4wgZ4LR2CGpR35q2vEaW,Tallahassee,city,high
6629,playlists,,U Up,T-Pain,2019,https://open.spotify.com/track/6p8JTP4A9NZHtxRVhkEo6s,,,
6630,playlists,,We All We Got,T-Pain,2019,https://open.spotify.com/track/6sYATaeVcoTufum4pNTxW8,,,
6631,playlists,,Bartender (feat. Akon),"T-Pain, Akon",2007,https://open.spotify.com/track/5kxddRG1RZaZROadk7iC4D,,,
6632,playlists,,Up Down (Do This All Day) (feat. B.o.B),"T-Pain, B.o.B",2014,https://open.spotify.com/track/6lbhWl34Il0WXm5pX1fM9E,,,
6633,playlists,,RIP to the Parking Lot (feat. Boosie Badazz),"T-Pain, Boosie Badazz",2019,https://open.spotify.com/track/6B8pOvEZg9L1CamPMZ5OK2,,,
6634,playlists,,All I Want (feat. Flipp Dinero),"T-Pain, Flipp Dinero",2019,https://open.spotify.com/track/4FjcZsKyGhhZnuYq0nzXpZ,,,
6635,playlists,,I Like Dat,"T-Pain, Kehlani",2021,https://open.spotify.com/track/7KrlNS2VqiNNJ82RMQdxBn,,,
6636,playlists,,Goat Talk (feat. Lil Wayne),"T-Pain, Lil Wayne",2019,https://open.spotify.com/track/37BrNa9rvTl75uW7nL00ic,,,
6637,playlists,,A Million Times (feat. O.T. Genasis),"T-Pain, O.T. Genasis",2019,https://open.spotify.com/track/4WB42HWRwXYCEemgNs21E6,,,
6638,playlists,,1UP (feat. Profit Dinero),"T-Pain, Profit Dinero",2019,https://open.spotify.com/track/2tljQIUKje5ni1pA147Ot0,,,
6639,playlists,,Here It Comes (feat. Russ),"T-Pain, Russ",2019,https://open.spotify.com/track/5cpiUTX2VJn5JN7myo2XaD,,,
6640,playlists,,Church (feat. Teddy Verseti),"T-Pain, Teddy Verseti",2007,https://open.spotify.com/track/7cyBdix7HId2onf99SrJBV,,,
6641,playlists,,Getcha Roll on (feat. Tory Lanez),"T-Pain, Tory Lanez",2019,https://open.spotify.com/track/3mhLnZNg2efKBLPxH5xaKr,,,
6642,playlists,,Buy U a Drank (Shawty Snappin') (feat. Yung Joc),"T-Pain, Yung Joc",2007,https://open.spotify.com/track/1tkMs9wDPknQ3ZHcKDw1ES,,,
6643,playlists,,Laugh At Em,T.I.,2018,https://open.spotify.com/track/5P1I3x1fbXcYdlm7NVu2Jx,,,
6644,playlists,,LET 'EM KNOW,T.I.,2026,https://open.spotify.com/track/6AXf9n3qazR1bE1dngnqxi,,,
6645,playlists,,Light Day,T.I.,2018,https://open.spotify.com/track/3DWiXOsj4jUBPeF7YyInT8,,,
6646,playlists,,Looking Back,T.I.,2018,https://open.spotify.com/track/1KvpWOPfCeFTc46fOB3EDW,,,
6647,playlists,,What Can I Say,T.I.,2018,https://open.spotify.com/track/5lQZRod5rEXdhX5Mzg94yE,,,
6648,playlists,,Whatever You Like,T.I.,2008,https://open.spotify.com/track/3tvWMBIblzT5FSjKtIeRR1,,,
6649,playlists,,Why You Wanna,T.I.,2006,https://open.spotify.com/track/1g0oI97rPdYuWDIpkbtQdv,,,
6650,playlists,,Pantone Blue (feat. Alec Beretz),"T.I., Alec Beretz",2020,https://open.spotify.com/track/7acCM3jqvNNUpDamaKVOTo,,,
6651,playlists,,At Least I Know (feat. Anderson .Paak),"T.I., Anderson .Paak",2018,https://open.spotify.com/track/5JthbO0b6J6zsuBM9CcXpd,,,
6652,playlists,,"Memories Back Then (feat. B.o.B, Kendrick Lamar & Kris Stephens)","T.I., B.o.B, Kendrick Lamar, Kris Stephens",2013,https://open.spotify.com/track/0A2lJqfi04TKDTJYoKBxa9,,,
6653,playlists,,Make Amends (feat. Benny the Butcher & Jadakiss),"T.I., Benny The Butcher, Jadakiss",2020,https://open.spotify.com/track/1gyPAKXUsMbsYazRS9bfur,,,
6654,playlists,,Private Show (feat. Chris Brown),"T.I., Chris Brown",2014,https://open.spotify.com/track/4HfsgrdwKNkytFkuuG3w4n,,,
6655,playlists,,No Mediocre (feat. Iggy Azalea),"T.I., Iggy Azalea",2014,https://open.spotify.com/track/38aECKrbMv2F5FsYYCewCQ,,,
6656,playlists,,More & More (feat. Jeezy),"T.I., Jeezy",2018,https://open.spotify.com/track/6wFI5Ks1WsRq4kQRe8TjsB,,,
6657,playlists,,Pardon (feat. Lil Baby),"T.I., Lil Baby",2020,https://open.spotify.com/track/73P6M7lSnS4heaXSae5RlM,,,
6658,playlists,,Be There (feat. London Jae),"T.I., London Jae",2018,https://open.spotify.com/track/6zEH1riD897UOoPzOoBeE3,,,
6659,playlists,,Jefe (feat. Meek Mill),"T.I., Meek Mill",2018,https://open.spotify.com/track/1vw4TJRXkLuuJUtwh4UbYD,,,
6660,playlists,,Hypno (feat. Rahky),"T.I., Rahky",2020,https://open.spotify.com/track/1Os4pmKACLW6s2jRklbH5a,,,
6661,playlists,,Live Your Life - feat. Rihanna,"T.I., Rihanna",2008,https://open.spotify.com/track/16GHcGtW9Io7AuVdNmTjv3,,,
6662,playlists,,Seasons (feat. Sam Hook),"T.I., Sam Hook",2018,https://open.spotify.com/track/4fzt5vLSgNiI5vUdTQAMQ0,,,
6663,playlists,,Playas Ball,"T.I., Snoop Dogg",2020,https://open.spotify.com/track/21n6sUMyY2EoTrolaNVGnj,Playas,city,medium
6664,playlists,,You (feat. Teyana Taylor),"T.I., Teyana Taylor",2018,https://open.spotify.com/track/1oTztL8s8W0RsJhzKpfhuI,,,
6665,playlists,,The Amazing Mr. F**k Up (feat. Victoria Monét),"T.I., Victoria Monét",2018,https://open.spotify.com/track/3nOpBVYqpNdtrQZVwChhUq,,,
6666,playlists,,Big Ol Drip (feat. WATCH THE DUCK),"T.I., WATCH THE DUCK",2018,https://open.spotify.com/track/3uaPgoVhKIYMrPnD93qSoX,,,
6667,playlists,,Pray for Me (feat. YFN Lucci),"T.I., YFN Lucci",2018,https://open.spotify.com/track/1rTrBQ8e4BPUCeSkJy9ANa,,,
6668,playlists,,Wraith (feat. Yo Gotti),"T.I., Yo Gotti",2018,https://open.spotify.com/track/1Fyot4QTMXBOXZjVlZPnC0,,,
6669,playlists,,Ring (feat. Young Thug),"T.I., Young Thug",2020,https://open.spotify.com/track/3Q7ve0W9OdEmWoCn5pDzJq,,,
6670,playlists,,The Weekend (feat. Young Thug & Swizz Beatz),"T.I., Young Thug, Swizz Beatz",2018,https://open.spotify.com/track/6dLOBdCkdRG3HPouRUBe1A,,,
6671,playlists,,Georgia (feat. 2 Chainz),"T.R.U., Sleepy Rose, 2 Chainz",2020,https://open.spotify.com/track/1Thc3bsfXPehTeOQd75qUu,Georgia,us_state,high
6672,playlists,,Down For You - Bonus Track,"Ta-ku, Alina Baraz",2015,https://open.spotify.com/track/7dpnUxFMpQVGkxrCGU6UKk,,,
6673,playlists,,Hood,"TABLO, Joey Bada$$",2015,https://open.spotify.com/track/1isFfEXl4sJncwXPWP1Yin,,,
6674,playlists,,Nobody (ft. Vory),"Tafia, Vory",2022,https://open.spotify.com/track/4XJwoV192ks89Tdd6VCpCu,,,
6675,playlists,,Chance At Love,Taiki Nulight,2022,https://open.spotify.com/track/6ya9wZciWGu3zXR1xItL3n,,,
6676,playlists,,Dynamite,Taio Cruz,2010,https://open.spotify.com/track/2CEgGE6aESpnmtfiZwYlbV,,,
6677,playlists,,Higher,Taio Cruz,2010,https://open.spotify.com/track/00doZ9HPX7j2IPNCpIcRNI,,,
6678,playlists,,Queen Bee,Taj Mahal,1997,https://open.spotify.com/track/6kqXaZrIDOmA177KL9LHHf,,,
6679,playlists,,Bruce Wayne - Outro,Takeoff,2018,https://open.spotify.com/track/7kwnOwh31BLpdSzgXgNS2D,,,
6680,playlists,,Casper,Takeoff,2018,https://open.spotify.com/track/1B4gJRq61xTs6r1O0Uq2iY,Casper,city,medium
6681,playlists,,I Remember,Takeoff,2018,https://open.spotify.com/track/3ZpX6hWAwnxY7pDZJm9Gcn,,,
6682,playlists,,Infatuation,Takeoff,2018,https://open.spotify.com/track/00I0pcNkN3IOX3fsYbaB4N,,,
6683,playlists,,Insomnia,Takeoff,2018,https://open.spotify.com/track/0ZeAEOI1A33pYLNbSS4VFQ,,,
6684,playlists,,Last Memory,Takeoff,2018,https://open.spotify.com/track/1fvCggAYrW0VtCljtqv4h2,,,
6685,playlists,,Lead The Wave,Takeoff,2018,https://open.spotify.com/track/78rJ1sCb3Rj27CLxjzL8xU,,,
6686,playlists,,Martian - Intro,Takeoff,2018,https://open.spotify.com/track/2YFIQqnq4dS67Ndz8Iel0b,,,
6687,playlists,,None To Me,Takeoff,2018,https://open.spotify.com/track/33bUxQsbrR2Ue2sS9o1Naf,,,
6688,playlists,,She Gon Wink,Takeoff,2018,https://open.spotify.com/track/5oeKHrUHPT4lUKrDRVlWNp,,,
6689,playlists,,Soul Plane,Takeoff,2018,https://open.spotify.com/track/467eMlMa6dmZezv8LRLJmU,,,
6690,playlists,,Vacation,Takeoff,2018,https://open.spotify.com/track/7yF0ULfXKAxBL04iMSHUxs,,,
6691,playlists,,She's so High,Tal Bachman,1999,https://open.spotify.com/track/7mnGQesk1TzQLzQ9bYWZPR,,,
6692,playlists,,Never Been In Love,Talib Kweli,2004,https://open.spotify.com/track/2V7iOvcX22xnpiiQdfzu6g,,,
6693,playlists,,Brown Guys,"Talib Kweli, Styles P",2017,https://open.spotify.com/track/0wOCfyl2aEkYNpCSQWg23B,,,
6694,playlists,,In The Field,"Talib Kweli, Styles P",2017,https://open.spotify.com/track/2KdQiEJ9IgLQ6KZUZyoegT,,,
6695,playlists,,Last Ones,"Talib Kweli, Styles P",2017,https://open.spotify.com/track/7jFvAv1Y8Bs0bdXfC4tDV6,,,
6696,playlists,,Poets & Gangstas,"Talib Kweli, Styles P",2017,https://open.spotify.com/track/7aPGqal4UA5pVyxtwlnBmh,,,
6697,playlists,,Teleprompters,"Talib Kweli, Styles P, Common, Vic Orena",2017,https://open.spotify.com/track/1d9I4DFVDrnzaKKOTXrUsF,,,
6698,playlists,,Let It Burn,"Talib Kweli, Styles P, Rapsody, Chris Rivers",2017,https://open.spotify.com/track/17XyoPfaYQOZt6pV4N7EMB,,,
6699,playlists,,Nine Point Five,"Talib Kweli, Styles P, Sheek Louch, Jadakiss, Niko Is",2017,https://open.spotify.com/track/3EA3S8BWYGBdqlEZSyu8Vu,Nine Point,pattern,low
6700,playlists,,Borderline,Tame Impala,2020,https://open.spotify.com/track/5hM5arv9KDbCHS0k9uqwjr,,,
6701,playlists,,Disciples,Tame Impala,2015,https://open.spotify.com/track/2gNfxysfBRfl9Lvi9T3v6R,,,
6702,playlists,,Feels Like We Only Go Backwards,Tame Impala,2012,https://open.spotify.com/track/0LtOwyZoSNZKJWHqjzADpW,,,
6703,playlists,,Is It True,Tame Impala,2020,https://open.spotify.com/track/6RZmhpvukfyeSURhf4kZ0d,,,
6704,playlists,,Let It Happen,Tame Impala,2015,https://open.spotify.com/track/2X485T9Z5Ly0xyaghN73ed,,,
6705,playlists,,Loser,Tame Impala,2025,https://open.spotify.com/track/3RmFPuTTAjSQ2pbEd2j9oA,,,
6706,playlists,,Piece Of Heaven,Tame Impala,2025,https://open.spotify.com/track/0gwCQvjDPCTFEq9790FGdC,,,
6707,playlists,,The Less I Know The Better,Tame Impala,2015,https://open.spotify.com/track/6K4t31amVTZDgR3sKmwUJJ,,,
6708,playlists,,Breathe Deeper - Lil Yachty Remix,"Tame Impala, Lil Yachty",2021,https://open.spotify.com/track/6GtOsEzNUhJghrIf6UTbRV,,,
6709,playlists,,Object Reference Not Set To An Instance Of An Object,TapDaddy,2021,https://open.spotify.com/track/6GIKCfXqwEsOjohG7wr0jE,,,
6710,playlists,,Nowhere (feat. RetcH),"Tasha The Amazon, RetcH",2015,https://open.spotify.com/track/7fQNuBBt7v1fZxZ7xptJPt,,,
6711,playlists,,Sports car,Tate McRae,2025,https://open.spotify.com/track/5UJbgR4XF4y1DvbkxEqe8S,,,
6712,playlists,,greedy - cassö remix,"Tate McRae, cassö",2023,https://open.spotify.com/track/4MhxagNeAqtTdy9ht8tQo5,,,
6713,playlists,,Blank Space,Taylor Swift,2014,https://open.spotify.com/track/1p80LdxRV74UKvL8gnD7ky,,,
6714,playlists,,Look What You Made Me Do,Taylor Swift,2017,https://open.spotify.com/track/2VjtYe7gpfUi2OkGxR2O2z,,,
6715,playlists,,exile (feat. Bon Iver),"Taylor Swift, Bon Iver",2020,https://open.spotify.com/track/4pvb0WLRcMtbPGmtejJJ6y,,,
6716,playlists,,Fortnight (feat. Post Malone) - BLOND:ISH Remix,"Taylor Swift, Post Malone, BLOND:ISH",2024,https://open.spotify.com/track/1gejz5ROvJBUb6WJzkMAcc,,,
6717,playlists,,Adieu,Tchami,2017,https://open.spotify.com/track/53Us5C3wTQ2zi6ODWhmHMN,,,
6718,playlists,,Maria Maria,TECH IT DEEP,2023,https://open.spotify.com/track/4wP6mzWZC94dYmU6OYeljf,,,
6719,playlists,,Caribou Lou,Tech N9ne,2006,https://open.spotify.com/track/0TFv9Ze93JVuTA1jpLVIbV,,,
6720,playlists,,Hood Go Crazy,"Tech N9ne, 2 Chainz, B.o.B",2015,https://open.spotify.com/track/0kIHfcHGFGm5xb0dSlKEdp,,,
6721,playlists,,Erbody But Me,"Tech N9ne, Bizzy, Krizz Kaliko",2016,https://open.spotify.com/track/3kW5Rq9AIL0QQuYTSKNkQw,,,
6722,playlists,,Too Good,"Tech N9ne, Lil Wayne, Mumu Fresh",2021,https://open.spotify.com/track/0Sj2gCwv8B6lclIAHuM9O4,,,
6723,playlists,,Pump Up The Jam,Technotronic,1998,https://open.spotify.com/track/1ZtzjvhIcLoogzOpt4rKoa,,,
6724,playlists,,Add Me Up,Tee Grizzley,2019,https://open.spotify.com/track/3qOQaEGLHWXnTJCQqmfJ5c,,,
6725,playlists,,God's Warrior,Tee Grizzley,2019,https://open.spotify.com/track/3Dkj37f0j3th0ZqtbWxh2s,,,
6726,playlists,,Had To,Tee Grizzley,2019,https://open.spotify.com/track/2NXHqQIAuww5nonv6JTtXD,,,
6727,playlists,,Heroes,Tee Grizzley,2019,https://open.spotify.com/track/1IAPIifAKFaOxVHRRR4FlM,,,
6728,playlists,,Locked Up,Tee Grizzley,2019,https://open.spotify.com/track/4k4RSGqkCRnQBbivzeCu2H,,,
6729,playlists,,Locksmith,Tee Grizzley,2019,https://open.spotify.com/track/49uAIWzY9c7fCCMLhKIiFO,,,
6730,playlists,,Million Dollar Foreign,Tee Grizzley,2019,https://open.spotify.com/track/7gi382IvUkUGtuQN6xwLxT,,,
6731,playlists,,More Than Friends,Tee Grizzley,2019,https://open.spotify.com/track/2v3sxbDNWZhEiCxw2wV8wu,Thān,city,medium
6732,playlists,,No Talkin,Tee Grizzley,2019,https://open.spotify.com/track/0LdYmjTGBKEt03Z66RZkSf,,,
6733,playlists,,Overseas,Tee Grizzley,2019,https://open.spotify.com/track/4IAfd7kxoOXxNYlV55zW9c,,,
6734,playlists,,Preach,Tee Grizzley,2019,https://open.spotify.com/track/2ey54PpA7YgFcxURL409IY,,,
6735,playlists,,Scriptures,Tee Grizzley,2019,https://open.spotify.com/track/1JG7Ff8K9RvlibHYUdMGfV,,,
6736,playlists,,Sweet Thangs,Tee Grizzley,2019,https://open.spotify.com/track/1ZHbGd0JjlE5pjvlmYwYTr,,,
6737,playlists,,Young Grizzley World (feat. A Boogie Wit Da Hoodie & YNW Melly),"Tee Grizzley, A Boogie Wit da Hoodie, YNW Melly",2019,https://open.spotify.com/track/2HsSzwrvvgiYSCdsYLiJWB,,,
6738,playlists,,Swear to God (feat. Future),"Tee Grizzley, Future",2024,https://open.spotify.com/track/0N3A0tvQ3ppZerKA8Gsztp,,,
6739,playlists,,Jettski Grizzley (feat. Lil Pump),"Tee Grizzley, Lil Pump",2018,https://open.spotify.com/track/2VKf0WEOpq06JE5PTNr9wa,,,
6740,playlists,,Be Your Girl (Kaytranada Edition),"Teedra Moses, KAYTRANADA",2018,https://open.spotify.com/track/38spM0LahLUfQhOMAqA7AI,,,
6741,playlists,,Beretta Lake,"Teflon Sega, SAINt JHN",2016,https://open.spotify.com/track/7ML92epaA0BOTtYCEVfZXc,Beretta Lake,pattern,low
6742,playlists,,Me & U,Tems,2023,https://open.spotify.com/track/4nFrcGM7MY1mpoQCC7Kefj,,,
6743,playlists,,Free Fall (feat. J. Cole),"Tems, J. Cole",2024,https://open.spotify.com/track/3cuUZnjDwk4cUJCFinYbAC,,,
6744,playlists,,Function,"Tentendo, Jordan Dennis",2022,https://open.spotify.com/track/4I58pzQEyFpHLXyDGekkCc,,,
6745,playlists,,"Tokyo Drift (Fast & Furious) - From ""The Fast And The Furious: Tokyo Drift"" Soundtrack",Teriyaki Boyz,2006,https://open.spotify.com/track/5iJfzXKvQXlYOBtEQhEmpA,Tokyo,city,high
6746,playlists,,"Drones (feat. Kendrick Lamar, Snoop Dogg, Ty Dolla $ign & James Fauntleroy)","Terrace Martin, James Fauntleroy, Ty Dolla $ign, Kendrick Lamar, Snoop Dogg",2021,https://open.spotify.com/track/3zdsJOO5FIAgukJUMgboV8,,,
6747,playlists,,Do It Again,"Terrace Martin, Kendrick Lamar, Wiz Khalifa",2011,https://open.spotify.com/track/6tjxsNiHSu2XhtTwlIauIG,,,
6748,playlists,,Hit the Ground,Texture,2025,https://open.spotify.com/track/7wAuksvJErTLz0OHTDJPIa,,,
6749,playlists,,Killa (feat. DaVido),"Teyana Taylor, Davido",2020,https://open.spotify.com/track/46YL800EFmXBhOjab7MLsy,,,
6750,playlists,,We Do It For Fun Pt.1,Tha Joker,2011,https://open.spotify.com/track/6xwSVEgSsXK9Wmmyd6BkiD,,,
6751,playlists,,Johnny Dang (with Paul Wall & DRODi),"That Mexican OT, Paul Wall, DRODi",2023,https://open.spotify.com/track/6XEt23sq6sRgER8sSZbCR5,,,
6752,playlists,,W.Y.G.D.T.N.S. (feat. ScHoolboy Q),"The Alchemist, ScHoolboy Q",2019,https://open.spotify.com/track/7wwdta76VXZ80VVlJqvsRY,,,
6753,playlists,,BlackOut,"The Americanos, Lil Jon, Juicy J, Tyga",2015,https://open.spotify.com/track/39y0zj3hnqlGphL1gaH4ov,,,
6754,playlists,,"In My Foreign (feat. Ty Dolla $ign, Lil Yachty, Nicky Jam & French Montana)","The Americanos, Ty Dolla $ign, Lil Yachty, Nicky Jam, French Montana",2016,https://open.spotify.com/track/1ZX8uNsvwzdDoszb0UCBnM,,,
6755,playlists,,Because I’m Me,The Avalanches,2016,https://open.spotify.com/track/3f3HHRPF5vAo90GwdpDMaQ,,,
6756,playlists,,Since I Left You,The Avalanches,2000,https://open.spotify.com/track/1AAYbsAIgEJMbxgLgpjE9y,,,
6757,playlists,,Every Single Weekend (feat. Jamie xx),"The Avalanches, Jamie xx",2026,https://open.spotify.com/track/0nac7FVmtrYm0O3Iu27ijo,,,
6758,playlists,,Far Away (feat. John Glacier & Khadija Al Hanafi),"The Avalanches, John Glacier, Khadija Al Hanafi",2026,https://open.spotify.com/track/1gOgRxo3J8iURwbGf5tfBg,,,
6759,playlists,,The Divine Chord,"The Avalanches, MGMT, Johnny Marr",2020,https://open.spotify.com/track/3A0cAzFKPefBCz7Z02UnnO,,,
6760,playlists,,"Together (feat. Nikki Nair, Jessy Lanza & Prentiss)","The Avalanches, Nikki Nair, Jessy Lanza, Prentiss",2026,https://open.spotify.com/track/0iYNsh3PU3BaRLtijklDM1,,,
6761,playlists,,Can't Get Over Losing You (feat. Portraits Of Tracy),"The Avalanches, Portraits Of Tracy",2026,https://open.spotify.com/track/2LfIvkV7kBvqo3tx1H9sqw,,,
6762,playlists,,Love Shack,The B-52's,1989,https://open.spotify.com/track/4W4wYHtsrgDiivRASVOINL,,,
6763,playlists,,Kilby Girl,The Backseat Lovers,2019,https://open.spotify.com/track/1170VohRSx6GwE6QDCHPPH,,,
6764,playlists,,Baby It's You - Remastered 2009,The Beatles,1963,https://open.spotify.com/track/2VmB1rF9FtfKUmFHDVnq8Q,,,
6765,playlists,,Se Acabo (feat. Method Man),"The Beatnuts, Method Man",2001,https://open.spotify.com/track/4F3AZKEJubvPsl0hBArVBW,,,
6766,playlists,,Gold on the Ceiling,The Black Keys,2011,https://open.spotify.com/track/5lN1EH25gdiqT1SFALMAq1,,,
6767,playlists,,Howlin' for You,The Black Keys,2012,https://open.spotify.com/track/4yffABDkB5A9flvr9vQFck,,,
6768,playlists,,Happier (feat. Clementine Douglas),"The Blessed Madonna, Clementine Douglas",2024,https://open.spotify.com/track/1TcF5F10EN17vraisG1gQv,,,
6769,playlists,,Carry Me Higher - 7 Inch Version,"The Blessed Madonna, Joy Anonymous, Danielle Ponder",2023,https://open.spotify.com/track/7tm4pF2JvKc4GGKSagRuS9,,,
6770,playlists,,Fkn Face,"The Bloody Beetroots, Dr. Fresch",2019,https://open.spotify.com/track/7LgOqADz5VwHUXguJf6d8Y,,,
6771,playlists,,U Was At The Club (Bottoms Up),The Boyboy West Coast,2019,https://open.spotify.com/track/1NqUN6sINVJlltdJvd8QMH,,,
6772,playlists,,Video Killed The Radio Star,The Buggles,1980,https://open.spotify.com/track/7o7E1nrHWncYY7PY94gCiX,,,
6773,playlists,,Lovefool,The Cardigans,1996,https://open.spotify.com/track/7aQjPecQdIuNd1sz3KCDhD,,,
6774,playlists,,Just What I Needed,The Cars,1978,https://open.spotify.com/track/4alHo6RGd0D3OUbTPExTHN,,,
6775,playlists,,Make Me Feel,"The Chainsmokers, Cheyenne Giles",2023,https://open.spotify.com/track/2i6FWcstV4Ct72L4ORnfwZ,,,
6776,playlists,,Something Just Like This,"The Chainsmokers, Coldplay",2017,https://open.spotify.com/track/6RUKPb4LETWmmr3iAEQktW,,,
6777,playlists,,Don't Let Me Down,"The Chainsmokers, Daya",2016,https://open.spotify.com/track/1i1fxkWeaMmKEB4T7zqbzK,,,
6778,playlists,,Honest - Gil Glaze Remix,"The Chainsmokers, Gil Glaze",2017,https://open.spotify.com/track/2Yp9RZD8reu2mQ2mgFGfOZ,,,
6779,playlists,,Closer,"The Chainsmokers, Halsey",2016,https://open.spotify.com/track/7BKLCZ1jbUBVqRi2FVlTVw,,,
6780,playlists,,Don't Lie,"The Chainsmokers, Kim Petras",2024,https://open.spotify.com/track/5is9ECympHEpAyTw22IDC5,,,
6781,playlists,,Eve Of Destruction,The Chemical Brothers,2019,https://open.spotify.com/track/6WKlbp24TraMPpWhQtU1Kp,,,
6782,playlists,,Got To Keep On,The Chemical Brothers,2019,https://open.spotify.com/track/2rTvyBnRGBkS37HsGRs6Uj,,,
6783,playlists,,Go,"The Chemical Brothers, Q-Tip",2015,https://open.spotify.com/track/2Xhd1kYKj2aee7JR3nIlRe,,,
6784,playlists,,London Calling - Remastered,The Clash,1979,https://open.spotify.com/track/5jzma6gCzYtKB1DbEwFZKH,London,city,high
6785,playlists,,Pop Quiz,"The Cool Kids, Guapdad 4000",2019,https://open.spotify.com/track/6UcPPAUYKxLLRmrPX0r5EC,,,
6786,playlists,,Dipped,"The Cool Kids, Kenny Beats",2019,https://open.spotify.com/track/5zUlLQU3y2ne0jHVu8k6vl,,,
6787,playlists,,Nervous Like Me,The Dap-Kings,2009,https://open.spotify.com/track/11dLEWr8wizwOCAi9r4pDj,,,
6788,playlists,,Exhilaration,The Dare,2025,https://open.spotify.com/track/7B8MbvpzBhbhYf3xvzHbba,,,
6789,playlists,,Girls,The Dare,2023,https://open.spotify.com/track/6WpZwkzyjINc6wDghg8Gzv,,,
6790,playlists,,Good Time,The Dare,2023,https://open.spotify.com/track/4yX77sedjv7v6MfRZnuKyy,,,
6791,playlists,,Kick,The Dare,2025,https://open.spotify.com/track/1uRhUL8183ihhVSAur859T,,,
6792,playlists,,LCA,The Dare,2025,https://open.spotify.com/track/2UnBCcS2IhYdOzh3ACOnSS,,,
6793,playlists,,Modelizer,The Dare,2025,https://open.spotify.com/track/1zfZ7aElZ3ZeM46P3CTtQE,,,
6794,playlists,,Tambourine,The Dare,2025,https://open.spotify.com/track/3eIhHWOMaTAPvJ6azg0b2L,,,
6795,playlists,,Take It Off,The Donnas,2003,https://open.spotify.com/track/6QyBIZEvs11K9lKjyLYtv6,,,
6796,playlists,,Listen to the Music,The Doobie Brothers,1972,https://open.spotify.com/track/7Ar4G7Ci11gpt6sfH9Cgz5,,,
6797,playlists,,White Sun,The Doobie Brothers,1972,https://open.spotify.com/track/1xJLQoKNFFJckvdOMxZeUw,,,
6798,playlists,,"December, 1963 (Oh What a Night!)",The Four Seasons,1975,https://open.spotify.com/track/1hQFF33xi8ruavZNyovtUN,,,
6799,playlists,,Violence,The Game,2022,https://open.spotify.com/track/4C7P9ib0Owf8OKoAU1cQyj,,,
6800,playlists,,West Side,The Game,2019,https://open.spotify.com/track/0wX5qQkp7iuzHtidir6Vhs,West Side,region,medium
6801,playlists,,Ali Bomaye,"The Game, 2 Chainz, Rick Ross",2012,https://open.spotify.com/track/0LFcFGLYTX6UmeIdO7NVd7,,,
6802,playlists,,Hate It Or Love It,"The Game, 50 Cent",2005,https://open.spotify.com/track/60WcXjimfbhk6T0gj1Eufg,,,
6803,playlists,,How We Do,"The Game, 50 Cent",2005,https://open.spotify.com/track/4PmMVdIFpJTB9WQbmILf4p,,,
6804,playlists,,Stainless,"The Game, Anderson .Paak",2019,https://open.spotify.com/track/14PeRP4wk8zcOREA7YZEtD,,,
6805,playlists,,Stay Down,"The Game, Bryson Tiller",2019,https://open.spotify.com/track/2nH5V9DKUQQvZQk1vgAGPT,,,
6806,playlists,,Roadside,"The Game, Ed Sheeran",2019,https://open.spotify.com/track/44Wekt5PGSeyi4mblfDoLq,,,
6807,playlists,,Wouldn't Get Far,"The Game, Kanye West",2006,https://open.spotify.com/track/39yRhjDdSTP4A7VehxBXDb,,,
6808,playlists,,"Fortunate (Feat. Kanye West, Dreezy & CHILLER)","The Game, Kanye West, Dreezy, CHILLER",2022,https://open.spotify.com/track/1eZAwpXSwtoXYkm8GAZJAH,,,
6809,playlists,,A.I. With The Braids,"The Game, Lil Wayne",2020,https://open.spotify.com/track/4dI5XjW8CrH81a18EKV28p,,,
6810,playlists,,Carmen Electra,"The Game, Mozzy, Osbe Chill, TOBi",2019,https://open.spotify.com/track/1WyZEoujMg3uLePtyDqPN0,,,
6811,playlists,,No Man Falls (Feat. Pusha T & 2 Chainz),"The Game, Pusha T, 2 Chainz",2022,https://open.spotify.com/track/0H3tfyUrOPv7kmhJstCt3r,Man Falls,pattern,low
6812,playlists,,El Chapo,"The Game, Skrillex",2016,https://open.spotify.com/track/2tbvAGoLMQgjvfgW7naBiE,,,
6813,playlists,,Waterfall,The Gardener & The Tree,2014,https://open.spotify.com/track/2tjkQ9wp65uZ04U7Ji3DIs,,,
6814,playlists,,Slide,The Goo Goo Dolls,1998,https://open.spotify.com/track/0nnwn7LWHCAu09jfuH1xTA,,,
6815,playlists,,American Woman - 2024 Remaster,The Guess Who,1970,https://open.spotify.com/track/3LQPTJEqOfljGBxmpgUnoC,,,
6816,playlists,,No Sugar Tonight / New Mother Nature - 2024 Remaster,The Guess Who,1970,https://open.spotify.com/track/3WWi5DS9mnf9u9dgx5KntP,,,
6817,playlists,,Electric Pow Wow Drum,The Halluci Nation,2013,https://open.spotify.com/track/5e8v4ibmsMHxHLALe5KaiZ,,,
6818,playlists,,Be Aggressive,The Hit Crew,2007,https://open.spotify.com/track/1y0h9igAplidO1HxnqFzYM,,,
6819,playlists,,It Takes Two,The Hit Crew,2007,https://open.spotify.com/track/6N1AXQJM8uIClDfw5IAYmr,,,
6820,playlists,,Stadium Beat,The Hit Crew,2007,https://open.spotify.com/track/3nXcsI8a4ck61Aiy92BACM,,,
6821,playlists,,This Is How We Do It,The Hit Crew,2007,https://open.spotify.com/track/2hqtmPoaHgv91uS9BqM67n,,,
6822,playlists,,You Ugly,The Hit Crew,2007,https://open.spotify.com/track/1JLK78nWJLomqmDPwew2Ck,,,
6823,playlists,,Hate To Say I Told You So,The Hives,2000,https://open.spotify.com/track/6xxXrNJnnsQNLdgNk8S4y8,,,
6824,playlists,,Long Cool Woman (In a Black Dress) - 1999 Remaster,The Hollies,1971,https://open.spotify.com/track/5UwbnHhjnbinJH8TefuQfN,,,
6825,playlists,,Leaf Wraps,"The Homies, Jack Harlow",2018,https://open.spotify.com/track/380NKOqBHvp6GtMYvGFm40,,,
6826,playlists,,Don't You Want Me,The Human League,1981,https://open.spotify.com/track/3L7RtEcu1Hw3OXrpnthngx,,,
6827,playlists,,Get Shaky (Macon's Remix),"The Ian Carey Project, Macon",2023,https://open.spotify.com/track/42O31gY8N28p4DAk7YYkeM,,,
6828,playlists,,Girl (feat. KAYTRANADA),"The Internet, KAYTRANADA",2015,https://open.spotify.com/track/3PFaFVWq5wucLu6s4baj9D,,,
6829,playlists,,"Palace/Curse (feat. Tyler, The Creator & Steve Lacy)","The Internet, Tyler, The Creator, Steve Lacy",2015,https://open.spotify.com/track/300DUx4tdtCdGEUXR032jA,,,
6830,playlists,,Centerfold,The J. Geils Band,1981,https://open.spotify.com/track/1ynmMEK1fkyiZ6Z6F3ThEt,,,
6831,playlists,,Sending Me Ur Loving,The Jungle Giants,2020,https://open.spotify.com/track/1QwhWld3yDy65MJCeBelCp,,,
6832,playlists,,TELL ME WHY,The Kid LAROI,2020,https://open.spotify.com/track/27BBfeJZBFlZ60Sgx7iOgL,,,
6833,playlists,,NOT FAIR (feat. Corbin),"The Kid LAROI, Corbin",2020,https://open.spotify.com/track/2HrMDMckfCyM4OcZxXuiRn,,,
6834,playlists,,Mr. Brightside,The Killers,2004,https://open.spotify.com/track/7d8GetOsjbxYnlo6Y9e5Kw,,,
6835,playlists,,Somebody Told Me,The Killers,2004,https://open.spotify.com/track/3twNvmDtFQtAd5gMKedhLD,,,
6836,playlists,,When You Were Young,The Killers,2006,https://open.spotify.com/track/70wYA8oYHoMzhRRkARoMhU,,,
6837,playlists,,Brazilian Soul (feat. Sofi Tukker),"The Knocks, SOFI TUKKER",2018,https://open.spotify.com/track/6rKq8Ri90B3UGEiWuN9e2I,,,
6838,playlists,,The Way You Make Me Feel,"The Kount, Marc Rebillet, Moods",2021,https://open.spotify.com/track/7iXA7a53fVKxPJFJvebJ8P,,,
6839,playlists,,(Till I) Run With You,The Lovin' Spoonful,1969,https://open.spotify.com/track/7JNR1RWQ5aAgLVcPPmHuqA,,,
6840,playlists,,Warm Baby,The Lovin' Spoonful,1966,https://open.spotify.com/track/6XhnrCPo3ufwGTbEZSkq5J,,,
6841,playlists,,Dead Sea,The Lumineers,2021,https://open.spotify.com/track/7L15H5csjw2SBtr3IdnwKb,,,
6842,playlists,,California Dreamin',The Mamas & The Papas,2001,https://open.spotify.com/track/1ZEOIhSn6BKErV59bIgn76,California,us_state,high
6843,playlists,,Ab's Song,The Marshall Tucker Band,1973,https://open.spotify.com/track/3k3eu6dnokyqCk2UD6GID3,,,
6844,playlists,,No One Noticed,The Marías,2024,https://open.spotify.com/track/3siwsiaEoU4Kuuc9WKMUy5,,,
6845,playlists,,Hush - Still Woozy Remix,"The Marías, Still Woozy",2021,https://open.spotify.com/track/4dGuRldChjvboZktprNJFM,,,
6846,playlists,,Better Days,The Meltdown,2017,https://open.spotify.com/track/4YeYupLm97ehlhYhboqMxM,,,
6847,playlists,,Jukebox Hero,The Molly Ringwalds,2014,https://open.spotify.com/track/7BtYJLWUl3zms8owH9J8ZY,,,
6848,playlists,,Give It to Me,The Northern Boys,2023,https://open.spotify.com/track/5Ct0ZQeed0y1SpHukrb38Z,,,
6849,playlists,,Hypnotize,The Notorious B.I.G.,1997,https://open.spotify.com/track/2ujbOwvdiH020TO5EucGiX,,,
6850,playlists,,Juicy - 2005 Remaster,The Notorious B.I.G.,1994,https://open.spotify.com/track/5ByAIlEEnxYdvpnezg7HTX,,,
6851,playlists,,Party And Bullshit,The Notorious B.I.G.,1993,https://open.spotify.com/track/5mqPg2dyqb1gBNyg9ycGcT,,,
6852,playlists,,Sky's The Limit (feat. 112),"The Notorious B.I.G., 112",1997,https://open.spotify.com/track/5vala9ZCZYRZRCvbJVAljR,,,
6853,playlists,,"Mo Money Mo Problems (feat. P. Diddy, Ma$e) - 2005 Remaster","The Notorious B.I.G., Ma$e, Diddy",2004,https://open.spotify.com/track/4h1T8pUzl9VtudWWlVAxxz,,,
6854,playlists,,"Bout a Dolla (feat. Chuck Inglish, Chance the Rapper, Chip tha Ripper & Twista)","The O'My's, Blended Babies, Chuck Inglish, Chance the Rapper, Chip Tha Ripper, Twista",2014,https://open.spotify.com/track/6QLohX5uCc2NC5LGTRnmDT,,,
6855,playlists,,Your Love,The Outfield,1985,https://open.spotify.com/track/2jPCbFrFlyGbKgblxub8Lm,,,
6856,playlists,,Who The Fuck Is Alice,The Party Gang,2012,https://open.spotify.com/track/2CEnNfLowCR4iyIBl1ebcg,,,
6857,playlists,,Runnin',The Pharcyde,1995,https://open.spotify.com/track/0XgpiStoxq1IJncYlPrvZ5,,,
6858,playlists,,Every Breath You Take,The Police,1983,https://open.spotify.com/track/1JSTJqkT5qHq8MDJnJbRE1,,,
6859,playlists,,Lump,The Presidents Of The United States Of America,1995,https://open.spotify.com/track/02ZdZqhpfrPnxwyakXgxB8,,,
6860,playlists,,The Good Mr. Square,The Pretty Things,1970,https://open.spotify.com/track/3tRFo1mXVNC5Wwrv7T8trF,Good Mr. Square,pattern,low
6861,playlists,,The Letter,The Pretty Things,1970,https://open.spotify.com/track/4yFzdE6Jw6Bs4uESdEK5wU,,,
6862,playlists,,I'm Gonna Be (500 Miles),The Proclaimers,2003,https://open.spotify.com/track/66S14BkJDxgkYxLl5DCqOz,,,
6863,playlists,,When I Grow Up,The Pussycat Dolls,2008,https://open.spotify.com/track/21pySLskKIKrhDziCX5ojQ,,,
6864,playlists,,Wondering Why,The Red Clay Strays,2022,https://open.spotify.com/track/1HbzxLqpNVPdiBXvpC7Ovb,,,
6865,playlists,,Soulfight,The Revivalists,2008,https://open.spotify.com/track/3TQxkQsyJS03EUwl02Qaub,,,
6866,playlists,,Beast Of Burden - Remastered 1994,The Rolling Stones,1978,https://open.spotify.com/track/77oU2rjC5XbjQfNe3bD6so,,,
6867,playlists,,Miss You - Remastered,The Rolling Stones,1978,https://open.spotify.com/track/3hJLKtTpgct9Y9wKww0BiR,,,
6868,playlists,,Start Me Up,The Rolling Stones,2011,https://open.spotify.com/track/04AEbsZ3URx5oxxNaX9doH,,,
6869,playlists,,Sympathy For The Devil,The Rolling Stones,1968,https://open.spotify.com/track/1iDcKYNvo6gglrOG6lvnHL,,,
6870,playlists,,Wild Horses,The Rolling Stones,1971,https://open.spotify.com/track/4M4Q3JLsUbyTkd5WHty1WB,,,
6871,playlists,,Be My Baby,The Ronettes,2011,https://open.spotify.com/track/2G2YzndIA6jeWFPBXhUjh5,,,
6872,playlists,,Make My,"The Roots, Big K.R.I.T., Dice Raw",2011,https://open.spotify.com/track/0sLJ6HGp3B4vTPG9fOBv0M,,,
6873,playlists,,THE SCOTTS,"THE SCOTTS, Travis Scott, Kid Cudi",2020,https://open.spotify.com/track/39Yp9wwQiSRIDOvrVg7mbk,,,
6874,playlists,,Australia,The Shins,2007,https://open.spotify.com/track/47TQjzeG4KI0XWWb0wkbri,Australia,country,high
6875,playlists,,Last Nite,The Strokes,2001,https://open.spotify.com/track/7kzKAuUzOITUauHAhoMoxA,,,
6876,playlists,,Apache - 45 Version,The Sugarhill Gang,1981,https://open.spotify.com/track/2rSosmvUzlCiucKgpmbS0f,,,
6877,playlists,,Sweet Disposition - John Summit & Silver Panda Remix,"The Temper Trap, John Summit, Silver Panda",2024,https://open.spotify.com/track/6rGf5AsEaVskU0pO2ewcUL,,,
6878,playlists,,My Girl,The Temptations,1965,https://open.spotify.com/track/745H5CctFr12Mo7cqa1BMH,,,
6879,playlists,,That's Not My Name,The Ting Tings,2008,https://open.spotify.com/track/0GrrLYCH8u81aENhC8FBF4,,,
6880,playlists,,Love Is All Around,The Troggs,1991,https://open.spotify.com/track/5psbwXbjlWCqmLVzIqif7Q,,,
6881,playlists,,Get Free,The Vines,2002,https://open.spotify.com/track/1JcGNoiwifg0MdJMVgJQYx,,,
6882,playlists,,Saucy Sailor,The Wailin' Jennys,2004,https://open.spotify.com/track/0XaqWy6X0ZroOeigRUdtv7,,,
6883,playlists,,A Lonely Night,The Weeknd,2016,https://open.spotify.com/track/0ifooM33X1iBxVYyOkSbXW,,,
6884,playlists,,Acquainted,The Weeknd,2015,https://open.spotify.com/track/7uJH0YdSZL6psjxI6Xy08b,,,
6885,playlists,,After Hours,The Weeknd,2020,https://open.spotify.com/track/4ejyZ4uJEXUURcgKp1kP8v,,,
6886,playlists,,Attention,The Weeknd,2016,https://open.spotify.com/track/6pDVjCUA3B1vg9waKutAsv,,,
6887,playlists,,Blinding Lights,The Weeknd,2019,https://open.spotify.com/track/0sf12qNH5qcw8qpgymFOqD,,,
6888,playlists,,Call Out My Name,The Weeknd,2018,https://open.spotify.com/track/4MPTj8lMMvxLwT3EwuXFop,,,
6889,playlists,,Can't Feel My Face,The Weeknd,2015,https://open.spotify.com/track/6FXNfYIY6iEeCKuIeSYWgg,,,
6890,playlists,,Coming Down,The Weeknd,2012,https://open.spotify.com/track/3PsS445MHcmtroGTstfTbm,,,
6891,playlists,,D.D.,The Weeknd,2012,https://open.spotify.com/track/7eZ7ODAt9cALYnWLO8F6Fd,,,
6892,playlists,,Die For You,The Weeknd,2016,https://open.spotify.com/track/2Ch7LmS7r2Gy2kc64wv3Bz,,,
6893,playlists,,Echoes Of Silence,The Weeknd,2012,https://open.spotify.com/track/5dikapPlQPrsT3xUsUjj0N,,,
6894,playlists,,Faith,The Weeknd,2020,https://open.spotify.com/track/3orEOtd8CPL8GFlpRpKuoE,,,
6895,playlists,,False Alarm,The Weeknd,2016,https://open.spotify.com/track/4oeaIftdpT3JuZLcCkKmVE,,,
6896,playlists,,Give Me Mercy,The Weeknd,2025,https://open.spotify.com/track/0K3w6WNawZlv6Izmsrye8o,,,
6897,playlists,,Gone,The Weeknd,2012,https://open.spotify.com/track/3vFj4xuQTXHOuo6L0qGafv,,,
6898,playlists,,Heartless,The Weeknd,2020,https://open.spotify.com/track/6bnF93Rx87YqUBLSgjiMU8,,,
6899,playlists,,Heaven Or Las Vegas,The Weeknd,2012,https://open.spotify.com/track/3hDnFYwpnY0wONZDkYxUsj,Las Vegas,city,high
6900,playlists,,High For This,The Weeknd,2012,https://open.spotify.com/track/5fohLPNqO6TqwrZ7BoUWUT,,,
6901,playlists,,House Of Balloons / Glass Table Girls,The Weeknd,2012,https://open.spotify.com/track/50iiDJGpAPdr2VTrz999XA,,,
6902,playlists,,I Can't Wait To Get There,The Weeknd,2025,https://open.spotify.com/track/0bcZ7xN9IcjSNxLerzR2yl,,,
6903,playlists,,In Your Eyes,The Weeknd,2020,https://open.spotify.com/track/7szuecWAPwGoV1e5vGu8tl,,,
6904,playlists,,Initiation,The Weeknd,2012,https://open.spotify.com/track/3H37ijjdmKz0dQLgUGzpjx,,,
6905,playlists,,King Of The Fall,The Weeknd,2020,https://open.spotify.com/track/7o3Mcis1uKcYDuuJD1W0Rm,,,
6906,playlists,,Less Than Zero,The Weeknd,2022,https://open.spotify.com/track/2D4dV2KXDTszzJ3p3cFqhA,Thān,city,medium
6907,playlists,,Life Of The Party,The Weeknd,2012,https://open.spotify.com/track/4yzaniwZb01bp0gT5BYwBv,,,
6908,playlists,,Loft Music,The Weeknd,2012,https://open.spotify.com/track/7xqANDRz8JFxkwfY65WISy,,,
6909,playlists,,Lonely Star,The Weeknd,2012,https://open.spotify.com/track/0p3sSUXDohjddeKlnvGbCD,,,
6910,playlists,,Love To Lay,The Weeknd,2016,https://open.spotify.com/track/27BgDmciSjoxTG0almHTpZ,,,
6911,playlists,,Montreal,The Weeknd,2012,https://open.spotify.com/track/6fRgjqJptZry7fipP2Beyh,Montreal,city,high
6912,playlists,,Next,The Weeknd,2012,https://open.spotify.com/track/4m0KaNb0ClCOvgThd2Gv2b,,,
6913,playlists,,Nothing Is Lost (You Give Me Strength),The Weeknd,2022,https://open.spotify.com/track/1DzJbVkBELu6jDu6q0T0tk,,,
6914,playlists,,Nothing Without You,The Weeknd,2016,https://open.spotify.com/track/57qiTKh8bVX0VtfUNTQqhw,,,
6915,playlists,,Often,The Weeknd,2015,https://open.spotify.com/track/5SqSckut3FcoQKmGkMWgp1,,,
6916,playlists,,Ordinary Life,The Weeknd,2016,https://open.spotify.com/track/15k2nBQJ0teDmPZHrOXL2N,,,
6917,playlists,,Outside,The Weeknd,2012,https://open.spotify.com/track/1yhDPgIPGoe3Bf8wRsK4u7,,,
6918,playlists,,Party Monster,The Weeknd,2016,https://open.spotify.com/track/4F7A0DXBrmUAkp32uenhZt,,,
6919,playlists,,Privilege,The Weeknd,2018,https://open.spotify.com/track/26Fqtv4Aa7kyd1WWGHai6A,,,
6920,playlists,,Reminder,The Weeknd,2016,https://open.spotify.com/track/37F0uwRSrdzkBiuj0D5UHI,,,
6921,playlists,,Rockin’,The Weeknd,2016,https://open.spotify.com/track/36YCdzT57us0LhDmCYtrNE,,,
6922,playlists,,Rolling Stone,The Weeknd,2012,https://open.spotify.com/track/29fTi7Tdh9CiU8HuVDaqVY,,,
6923,playlists,,Save Your Tears,The Weeknd,2020,https://open.spotify.com/track/5QO79kh1waicV47BqGRL3g,Savé,city,medium
6924,playlists,,Secrets,The Weeknd,2016,https://open.spotify.com/track/00NAQYOP4AmWR549nnYJZu,,,
6925,playlists,,Six Feet Under,The Weeknd,2016,https://open.spotify.com/track/4mU5iXHeLgbR94siF7p1sY,,,
6926,playlists,,Snowchild,The Weeknd,2020,https://open.spotify.com/track/3WlbeuhfRSqU7ylK2Ui5U7,,,
6927,playlists,,Take Me Back,The Weeknd,2023,https://open.spotify.com/track/6QZePG40wT3i7bIRlmauTm,,,
6928,playlists,,Take My Breath - Single Version,The Weeknd,2021,https://open.spotify.com/track/6OGogr19zPTM4BALXuMQpF,,,
6929,playlists,,Tell Your Friends,The Weeknd,2015,https://open.spotify.com/track/1mhVXWduD8ReDwusfaHNwU,,,
6930,playlists,,The Birds Pt. 1,The Weeknd,2012,https://open.spotify.com/track/323ujVhfSg16TlRK0PB5JY,,,
6931,playlists,,The Birds Pt. 2,The Weeknd,2012,https://open.spotify.com/track/51LmI5GE3tHKISLNZMjDPC,,,
6932,playlists,,The Fall,The Weeknd,2012,https://open.spotify.com/track/0cAHXlLhQjSKDN6vjc4LD6,,,
6933,playlists,,The Hills,The Weeknd,2015,https://open.spotify.com/track/7fBv7CLKzipRk6EC6TWHOB,,,
6934,playlists,,The Knowing,The Weeknd,2012,https://open.spotify.com/track/6AirEKLAv80bFaIDKpMi7I,,,
6935,playlists,,The Morning,The Weeknd,2012,https://open.spotify.com/track/6u0dQik0aif7FQlrhycG1L,,,
6936,playlists,,The Party & The After Party,The Weeknd,2012,https://open.spotify.com/track/0dcf0L6F1LUA1nE2zWH4J2,,,
6937,playlists,,Thursday,The Weeknd,2012,https://open.spotify.com/track/4fiYSa6ln7h0scprgNEs0g,,,
6938,playlists,,Till Dawn (Here Comes The Sun),The Weeknd,2012,https://open.spotify.com/track/6Rqe6ghJ6t9SlQ2pRrt5tI,,,
6939,playlists,,True Colors,The Weeknd,2016,https://open.spotify.com/track/1oGdVdYjeQvojGKDddxLQQ,,,
6940,playlists,,Try Me,The Weeknd,2018,https://open.spotify.com/track/4rv1ww0dUwFZcDVPqhcOcX,,,
6941,playlists,,Twenty Eight,The Weeknd,2012,https://open.spotify.com/track/1FJrsh1NbV9eRw5JQt3M4e,,,
6942,playlists,,Valerie,The Weeknd,2012,https://open.spotify.com/track/4fLnXd56RsWN4ZBtb9TegQ,,,
6943,playlists,,Wasted Times,The Weeknd,2018,https://open.spotify.com/track/72TyiiduRmczEbDIEtKQdR,,,
6944,playlists,,What You Need,The Weeknd,2012,https://open.spotify.com/track/7IpDQcksaT8SxS7vOX4SRm,,,
6945,playlists,,Wicked Games,The Weeknd,2012,https://open.spotify.com/track/6VwBbL8CzPiC4QV66ay7oR,,,
6946,playlists,,XO / The Host,The Weeknd,2012,https://open.spotify.com/track/0C5WrEPjUYPxVkKyth1Lbz,,,
6947,playlists,,São Paulo (feat. Anitta),"The Weeknd, Anitta",2025,https://open.spotify.com/track/7DY756WOLyOz2Xnhw4EFiC,São Paulo,city,high
6948,playlists,,I Feel It Coming,"The Weeknd, Daft Punk",2016,https://open.spotify.com/track/3dhjNA0jGA8vHBQ1VdD6vV,,,
6949,playlists,,Starboy,"The Weeknd, Daft Punk",2016,https://open.spotify.com/track/7MXVkk9YMctZqd1Srtv4MB,,,
6950,playlists,,The Zone,"The Weeknd, Drake",2012,https://open.spotify.com/track/46X8c9qJzpBLYcos3OX0CE,,,
6951,playlists,,All I Know,"The Weeknd, Future",2016,https://open.spotify.com/track/0NWqNXBJTpXbkI5rPWNy3p,,,
6952,playlists,,Double Fantasy (with Future),"The Weeknd, Future",2023,https://open.spotify.com/track/4VMRsbfZzd3SfQtaJ1Wpwi,,,
6953,playlists,,Enjoy The Show (feat. Future),"The Weeknd, Future",2025,https://open.spotify.com/track/637oNhilCI9UlkWkUW4Grt,,,
6954,playlists,,Hurt You,"The Weeknd, Gesaffelstein",2018,https://open.spotify.com/track/13wNEvWmBsWaWVtiLPRIW5,,,
6955,playlists,,I Was Never There,"The Weeknd, Gesaffelstein",2018,https://open.spotify.com/track/5rgnyXr2PXFWsAnPFew077,,,
6956,playlists,,Same Old Song,"The Weeknd, Juicy J",2012,https://open.spotify.com/track/3Dt75NjLThmoBTp5wQC7g7,,,
6957,playlists,,Pray For Me (with Kendrick Lamar),"The Weeknd, Kendrick Lamar",2018,https://open.spotify.com/track/77UjLW8j5UAGAGVGhR5oUK,,,
6958,playlists,,Sidewalks,"The Weeknd, Kendrick Lamar",2016,https://open.spotify.com/track/4h90qkbnW1Qq6pBhoPvwko,,,
6959,playlists,,Stargirl Interlude,"The Weeknd, Lana Del Rey",2016,https://open.spotify.com/track/4EDijkJdHBZZ0GwJ12iTAj,,,
6960,playlists,,"False Idols (with Lil Baby, Suzanna Son)","The Weeknd, Lil Baby, Suzanna Son",2023,https://open.spotify.com/track/6cViXqp01e3FrAaseuiSAV,,,
6961,playlists,,Dollhouse (with Lily Rose Depp),"The Weeknd, Lily-Rose Depp",2023,https://open.spotify.com/track/5HUQPQ9E1a4er4UhB8C7Rc,,,
6962,playlists,,Popular (with Playboi Carti & Madonna) - From The Idol Vol. 1 (Music from the HBO Original Series),"The Weeknd, Playboi Carti, Madonna",2023,https://open.spotify.com/track/6WzRpISELf3YglGAh7TXcG,,,
6963,playlists,,Best Friends - Remix,"The Weeknd, Summer Walker",2022,https://open.spotify.com/track/3YZmW6AUHsbN7KhOTd944i,,,
6964,playlists,,Sacrifice (Remix) (feat. Swedish House Mafia),"The Weeknd, Swedish House Mafia",2022,https://open.spotify.com/track/0QE33jkiMTzCI8momkDmQY,,,
6965,playlists,,Blue Orchid,The White Stripes,2005,https://open.spotify.com/track/4jU7NPkz4HVnM4hweqNhI1,,,
6966,playlists,,Fell In Love With a Girl,The White Stripes,2001,https://open.spotify.com/track/21Qsj3cMVCx2xF2EVVNbEu,,,
6967,playlists,,Icky Thump,The White Stripes,2007,https://open.spotify.com/track/2LMq1O0NiqGhPOlXo3McYQ,,,
6968,playlists,,Seven Nation Army,The White Stripes,2003,https://open.spotify.com/track/3ctoHckjyd13eBi2IDw2Ip,,,
6969,playlists,,The Hardest Button to Button,The White Stripes,2003,https://open.spotify.com/track/3RdQfyk7BBxxIx0zSnCBIw,,,
6970,playlists,,Pinball Wizard,The Who,1999,https://open.spotify.com/track/5hgOYSCfyq8riOkVX3CXVW,,,
6971,playlists,,Intro,The xx,2009,https://open.spotify.com/track/5VfEuwErhx6X4eaPbyBfyu,,,
6972,playlists,,Back In Love,THE-DREAM,2018,https://open.spotify.com/track/3TI4phkL4x3jo6INUpXgzh,,,
6973,playlists,,Back To My Room,THE-DREAM,2018,https://open.spotify.com/track/5IwwrLEw1vwURc7HwfLjoR,,,
6974,playlists,,Bedroom,THE-DREAM,2018,https://open.spotify.com/track/5CKAdIqcxvpSR4svKpYD8n,,,
6975,playlists,,Body Fall,THE-DREAM,2018,https://open.spotify.com/track/0bBrVG6MYRyvEwk5Kj42OQ,,,
6976,playlists,,Challenger,THE-DREAM,2018,https://open.spotify.com/track/1p70K8YuFyqfQ5eR9YUbeU,,,
6977,playlists,,Change You,THE-DREAM,2018,https://open.spotify.com/track/79hrx7KIEiB026GIVwFkP5,,,
6978,playlists,,Drop Some New Shit,THE-DREAM,2018,https://open.spotify.com/track/6glo8cYUxNtWxzk5rkyOKD,,,
6979,playlists,,Drop Some New Shit (Intro),THE-DREAM,2018,https://open.spotify.com/track/6BKvtkibqcVzNHiDI5Tj2W,,,
6980,playlists,,Everytime I Kill Her,THE-DREAM,2018,https://open.spotify.com/track/4ELxnrUDaRG378Pik9Nq41,,,
6981,playlists,,Forever,THE-DREAM,2018,https://open.spotify.com/track/4CsVY9yb2jXJVJiIgkjjxg,,,
6982,playlists,,Gimmie That,THE-DREAM,2018,https://open.spotify.com/track/0f78e5KtYEHO5JqJsVCwcH,,,
6983,playlists,,Gorgeous,THE-DREAM,2018,https://open.spotify.com/track/228UMAkM44HiNK9HDruwSh,,,
6984,playlists,,Hardcore Pleasure,THE-DREAM,2018,https://open.spotify.com/track/18JBUR5K1OhU8gvO6fMSVl,,,
6985,playlists,,Hell Mary,THE-DREAM,2018,https://open.spotify.com/track/479bxLb6lzLZRDUscwZ1jS,,,
6986,playlists,,Human Beings,THE-DREAM,2018,https://open.spotify.com/track/1IOWWiNnZ5hUTIHpUvazqw,,,
6987,playlists,,I Like,THE-DREAM,2018,https://open.spotify.com/track/26SBpTgweKvHdQoCXmxQm9,,,
6988,playlists,,It's Yo Birthday,THE-DREAM,2018,https://open.spotify.com/track/6VyeuRorv2VWGlZy64BmWD,,,
6989,playlists,,Life,THE-DREAM,2018,https://open.spotify.com/track/24CK70AzgFHwxTZ52zoQlB,,,
6990,playlists,,Make It Rain,THE-DREAM,2018,https://open.spotify.com/track/5RTkikW3geidVWqxiprGka,,,
6991,playlists,,NDA,THE-DREAM,2018,https://open.spotify.com/track/5TWI0dxo0ls4L0dJmSxVNJ,,,
6992,playlists,,Night Thang,THE-DREAM,2018,https://open.spotify.com/track/0VNXb3XXkJUv3sTwVFKsnb,,,
6993,playlists,,Nikki's Dialogue,THE-DREAM,2018,https://open.spotify.com/track/3ptcZnV1kyX0F4HZYVmWpI,,,
6994,playlists,,No Rappers Allowed,THE-DREAM,2018,https://open.spotify.com/track/773hwCj3hmjxbXTyDQ0Owy,,,
6995,playlists,,On The Regular,THE-DREAM,2018,https://open.spotify.com/track/4GPTIeO2iutTDN9TlDFuq8,,,
6996,playlists,,Platter,THE-DREAM,2018,https://open.spotify.com/track/6PHMO2rz5WCj0PDvfEk89R,,,
6997,playlists,,Pull Out,THE-DREAM,2018,https://open.spotify.com/track/4DnM3jFyMuzVVgMWIRfFEl,,,
6998,playlists,,Ready,THE-DREAM,2018,https://open.spotify.com/track/1F2oWgf4CxPRPv6af3GW4c,,,
6999,playlists,,Rise,THE-DREAM,2018,https://open.spotify.com/track/3mRqnvGgvSOkknnu3XfTOE,,,
7000,playlists,,Runaway Sex,THE-DREAM,2018,https://open.spotify.com/track/2w1bHUJWkWKFbqh7BDumUy,,,
7001,playlists,,Super Soaker,THE-DREAM,2018,https://open.spotify.com/track/1ZjSR7sTVuXg54pbiIn0Q0,,,
7002,playlists,,Temptation,THE-DREAM,2018,https://open.spotify.com/track/2DrpizZ9xqE7mLDEUFduTZ,,,
7003,playlists,,The Paris of the West,THE-DREAM,2018,https://open.spotify.com/track/52gJgDguaYByZDKyjlxTWd,Paris,city,high
7004,playlists,,Top,THE-DREAM,2018,https://open.spotify.com/track/6y28PGkHia0P2ZCJJ3UQeF,,,
7005,playlists,,Tuxedo,THE-DREAM,2018,https://open.spotify.com/track/3vyKlVjGYoUWT5P0BZ9CGX,,,
7006,playlists,,U Got A Fan,THE-DREAM,2018,https://open.spotify.com/track/4Pl8N00sIx55iWz6eqA8w8,,,
7007,playlists,,What It Look Like,THE-DREAM,2018,https://open.spotify.com/track/77SzJ8pwhKxWLZ4wlVLFv7,,,
7008,playlists,,You,THE-DREAM,2018,https://open.spotify.com/track/5oy45lE6Dj5BRObS8MTNqT,,,
7009,playlists,,You and I,THE-DREAM,2018,https://open.spotify.com/track/60TR6YZeif56Ml0yPxcYPD,,,
7010,playlists,,Yours and Mine,THE-DREAM,2018,https://open.spotify.com/track/3ChTslh4ajTJ7Qp5ZBqhQt,,,
7011,playlists,,Shawty Is Da Shit,"THE-DREAM, Fabolous",2007,https://open.spotify.com/track/4Bidu4YkI06oLAXfBujkec,,,
7012,playlists,,Can I Call You Rose?,Thee Sacred Souls,2022,https://open.spotify.com/track/6IAuH3hgTRpUUdmOGubXGS,,,
7013,playlists,,Malcom Interlude,"Thelonious Martin, Mac Miller",2014,https://open.spotify.com/track/6PQcT3UDWcO58RoEI33VpM,,,
7014,playlists,,Bebey,Theophilus London,2018,https://open.spotify.com/track/6LOtZfvH61tzghR19brDha,,,
7015,playlists,,Flying Overseas (feat. Devonte Hynes and Solange Knowles),"Theophilus London, Devonté Hynes, Solange",2011,https://open.spotify.com/track/0GVDD4OOQrVS2fTEdLrTEy,,,
7016,playlists,,Seals (feat. Lil Yachty & Ian Isiah) - Reprise,"Theophilus London, Ian Isiah, Lil Yachty",2019,https://open.spotify.com/track/0R9eZvbAnWT255zxIM8Wmt,,,
7017,playlists,,Leon,"Theophilus London, Kristian Hamilton",2020,https://open.spotify.com/track/4JMgp4eaUGnLFqZtSjCYB8,León,city,high
7018,playlists,,Only You,"Theophilus London, Tame Impala",2020,https://open.spotify.com/track/2rDwETmcGw4ZqbuXvLQmDL,,,
7019,playlists,,Whiplash (feat. Tame Impala),"Theophilus London, Tame Impala",2019,https://open.spotify.com/track/7cxnezNj2EbUySx4xAAqI0,,,
7020,playlists,,Count Me In,THEY.,2020,https://open.spotify.com/track/3PlzW6Y96xvzjeXbyXaIqA,,,
7021,playlists,,Dante's Creek,THEY.,2017,https://open.spotify.com/track/4AQ3WZrtQkU1TCFrt61cNV,Dante's Creek,pattern,low
7022,playlists,,Deep End,THEY.,2017,https://open.spotify.com/track/18AdnjD7NrRmxMr2Fzol4q,,,
7023,playlists,,Red Light Green Light,THEY.,2020,https://open.spotify.com/track/3YWoDwBX2XyYTzvTZ7O9SI,,,
7024,playlists,,U-RITE,THEY.,2017,https://open.spotify.com/track/2hrFH10GDq8WyAxX9yQAyN,,,
7025,playlists,,Comfortable (feat. Fana Hues),"THEY., Fana Hues",2022,https://open.spotify.com/track/3uYl97CFQFl14149UuSJ78,,,
7026,playlists,,Play Fight (with Tinashe),"THEY., Tinashe",2020,https://open.spotify.com/track/1bzHZRL513pHVC9oEwQ0aL,,,
7027,playlists,,Tell Me (feat. Vic Mensa),"THEY., VIC MENSA",2018,https://open.spotify.com/track/4wMBHhPp9eHO0xJ1mmAFmb,,,
7028,playlists,,Losing Focus (with Wale),"THEY., Wale",2020,https://open.spotify.com/track/5SDM3OveGbW62sJUJRwXqx,,,
7029,playlists,,Semi-Charmed Life,Third Eye Blind,1997,https://open.spotify.com/track/42et6fnHCw1HIPSrdPprMl,,,
7030,playlists,,Stone Cold,Thomson & Ismael,2016,https://open.spotify.com/track/5ew0JufLoaAOcH9iyuDZN1,,,
7031,playlists,,London Honda Nasty Taxi - Superstar Remix,"Thoom, Babymorocco",2024,https://open.spotify.com/track/1DtAJ6HamNcv9SUXMEOvgl,London,city,high
7032,playlists,,BURN OUT,"Thouxanbanfauni, UnoTheActivist",2019,https://open.spotify.com/track/4SB7FZViLQHF6WBLi1kIHu,,,
7033,playlists,,CHOPPA DOWN,"Thouxanbanfauni, UnoTheActivist",2019,https://open.spotify.com/track/4d21eC3M2dH7UM9DVv4PQ1,,,
7034,playlists,,COME BACK TO ME,"Thouxanbanfauni, UnoTheActivist",2019,https://open.spotify.com/track/6v6xRswIxyhZtnRbrStUgl,Comé,city,medium
7035,playlists,,CONCEALED,"Thouxanbanfauni, UnoTheActivist",2019,https://open.spotify.com/track/1VAsHC5SJt2xnZmNvQQZmK,,,
7036,playlists,,DEATH CHASER,"Thouxanbanfauni, UnoTheActivist",2019,https://open.spotify.com/track/5oxIrfZzlBjhzQ5t0ugW45,,,
7037,playlists,,DIGITAL,"Thouxanbanfauni, UnoTheActivist",2019,https://open.spotify.com/track/5gGhv9muzxu9y05wubFZ5x,,,
7038,playlists,,IM THE SHIT,"Thouxanbanfauni, UnoTheActivist",2019,https://open.spotify.com/track/6qTT1Hz23jPplem0SzfKRs,,,
7039,playlists,,ISOLATED,"Thouxanbanfauni, UnoTheActivist",2019,https://open.spotify.com/track/1nrk5zqoP5PSvgCxecKzzN,,,
7040,playlists,,LIL DEMON (AIRWALK INTERLUDE),"Thouxanbanfauni, UnoTheActivist",2019,https://open.spotify.com/track/6MdMPX3dWCgcpikc05ueru,,,
7041,playlists,,NO ANGUISH,"Thouxanbanfauni, UnoTheActivist",2019,https://open.spotify.com/track/6mHrQnaWo8pguEdcPjjspN,,,
7042,playlists,,NO CAP,"Thouxanbanfauni, UnoTheActivist",2019,https://open.spotify.com/track/2NUdKtCs3aUgOjWXTyCqUE,,,
7043,playlists,,PAY ME,"Thouxanbanfauni, UnoTheActivist",2019,https://open.spotify.com/track/4WuQq8jo4ymfB8ZDNFFpFJ,,,
7044,playlists,,TAXIN,"Thouxanbanfauni, UnoTheActivist",2019,https://open.spotify.com/track/1mHGPNuc9DbezkCwm0EdZy,,,
7045,playlists,,THEM SIRENS,"Thouxanbanfauni, UnoTheActivist",2019,https://open.spotify.com/track/5ANinHjBludv9EpqlCC7F9,,,
7046,playlists,,Stay Fly,Three 6 Mafia,2005,https://open.spotify.com/track/5MYFw4T2gy52pOGBN4EYHS,,,
7047,playlists,,Them Changes,Thundercat,2017,https://open.spotify.com/track/5dcZUsgcMW57ju0A379O7c,,,
7048,playlists,,Fair Chance,"Thundercat, Ty Dolla $ign, Lil B",2020,https://open.spotify.com/track/7iTzI1VrcYwgLJ8grjn99T,,,
7049,playlists,,Memories,Thutmose,2018,https://open.spotify.com/track/2CWOMDYFK4Ef3867nEhnVM,,,
7050,playlists,,Romeo Is Dead (Prod. Dan Farber),Thutmose,2019,https://open.spotify.com/track/3KKLjyfYERsRUECkbMNVqh,,,
7051,playlists,,Wipe Me Down,"Thutmose, Tory Lanez",2019,https://open.spotify.com/track/5qxSrLmFhfzBPvNX0KocFq,,,
7052,playlists,,Each Time,TiDUS,2020,https://open.spotify.com/track/1CMrLEbfkolzI2jHjouimE,,,
7053,playlists,,Dora,Tierra Whack,2020,https://open.spotify.com/track/4OL39vZOiYvqBiC2UOwoyr,,,
7054,playlists,,feel good,Tierra Whack,2020,https://open.spotify.com/track/3PHb2qON0JqgPfejc1vise,,,
7055,playlists,,GODDA,Tierra Whack,2026,https://open.spotify.com/track/4piJKpXcEBuB2hWZG5svg9,Godda,city,medium
7056,playlists,,Only Child,Tierra Whack,2019,https://open.spotify.com/track/4zMmqb0pYwX6b0qc0slCoT,,,
7057,playlists,,Peppers and Onions,Tierra Whack,2020,https://open.spotify.com/track/3EXtXbj00nX9aCHDz1yEJF,,,
7058,playlists,,IAMWHATIAM - The Dare Remix,"Tiga, MRD, The Dare",2026,https://open.spotify.com/track/3axdBQxDiOgZIPfAwB8bUe,,,
7059,playlists,,BATTERY OPERATED,Tigerblind,2025,https://open.spotify.com/track/2P7fnktG0n0P0UN9wUgas9,,,
7060,playlists,,Compromised,Tim Atlas,2018,https://open.spotify.com/track/6Nc7K0edFOawc4JByfAoPd,,,
7061,playlists,,Courtside,Tim Atlas,2021,https://open.spotify.com/track/5TzpCPx20n4hELdE9Vw6ZQ,,,
7062,playlists,,Wallflower,Tim Atlas,2020,https://open.spotify.com/track/2mlCfcprMj3aOUX2uYuQEE,,,
7063,playlists,,Grab The Wheel,"Timbaland, 6LACK",2017,https://open.spotify.com/track/5ZoOWnKOxm77heTeIQrlDq,,,
7064,playlists,,Carry Out (Featuring Justin Timberlake),"Timbaland, Justin Timberlake",2009,https://open.spotify.com/track/2DHc2e5bBn4UzY0ENVFrUl,,,
7065,playlists,,Release,"Timbaland, Justin Timberlake",2007,https://open.spotify.com/track/6psdUDK8ojdMj563fniLfm,,,
7066,playlists,,Give It To Me,"Timbaland, Justin Timberlake, Nelly Furtado",2007,https://open.spotify.com/track/0wbDgMuAoy7O7pL3a69uZx,,,
7067,playlists,,If We Ever Meet Again (Featuring Katy Perry),"Timbaland, Katy Perry",2009,https://open.spotify.com/track/360UM2DaiHZPRu0EsrOvMp,,,
7068,playlists,,The Way I Are,"Timbaland, Keri Hilson, D.O.E.",2007,https://open.spotify.com/track/2bLqfJjuC5syrsgDsZfGmn,,,
7069,playlists,,Apologize,"Timbaland, OneRepublic",2007,https://open.spotify.com/track/6q3zC9dDD4lUNk8nfUztXy,,,
7070,playlists,,NSFW,"Timeflies, Angel Haze",2015,https://open.spotify.com/track/2R1KN7ppqgLaon8zZX04Kv,,,
7071,playlists,,Crash Out,Tinashe,2026,https://open.spotify.com/track/3IHTGwXvGyGslBbvHDDFrM,,,
7072,playlists,,I Can See The Future,Tinashe,2021,https://open.spotify.com/track/2zC1lEtZQ8nByZXkjTpjMb,,,
7073,playlists,,Melatonin,Tinashe,2026,https://open.spotify.com/track/0Fscl5Gt6r9UfJR6OWG1wI,,,
7074,playlists,,Too Easy,Tinashe,2026,https://open.spotify.com/track/1gDfAiHvXdPXlUlaWcfxNS,,,
7075,playlists,,Pasadena,"Tinashe, Buddy",2021,https://open.spotify.com/track/0LFKnn56aITNeS2PRyGBFp,Pasadena,city,high
7076,playlists,,Not Letting Go (feat. Jess Glynne),"Tinie Tempah, Jess Glynne",2015,https://open.spotify.com/track/01wuIn1TP5FCvYyqBTdsGC,,,
7077,playlists,,Girls Like (feat. Zara Larsson),"Tinie Tempah, Zara Larsson",2017,https://open.spotify.com/track/5BOZ4skcMubA0R6RD4zf64,,,
7078,playlists,,Pump It Louder,"Tiësto, Black Eyed Peas",2022,https://open.spotify.com/track/2yEHX6MqAXPyD7bm47A2Br,,,
7079,playlists,,Hot In It (feat. Charli XCX),"Tiësto, Charli xcx",2023,https://open.spotify.com/track/5pNFibJLq7dvoDVIIcQBkn,,,
7080,playlists,,I Can’t Wait (feat. Poppy Baskcomb),"Tiësto, Solardo, Poppy Baskcomb",2022,https://open.spotify.com/track/3bnla8QwheGOI2AtfWOES1,,,
7081,playlists,,Rule The World (Everybody),"Tiësto, Tears For Fears, NIIKO X SWAE, GUDFELLA",2023,https://open.spotify.com/track/2f2dRxjiUOoV5qhZFbnVO6,,,
7082,playlists,,Silent Assassin,"Tkay Maidza, Flume",2023,https://open.spotify.com/track/34Tg1jTHYdWlSMXYthAoL0,,,
7083,playlists,,No Scrubs,TLC,1999,https://open.spotify.com/track/1KGi9sZVMeszgZOWivFpxs,,,
7084,playlists,,Blue Jean Bandit,"Tm88, Southside, Moneybagg Yo, Young Thug, Future",2020,https://open.spotify.com/track/6pM4IDID7Yu3aPQiR7cbda,,,
7085,playlists,,Serpent,TNGHT,2019,https://open.spotify.com/track/30GWJ52SSHhBWVRLHAgx99,,,
7086,playlists,,CHILL.,Tobe Nwigwe,2018,https://open.spotify.com/track/0TXT2lpgnrWskhMbqLCdbQ,,,
7087,playlists,,BEEN BROKE,"Tobe Nwigwe, Chamillionaire, 2 Chainz, Fat Nwigwe",2022,https://open.spotify.com/track/1mpsTipoKrSHmQ0AO30QQI,,,
7088,playlists,,WILDLINGS,"Tobe Nwigwe, EARTHGANG, Duckwrth",2020,https://open.spotify.com/track/2HPja9yhdYewCMUUesZl1L,,,
7089,playlists,,LORD FORGIVE ME,"Tobe Nwigwe, Pharrell Williams, EARTHGANG, Fat Nwigwe",2022,https://open.spotify.com/track/3PnDz7t38mzVZaImRrSknW,,,
7090,playlists,,FATHER FIGURE,"Tobe Nwigwe, Royce Da 5'9"", Black Thought",2020,https://open.spotify.com/track/4tamxu3gTVkEDzgpTDvDv0,,,
7091,playlists,,City Blues,TOBi,2019,https://open.spotify.com/track/4QbTcp2z5K8pST7UHObaKE,,,
7092,playlists,,Sativa,"Tobi Adey, T",2020,https://open.spotify.com/track/3HSJUBIwnSYP526O2wjs7A,,,
7093,playlists,,Buff Baby,tobi lou,2018,https://open.spotify.com/track/1F1QmI8TMHir9SUFrooq5F,,,
7094,playlists,,I Was Sad Last Night I'm OK Now,tobi lou,2019,https://open.spotify.com/track/0gEcmyKlIUoi3sHTFVO1bE,,,
7095,playlists,,Lifetime,Tobiahs,2024,https://open.spotify.com/track/1oH6oeK8iKeRL9VTQY5w2r,,,
7096,playlists,,Beer For My Horses,"Toby Keith, Willie Nelson",2002,https://open.spotify.com/track/7E2DqvnVtbIrFrL5X6YH9Q,,,
7097,playlists,,Hello It's Me,Todd Rundgren,1997,https://open.spotify.com/track/2ckXnzyvgva2oE9FWjb405,,,
7098,playlists,,I Saw the Light - 2015 Remaster,Todd Rundgren,1972,https://open.spotify.com/track/5uRkew0DtfAQmv0oEYNwFF,,,
7099,playlists,,Izzat Love? - 2015 Remaster,Todd Rundgren,1974,https://open.spotify.com/track/5hb92JsDZjB3PuysBhwTAS,,,
7100,playlists,,"Tic Tic Tic, It Wears Off - 2015 Remaster",Todd Rundgren,1972,https://open.spotify.com/track/79wUzajx7AaeoTF905rLDt,,,
7101,playlists,,Realla,"TOKiMONSTA, Anderson .Paak",2014,https://open.spotify.com/track/5mzoBYJM5WKAMQEOHpcgsx,,,
7102,playlists,,Red Moon,Tom Misch,2025,https://open.spotify.com/track/44tb4TdFVliafU17EQg28J,,,
7103,playlists,,Mary Jane's Last Dance,Tom Petty and the Heartbreakers,2008,https://open.spotify.com/track/3dmqIB2Qxe2XZobw9gXxJ6,,,
7104,playlists,,You Want Me (feat. Sadie Ama),"Tom Zanetti, Sadie Ama",2016,https://open.spotify.com/track/4xX7OsX8XTGWJgRxNNIaFT,,,
7105,playlists,,Winaloto,Tommy Cash,2016,https://open.spotify.com/track/3e91QYrWXIBXesEjrR3a7F,,,
7106,playlists,,ACTIN UP,Tommy Richman,2025,https://open.spotify.com/track/1Nk1kQx3HmUaobcAu9S26f,,,
7107,playlists,,DEVIL IS A LIE,Tommy Richman,2024,https://open.spotify.com/track/6jlG8gBPNAgBgoivw2Ig09,,,
7108,playlists,,LAST NITE,Tommy Richman,2023,https://open.spotify.com/track/1LJf3nm1uyWUq1NP61Ea5W,,,
7109,playlists,,MIAMI,Tommy Richman,2025,https://open.spotify.com/track/3KH7W2zKlPHeLc2dS9UQe4,Miami,city,high
7110,playlists,,MILLION DOLLAR BABY,Tommy Richman,2024,https://open.spotify.com/track/7fzHQizxTqy8wTXwlrgPQQ,,,
7111,playlists,,SELFISH,Tommy Richman,2024,https://open.spotify.com/track/6oM2os7uwKBhyHSSFb4S8P,,,
7112,playlists,,867-5309 / Jenny,Tommy Tutone,1981,https://open.spotify.com/track/6iX1f3r7oUJnMbGgQ2gx1j,,,
7113,playlists,,Cookin,Tona,2023,https://open.spotify.com/track/0W28FQJ9q2385L0vb9UPi7,,,
7114,playlists,,Money Talk,"Tony Seltzer, A Lau, Jay Critch",2020,https://open.spotify.com/track/0Eylh6BPuwWZdKR3O6h7LT,,,
7115,playlists,,Blow the Whistle,Too $hort,2006,https://open.spotify.com/track/2lMg3lCMOGistaWBNGjuT3,,,
7116,playlists,,I'm a Player - Street Version,Too $hort,1993,https://open.spotify.com/track/4XiZFtOlgXYtrp88tGNnk8,,,
7117,playlists,,So You Want to Be a Gangster,Too $hort,1992,https://open.spotify.com/track/1ei4Cg4zYN2y17CAvjETSM,,,
7118,playlists,,Tropicana,Topaz Jones,2016,https://open.spotify.com/track/1ZQ5wcTGbbB8FbJFubGQly,,,
7119,playlists,,Dancing in the Moonlight,Toploader,2000,https://open.spotify.com/track/3Fzlg5r1IjhLk2qRw667od,,,
7120,playlists,,Baby Drive It Down,Toro y Moi,2019,https://open.spotify.com/track/3nB1luIDE1motEUhMXImp0,Baby Drive,pattern,low
7121,playlists,,Fading,Toro y Moi,2019,https://open.spotify.com/track/4RKXPNzSNfrlgcCrksmauL,,,
7122,playlists,,Freelance,Toro y Moi,2019,https://open.spotify.com/track/1zbLpabwKzj404PWNEKtjL,,,
7123,playlists,,Laws of the Universe,Toro y Moi,2019,https://open.spotify.com/track/5iogKheqFC4DTFCy8i1LXh,,,
7124,playlists,,New House,Toro y Moi,2019,https://open.spotify.com/track/40YmyUvb5AmaAWXpXTj7VD,,,
7125,playlists,,Ordinary Pleasure,Toro y Moi,2019,https://open.spotify.com/track/1r1BFALfShEfyv1aEs7MRW,,,
7126,playlists,,Rose Quartz,Toro y Moi,2013,https://open.spotify.com/track/0u1yF7JbPlDjqWUKZk4FaR,,,
7127,playlists,,Who I Am,Toro y Moi,2019,https://open.spotify.com/track/7mMLKwFMq8STlXOBexSwqf,,,
7128,playlists,,Miss Me (feat. ABRA),"Toro y Moi, ABRA",2019,https://open.spotify.com/track/2e2ODYnQs9b5WHzAfx7fmz,,,
7129,playlists,,50-50 (feat. Instupendo),"Toro y Moi, Instupendo",2019,https://open.spotify.com/track/5qozAS2huRB1yn4XDnJtoX,,,
7130,playlists,,Monte Carlo (feat. WET),"Toro y Moi, Wet",2019,https://open.spotify.com/track/3R73Y7X53MIQZWnKloWq5i,,,
7131,playlists,,New Bottega,"Torren Foot, Azealia Banks",2023,https://open.spotify.com/track/05IOuexttkZG6eQLFi3v40,,,
7132,playlists,,4am Flex,Tory Lanez,2016,https://open.spotify.com/track/74AjiTeWyRkfp7RQUZykc8,,,
7133,playlists,,All The Girls,Tory Lanez,2016,https://open.spotify.com/track/7hMqz88kcK2Tx6wBka9INF,,,
7134,playlists,,B.L.O.W.,Tory Lanez,2015,https://open.spotify.com/track/3YUK6HxkymcP7w76uFfn3w,,,
7135,playlists,,Ballad of a Badman,Tory Lanez,2021,https://open.spotify.com/track/2PLOCIYlFr8XxNsz0Lgs4l,,,
7136,playlists,,Broke In A Minute,Tory Lanez,2020,https://open.spotify.com/track/2ZrAjMSmlbDIil0JaVgTHh,,,
7137,playlists,,City Boy Summer,Tory Lanez,2022,https://open.spotify.com/track/4HArHoORbKn0ioYA6cDRhz,,,
7138,playlists,,Cold Hard Love,Tory Lanez,2016,https://open.spotify.com/track/33Ls5EgM1WFzomY1gbMsqU,,,
7139,playlists,,Dirty Money,Tory Lanez,2016,https://open.spotify.com/track/1dkojuNgGivN9VYdMFAUdo,,,
7140,playlists,,Flex,Tory Lanez,2016,https://open.spotify.com/track/1z64Qkx4ff9QUuOqG85eue,,,
7141,playlists,,Florida Shit,Tory Lanez,2022,https://open.spotify.com/track/4buoiIRN6ysNgWFygoVccn,Florida,us_state,high
7142,playlists,,Freaky,Tory Lanez,2019,https://open.spotify.com/track/0NJp8GyCOWnQh71xKSPfuV,,,
7143,playlists,,Friends With Benefits,Tory Lanez,2016,https://open.spotify.com/track/1zqCcxtHDODySsHnM7lxox,,,
7144,playlists,,Guns And Roses,Tory Lanez,2016,https://open.spotify.com/track/0O0JgOEZklUxBH6kfboYha,,,
7145,playlists,,High,Tory Lanez,2016,https://open.spotify.com/track/1fKZAXX1bwSnSj1BnnLrQN,,,
7146,playlists,,I LIKE,Tory Lanez,2022,https://open.spotify.com/track/5uKHTLXNcftXtYfU7j9cQ6,,,
7147,playlists,,I Told You/ Another One,Tory Lanez,2016,https://open.spotify.com/track/22DTcztiOHGZ3X6RmlFLdC,,,
7148,playlists,,LA Confidential,Tory Lanez,2016,https://open.spotify.com/track/5CYRfPViGWqsLoypm1bX4u,,,
7149,playlists,,Loners Blvd,Tory Lanez,2016,https://open.spotify.com/track/0wBXjRwdaDMHCkAT28rxYn,Loners Blvd,pattern,low
7150,playlists,,LUV,Tory Lanez,2016,https://open.spotify.com/track/16Ah4QqH4mgYVXqfC4mdSd,,,
7151,playlists,,Question Is,Tory Lanez,2016,https://open.spotify.com/track/5bhAv8JVLW77s3VjxGt4Q6,,,
7152,playlists,,Say It,Tory Lanez,2015,https://open.spotify.com/track/610BVUQMZpmt3eROWX9ZC1,,,
7153,playlists,,Shooters,Tory Lanez,2018,https://open.spotify.com/track/6TrjaOqUwdKQ7KNxJr2s9Y,,,
7154,playlists,,Shot Clock Violations,Tory Lanez,2022,https://open.spotify.com/track/4Ijd2GbGQ3FN7KczyoCyOD,,,
7155,playlists,,Staccato,Tory Lanez,2020,https://open.spotify.com/track/3DqFP5KDbNeOWLxiDJqJRk,,,
7156,playlists,,Temperature Rising,Tory Lanez,2020,https://open.spotify.com/track/1miln1rdxYSBD0NOeIQeJG,,,
7157,playlists,,The Color Violet,Tory Lanez,2021,https://open.spotify.com/track/3azJifCSqg9fRij2yKIbWz,,,
7158,playlists,,To D.R.E.A.M.,Tory Lanez,2016,https://open.spotify.com/track/6w2VaBGWcColW05nZROWvS,,,
7159,playlists,,Who Needs Love,Tory Lanez,2020,https://open.spotify.com/track/2ShvTyfnjRWVjNB6vmu5Bb,,,
7160,playlists,,‘87 Stingray,Tory Lanez,2021,https://open.spotify.com/track/1WGKxNifQjePD8l5pQYDN6,,,
7161,playlists,,SKAT (feat. DaBaby),"Tory Lanez, DaBaby",2021,https://open.spotify.com/track/33OeHNGJA124QytVD0BeQK,,,
7162,playlists,,K Lo K (feat. Fivio Foreign),"Tory Lanez, Fivio Foreign",2020,https://open.spotify.com/track/3TlrDcdC7ydI8mto84R1GW,,,
7163,playlists,,Convertible Burt - From Road To Fast 9 Mixtape,"Tory Lanez, Kevin Gates",2020,https://open.spotify.com/track/2AUdkFhVlngknqGHu30VJQ,,,
7164,playlists,,Grah Tah Tah (feat. Kodak Black),"Tory Lanez, Kodak Black",2021,https://open.spotify.com/track/4VRALKF1Wx8vuZ5PyVZQTY,,,
7165,playlists,,10 F*CKS (with Mansa),"Tory Lanez, Mansa Of The Hill",2020,https://open.spotify.com/track/7DHNcoR73yUYCSn6PqBgkH,,,
7166,playlists,,"Big Tipper (feat. Melii, Lil Wayne)","Tory Lanez, Melii, Lil Wayne",2020,https://open.spotify.com/track/0a8r445oJPuj8IGl8Unrvw,,,
7167,playlists,,Pa Mi (with Ozuna),"Tory Lanez, Ozuna",2018,https://open.spotify.com/track/0CYLDwvvpJQySLA5CvqvSl,,,
7168,playlists,,TAlk tO Me (with Rich The Kid),"Tory Lanez, Rich The Kid",2018,https://open.spotify.com/track/49NhxprbG9oTtMunQCSXxA,,,
7169,playlists,,Jerry Sprunger (with T-Pain),"Tory Lanez, T-Pain",2019,https://open.spotify.com/track/6JsHgIkMYHcbNtKfsal2Mg,,,
7170,playlists,,FeRRis WhEEL (feat. Trippie Redd),"Tory Lanez, Trippie Redd",2018,https://open.spotify.com/track/6j97zG4DDrh3oUa6rZbFOs,,,
7171,playlists,,Africa,TOTO,1982,https://open.spotify.com/track/2374M0fQpWi3dLnB54qaLX,Africa,continent,high
7172,playlists,,Club Med Anthem,Touch Sensitive,2025,https://open.spotify.com/track/6TyFUHPAFDCX6ZqwduIk08,,,
7173,playlists,,Busy Girl,"Tove Lo, SG Lewis",2024,https://open.spotify.com/track/3CtAgFwiMPdKaX7caXldRV,,,
7174,playlists,,Playin Fair (feat. Joey Purp),"Towkio, Joey Purp",2016,https://open.spotify.com/track/7vWBrpIpBJ9WwduazjQlyw,,,
7175,playlists,,Drops of Jupiter (Tell Me),Train,2001,https://open.spotify.com/track/2hKdd3qO7cWr2Jo0Bcs0MA,,,
7176,playlists,,End Of The Line,Traveling Wilburys,1988,https://open.spotify.com/track/4HA2jo7wkMdN1lmLO6ryzE,,,
7177,playlists,,Billionaire (feat. Bruno Mars),"Travie McCoy, Bruno Mars",2010,https://open.spotify.com/track/2M9ULmQwTaTGmAdXaXpfz5,,,
7178,playlists,,Gimme Brain,"Travis Barker, Lil Wayne, Rick Ross",2019,https://open.spotify.com/track/6AW47FIeOzMV6dVPB8ZYTN,,,
7179,playlists,,Young & Stupid,"Travis Mills, T.I.",2015,https://open.spotify.com/track/4aFv0v8fpRsC2hFaIZEYGU,,,
7180,playlists,,5% TINT,Travis Scott,2018,https://open.spotify.com/track/11kDth1aKUEUMq9r1pqyds,,,
7181,playlists,,Antidote,Travis Scott,2015,https://open.spotify.com/track/1wHZx0LgzFHyeIZkUydNXq,,,
7182,playlists,,Apple Pie,Travis Scott,2015,https://open.spotify.com/track/6scpNkWEmUxmKY7nYjVLsX,,,
7183,playlists,,ASTROTHUNDER,Travis Scott,2018,https://open.spotify.com/track/4MXhiYIRDMGAuvZc5IFTwC,,,
7184,playlists,,BUTTERFLY EFFECT,Travis Scott,2017,https://open.spotify.com/track/1yxgsra98r3qAtxqiGZPiX,,,
7185,playlists,,CAN'T SAY,Travis Scott,2018,https://open.spotify.com/track/27a1mYSG5tYg7dmEjWBcmL,,,
7186,playlists,,CAROUSEL,Travis Scott,2018,https://open.spotify.com/track/7KZ5MMVgBVox9ycroB2UrI,,,
7187,playlists,,COFFEE BEAN,Travis Scott,2018,https://open.spotify.com/track/6vnfObZ4Ys70SBAtti1xZ9,,,
7188,playlists,,ESCAPE PLAN,Travis Scott,2021,https://open.spotify.com/track/4R67rQNSbbsR4TdUVOIdez,,,
7189,playlists,,goosebumps,Travis Scott,2016,https://open.spotify.com/track/6gBFPUFcJLzWGx4lenP6h2,,,
7190,playlists,,HOUSTONFORNICATION,Travis Scott,2018,https://open.spotify.com/track/58TaFP5j5i9swOf584yon2,,,
7191,playlists,,I Can Tell,Travis Scott,2015,https://open.spotify.com/track/2hiuiI3ac0I5kJWtkeGHEL,,,
7192,playlists,,I KNOW ?,Travis Scott,2023,https://open.spotify.com/track/6wsqVwoiVH2kde4k4KKAFU,,,
7193,playlists,,Impossible,Travis Scott,2015,https://open.spotify.com/track/0IabpxMpUV7waD7U4uDIMJ,,,
7194,playlists,,MAFIA,Travis Scott,2021,https://open.spotify.com/track/08F16baYbciTva9P4BvpiI,,,
7195,playlists,,NC-17,Travis Scott,2018,https://open.spotify.com/track/6BJbOXDlgVAXSaq6wYFYT2,,,
7196,playlists,,Never Catch Me,Travis Scott,2015,https://open.spotify.com/track/3jg8bevUzKYONDLBBQquif,,,
7197,playlists,,NO BYSTANDERS,Travis Scott,2018,https://open.spotify.com/track/6OaVWaGfhXn70ZJfdVcabn,,,
7198,playlists,,Pornography,Travis Scott,2015,https://open.spotify.com/track/2QeQNF182V61Im0QpjdVta,,,
7199,playlists,,R.I.P. SCREW,Travis Scott,2018,https://open.spotify.com/track/4SZepBIPDRwPaHIjAKwRDb,,,
7200,playlists,,SICKO MODE,Travis Scott,2018,https://open.spotify.com/track/2xLMifQCjDGFmkHkpNLD9h,,,
7201,playlists,,SKELETONS,Travis Scott,2018,https://open.spotify.com/track/6NMtzpDQBTOfJwMzgMX0zl,,,
7202,playlists,,STARGAZING,Travis Scott,2018,https://open.spotify.com/track/7wBJfHzpfI3032CSD7CE2m,,,
7203,playlists,,STOP TRYING TO BE GOD,Travis Scott,2018,https://open.spotify.com/track/1xYpVRspgaLxdJLOTQkTjg,,,
7204,playlists,,"The Plan - From the Motion Picture ""TENET""",Travis Scott,2020,https://open.spotify.com/track/551xyaSJsg8hILXFq9JdST,,,
7205,playlists,,WAKE UP,Travis Scott,2018,https://open.spotify.com/track/20MuVazoNMv6xjKPnRFOxG,,,
7206,playlists,,WHO? WHAT!,Travis Scott,2018,https://open.spotify.com/track/4KYS9GK68yeuUJ8vJfPxrq,,,
7207,playlists,,YOSEMITE,Travis Scott,2018,https://open.spotify.com/track/7lAK3oHbfEnvUQWosrMMpR,Yosemite,landmark,high
7208,playlists,,MELTDOWN (feat. Drake),"Travis Scott, Drake",2023,https://open.spotify.com/track/67nepsnrcZkowTxMWigSbb,,,
7209,playlists,,3500 (feat. Future & 2 Chainz),"Travis Scott, Future, 2 Chainz",2015,https://open.spotify.com/track/1SGt65i9AnXYdDQt1AtDRH,,,
7210,playlists,,RHYNO (from GTAVI: The Album),"Travis Scott, Grand Theft Auto VI",2026,https://open.spotify.com/track/2QrLrUqdSg5njDVEqq5QFp,,,
7211,playlists,,Wasted (feat. Juicy J),"Travis Scott, Juicy J",2015,https://open.spotify.com/track/3dtBVBClM5ms0qCBBrqpUb,,,
7212,playlists,,Maria I'm Drunk (feat. Justin Bieber & Young Thug),"Travis Scott, Justin Bieber, Young Thug",2015,https://open.spotify.com/track/6Yqmv7XJLCrQEauMbPGZSw,,,
7213,playlists,,90210 (feat. Kacy Hill),"Travis Scott, Kacy Hill",2015,https://open.spotify.com/track/51EC3I1nQXpec4gDk0mQyP,,,
7214,playlists,,Piss On Your Grave (feat. Kanye West),"Travis Scott, Kanye West",2015,https://open.spotify.com/track/5H25xsIuRWUI8GwcoAoeSG,,,
7215,playlists,,Watch (feat. Lil Uzi Vert & Kanye West),"Travis Scott, Lil Uzi Vert, Kanye West",2018,https://open.spotify.com/track/3DoBTwfr8yi2LN08SBpFkN,,,
7216,playlists,,Oh My Dis Side (feat. Quavo),"Travis Scott, Quavo",2015,https://open.spotify.com/track/2rMFawCg4BW65jzbwztXAV,,,
7217,playlists,,Mamacita (feat. Rich Homie Quan & Young Thug),"Travis Scott, Rich Homie Quan, Young Thug",2014,https://open.spotify.com/track/0uFz9q2SvuKyWB6Ur1YCfI,,,
7218,playlists,,TOPIA TWINS (feat. Rob49 & 21 Savage),"Travis Scott, Rob49, 21 Savage",2023,https://open.spotify.com/track/0lodMO0qK83vfPiiD7FMEt,,,
7219,playlists,,Ok Alright (feat. ScHoolboy Q),"Travis Scott, ScHoolboy Q",2015,https://open.spotify.com/track/0MRZ9nMoLc7qQ8Nhovv8C8,,,
7220,playlists,,Nightcrawler (feat. Swae Lee & Chief Keef),"Travis Scott, Swae Lee, Chief Keef",2015,https://open.spotify.com/track/3xby7fOyqmeON8jsnom0AT,,,
7221,playlists,,Pray 4 Love (feat. The Weeknd),"Travis Scott, The Weeknd",2015,https://open.spotify.com/track/2dJ4rGtsOHOgvTQawsCRtg,,,
7222,playlists,,Flying High (feat. Toro y Moi),"Travis Scott, Toro y Moi",2015,https://open.spotify.com/track/6HszFW6X5wM8DKX1SO0LaK,,,
7223,playlists,,SKITZO (feat. Young Thug),"Travis Scott, Young Thug",2023,https://open.spotify.com/track/0bkV1iQHSxBaksUqgEkcbc,,,
7224,playlists,,Yeah Yeah (feat. Young Thug),"Travis Scott, Young Thug",2017,https://open.spotify.com/track/30rFcHLyR2K2FKGvIMhTIv,,,
7225,playlists,,FRANCHISE (feat. Young Thug & M.I.A.),"Travis Scott, Young Thug, M.I.A.",2020,https://open.spotify.com/track/4jVBIpuOiMj1crqd8LoCrJ,,,
7226,playlists,,Bottoms Up (feat. Nicki Minaj),"Trey Songz, Nicki Minaj",2010,https://open.spotify.com/track/2IpGdrWvIZipmaxo1YRxw5,,,
7227,playlists,,On Call (feat. Ty Dolla $ign),"Trey Songz, Ty Dolla $ign",2020,https://open.spotify.com/track/0QdKGYDbgSPgKouhzIARuN,,,
7228,playlists,,Just A Lil' Thick (She Juicy) (feat. Mystikal & Lil Dicky),"Trinidad James, Mystikal, Lil Dicky",2016,https://open.spotify.com/track/5zaIgI9HNUPIcfaeVRlxGa,,,
7229,playlists,,Marked,Trinix,2015,https://open.spotify.com/track/6dgbdvubCVlp17z17Y3o6u,,,
7230,playlists,,they like the way i flirt!,trionóide ní chonchúir,2023,https://open.spotify.com/track/5nE9EfIhbiwPq5AaOAL9kU,,,
7231,playlists,,Manolo,"Trip Lee, Lecrae",2014,https://open.spotify.com/track/34OBXUuwpqbmrGjfIZCYli,,,
7232,playlists,,Autumn Collection,Triple One,2017,https://open.spotify.com/track/2I3pcpsJQlMxgrgRL6hGcW,,,
7233,playlists,,BANG!,Trippie Redd,2018,https://open.spotify.com/track/1pF74yw15wXk12A1NPVWHD,,,
7234,playlists,,Bird Shit,Trippie Redd,2018,https://open.spotify.com/track/1j2l6jMz85PaXuDiF08Vcv,,,
7235,playlists,,Gore,Trippie Redd,2018,https://open.spotify.com/track/4CWgevZ4xGjy6o5qMPgYR0,Goré,city,medium
7236,playlists,,How You Feel,Trippie Redd,2018,https://open.spotify.com/track/6qLkTJidtiVuNmW7ETJlic,,,
7237,playlists,,Love Scars,Trippie Redd,2017,https://open.spotify.com/track/0AICBlLzFCTpUqmAbtzB2z,,,
7238,playlists,,Missing My Idols,Trippie Redd,2018,https://open.spotify.com/track/5HnxL39pSgVVQMLP7WnSfv,,,
7239,playlists,,Oomps Revenge,Trippie Redd,2018,https://open.spotify.com/track/3GOZyiebYv432EnVy9XwzE,,,
7240,playlists,,Shake It Up,Trippie Redd,2018,https://open.spotify.com/track/6yz0Jndhv0QjKdpcEMbOjz,,,
7241,playlists,,Taking A Walk,Trippie Redd,2018,https://open.spotify.com/track/4mHgYpuGHu99Mw69E83CP2,,,
7242,playlists,,Together,Trippie Redd,2018,https://open.spotify.com/track/6m3LlhdZ0HWn4D7Nnm06MQ,,,
7243,playlists,,UKA UKA,Trippie Redd,2018,https://open.spotify.com/track/5FTrzXtDMz3adIbLmVShk4,,,
7244,playlists,,Underwater FlyZone,Trippie Redd,2018,https://open.spotify.com/track/1yQ2jDB77soMtb7Z5FQkRb,,,
7245,playlists,,Who Needs Love,Trippie Redd,2019,https://open.spotify.com/track/2ktxr00GpTtbMNeBjNeY8D,,,
7246,playlists,,Big 14 (feat. Offset & Moneybagg Yo),"Trippie Redd, Offset, Moneybagg Yo",2022,https://open.spotify.com/track/7rQ84WsT2Wcnrz5gTmbGmw,,,
7247,playlists,,Excitement,"Trippie Redd, PARTYNEXTDOOR",2020,https://open.spotify.com/track/3WnTQDd9A3bpBfzCziElU9,,,
7248,playlists,,Miss The Rage (feat. Playboi Carti),"Trippie Redd, Playboi Carti",2021,https://open.spotify.com/track/2BITQ360Knh6qNAOqR7Dyq,,,
7249,playlists,,Dark Knight Dummo,"Trippie Redd, Travis Scott",2018,https://open.spotify.com/track/4apiNNK0jp9uqn3JDG9My1,,,
7250,playlists,,Forever Ever,"Trippie Redd, Young Thug, Reese LAFLARE",2018,https://open.spotify.com/track/2c3qwFINQyRGwyqI97UQiA,,,
7251,playlists,,Okee Shordy,"Trobi, Ronnie Flex, Chivv, ADF Samski",2022,https://open.spotify.com/track/4RCKxit6c2kl7dwJPKT3hc,,,
7252,playlists,,Shut Shit Down,"TroyBoi, Armani White",2023,https://open.spotify.com/track/05ZFPu1KRAr8kbO7BXehp5,,,
7253,playlists,,Rush,Troye Sivan,2023,https://open.spotify.com/track/4ZnkygoWLzcGbQYCm3lkae,,,
7254,playlists,,Drop That Low (When I Dip),Tujamo,2016,https://open.spotify.com/track/0WSjVLITbxV6kVXndziQDm,,,
7255,playlists,,Namesake,Tunde Olaniran,2015,https://open.spotify.com/track/5YrkOgkJsk2c7kOZuhGmpm,,,
7256,playlists,,Bring Yo Friends,Tunji Ige,2016,https://open.spotify.com/track/54twSJr4f3abwuxtjiYIUv,,,
7257,playlists,,Heart Stop,Turbo,2020,https://open.spotify.com/track/5zWlfvM2AfeIaTdISgSsK6,,,
7258,playlists,,Heathens,Twenty One Pilots,2016,https://open.spotify.com/track/3vZM2544ETmOCCHuBPZRzm,,,
7259,playlists,,I Got Feelings,Twin Diplomacy,2025,https://open.spotify.com/track/3f5LJiAEHHZtW8bzF4qpNr,,,
7260,playlists,,Saturdays (feat. HAIM),"Twin Shadow, HAIM",2018,https://open.spotify.com/track/5ClqcvP4dYDDX6Zv3jPQD1,,,
7261,playlists,,Sunshine (feat. Anthony Hamilton),"Twista, Anthony Hamilton",2004,https://open.spotify.com/track/5y8WWi1BaKHXfuln0XoIZs,,,
7262,playlists,,Slow Jamz,"Twista, Kanye West, Jamie Foxx",2004,https://open.spotify.com/track/32UioUCnMFsr2UN7SvDyXj,,,
7263,playlists,,Overnight Celebrity (feat. Miri Ben-Ari),"Twista, Miri Ben-Ari",2004,https://open.spotify.com/track/024Q1MI4uaYHF6j2Q2ZYgF,,,
7264,playlists,,Go Fuck Yourself,Two Feet,2016,https://open.spotify.com/track/4NZrZgrRoR4GwR7flWOXRI,,,
7265,playlists,,Upgrade (CROOK's System Update),"twst, CROOK",2024,https://open.spotify.com/track/6pINwW2mGSK0LCDv6cYHMJ,,,
7266,playlists,,Kula,"Ty Burhoe, John Friend and Bill Douglas, Bill Douglas, John Friend, Ty Burhoe",2016,https://open.spotify.com/track/5y4QuleTJrYtsGuUVA7EGU,Kula,city,medium
7267,playlists,,Invocation,"Ty Burhoe, Sabir Khan and Krishna Das, Krishna Das, Sabir Khan, Ty Burhoe",2016,https://open.spotify.com/track/6SM8Kc9YAPttm1fdNChPcS,,,
7268,playlists,,All the Time,Ty Dolla $ign,2018,https://open.spotify.com/track/6YYvO0aaoOVVbsQxk3Zd7M,,,
7269,playlists,,Famous,Ty Dolla $ign,2018,https://open.spotify.com/track/0iacTXhIesaUMVLiDsBMIJ,,,
7270,playlists,,Famous Amy,Ty Dolla $ign,2018,https://open.spotify.com/track/22CtNBCe8wx8sdTLJ7O3wP,,,
7271,playlists,,Famous Excuses,Ty Dolla $ign,2018,https://open.spotify.com/track/1GHU4BsvvhKVCL01DG70Mp,,,
7272,playlists,,Famous Friends,Ty Dolla $ign,2018,https://open.spotify.com/track/6gPEObrT42zbvaQ8c0q6Yq,,,
7273,playlists,,Famous Last Words,Ty Dolla $ign,2018,https://open.spotify.com/track/5u9Ry2xLseqbMhEfp4CtCz,,,
7274,playlists,,Famous Lies,Ty Dolla $ign,2018,https://open.spotify.com/track/2EAbIrhPaI15yFQRSTg2AN,,,
7275,playlists,,Hottest in the City,Ty Dolla $ign,2019,https://open.spotify.com/track/22Fwimjd0oaL06eU7Aura4,,,
7276,playlists,,Message in a Bottle,Ty Dolla $ign,2018,https://open.spotify.com/track/4rULWnf7cVGutTnn6KLlFH,,,
7277,playlists,,Nate Howard Intro,Ty Dolla $ign,2018,https://open.spotify.com/track/3KrsOVHLo9akJsWtTt13J2,,,
7278,playlists,,Number,Ty Dolla $ign,2018,https://open.spotify.com/track/1DdO0Ng21zdAxEBHJkL6EM,,,
7279,playlists,,Side Effects,Ty Dolla $ign,2018,https://open.spotify.com/track/3u2xVADFNXoDQZURMjXvhF,,,
7280,playlists,,Clout (feat. 21 Savage),"Ty Dolla $ign, 21 Savage",2018,https://open.spotify.com/track/1u0CD4fcBUB1xrG9fNgejh,,,
7281,playlists,,Dawsin's Breek (feat. A$AP Rocky) [Remix],"Ty Dolla $ign, A$AP Rocky",2017,https://open.spotify.com/track/4dF64aLXD44dyt1DJfc29x,,,
7282,playlists,,"Track 6 (feat. Kanye West, Anderson .Paak & Thundercat)","Ty Dolla $ign, Anderson .Paak, Kanye West, Thundercat",2020,https://open.spotify.com/track/4XPzNUDXrSRjpFbd8CcQVu,,,
7283,playlists,,So Am I (feat. Damian Marley & Skrillex),"Ty Dolla $ign, Damian Marley, Skrillex",2018,https://open.spotify.com/track/1VJXeVuiJQc12bcZYDd8gT,,,
7284,playlists,,"Ego Death (feat. Kanye West, FKA twigs & Skrillex)","Ty Dolla $ign, FKA twigs, Skrillex, Kanye West",2020,https://open.spotify.com/track/3Q5cLvkKsHJvYltf8k7HkO,,,
7285,playlists,,South Beach (feat. Quavo & French Montana),"Ty Dolla $ign, French Montana, Quavo",2018,https://open.spotify.com/track/6mvXHfwY5pmeV5ipcGGpcQ,South Beach,pattern,low
7286,playlists,,Don't Sleep on Me (feat. Future & 24hrs),"Ty Dolla $ign, Future, 24hrs",2018,https://open.spotify.com/track/1mRiKd83wPVAEhgVltvPZV,,,
7287,playlists,,Don't Judge Me (feat. Future & Swae Lee),"Ty Dolla $ign, Future, Swae Lee",2018,https://open.spotify.com/track/1PecUaxWSzBeZoNM5zY75u,,,
7288,playlists,,Pineapple (feat. Gucci Mane & Quavo),"Ty Dolla $ign, Gucci Mane, Quavo",2018,https://open.spotify.com/track/2R7Gn3cjnPaVO0Oj8nsTDP,,,
7289,playlists,,Purple Emoji (feat. J. Cole),"Ty Dolla $ign, J. Cole",2019,https://open.spotify.com/track/3OJ4LEE50iFELaHiZ09zif,,,
7290,playlists,,I Won,"Ty Dolla $ign, Jack Harlow, 24kGoldn",2021,https://open.spotify.com/track/1viUV5EGlKGCiSveBfFeQg,,,
7291,playlists,,Dawsin's Breek (feat. Jeremih),"Ty Dolla $ign, Jeremih",2018,https://open.spotify.com/track/3DHFVz6SHsTlLIpRPxhHxn,,,
7292,playlists,,By Yourself (feat. Jhené Aiko & Mustard),"Ty Dolla $ign, Jhené Aiko, Mustard",2020,https://open.spotify.com/track/71hBQ9qHsZU2M3vDF8MtaN,,,
7293,playlists,,Wavy (feat. Joe Moses),"Ty Dolla $ign, Joe Moses",2016,https://open.spotify.com/track/70mIuBKGTPrWMwWq9D4F56,,,
7294,playlists,,Temptations (feat. Kid Cudi),"Ty Dolla $ign, Kid Cudi",2020,https://open.spotify.com/track/0SKbj3NTkGFS76OkFmAw0u,,,
7295,playlists,,In Your Phone (with Lauren Jauregui),"Ty Dolla $ign, Lauren Jauregui",2018,https://open.spotify.com/track/1m3tpad0StyCxZRHYsqZ33,,,
7296,playlists,,Love U Better (feat. Lil Wayne & The-Dream),"Ty Dolla $ign, Lil Wayne, THE-DREAM",2018,https://open.spotify.com/track/13kIiNgXiBHbbG9gWitSqO,,,
7297,playlists,,Lil Favorite (feat. MadeinTYO),"Ty Dolla $ign, MadeinTYO",2018,https://open.spotify.com/track/2Zt2ebUTOtwAw4Su11kWqK,,,
7298,playlists,,Expensive (feat. Nicki Minaj),"Ty Dolla $ign, Nicki Minaj",2020,https://open.spotify.com/track/0IAkpYTRomExXOUJonNMTR,,,
7299,playlists,,Stare (feat. Pharrell Williams & Wiz Khalifa),"Ty Dolla $ign, Pharrell Williams, Wiz Khalifa",2018,https://open.spotify.com/track/1mImxiunzhA7aNTlQNAXqd,,,
7300,playlists,,Spicy (feat. Post Malone),"Ty Dolla $ign, Post Malone",2020,https://open.spotify.com/track/5nWVyZaCwtfAkBnwDuXjBh,,,
7301,playlists,,BLACKS N MEXICANS (feat. ScHoolboy Q & B-Real),"Ty Dolla $ign, ScHoolboy Q, B-Real",2021,https://open.spotify.com/track/2x0bstZabBon41J1GmKBo8,,,
7302,playlists,,Droptop in the Rain (feat. Tory Lanez),"Ty Dolla $ign, Tory Lanez",2018,https://open.spotify.com/track/2sU3HteGBtrkfxXgzNHpO8,,,
7303,playlists,,3 Wayz (feat. Travis Scott),"Ty Dolla $ign, Travis Scott",2016,https://open.spotify.com/track/3BN86m6Dl6hYgOj2qo1gAg,,,
7304,playlists,,Drugs (feat. Wiz Khalifa),"Ty Dolla $ign, Wiz Khalifa",2018,https://open.spotify.com/track/1a66Fi0cTnE8c8lDjeNMDy,,,
7305,playlists,,Ex (feat. YG),"Ty Dolla $ign, YG",2017,https://open.spotify.com/track/1Mb187X5w3OUQNH6P5M28Y,,,
7306,playlists,,Simple (feat. Yo Gotti),"Ty Dolla $ign, Yo Gotti",2018,https://open.spotify.com/track/10NjuuFWru1Y02Dk5FE4z4,,,
7307,playlists,,Ay Caramba,Tyga,2022,https://open.spotify.com/track/057AXXbYFzwxq8tUdVS7Xn,,,
7308,playlists,,Lifetime,Tyga,2022,https://open.spotify.com/track/0aRdS1yGIgzIMhpVYHkp6l,,,
7309,playlists,,Lift Me Up,Tyga,2021,https://open.spotify.com/track/7bH9S0IHoM5kznWf1432zZ,,,
7310,playlists,,Lightskin Lil Wayne,Tyga,2019,https://open.spotify.com/track/1zZEly0sLmyDm75c1pAqYf,,,
7311,playlists,,Maykherkhum,Tyga,2019,https://open.spotify.com/track/4gi937XgdjaiTfH902EhqD,,,
7312,playlists,,Rack City,Tyga,2011,https://open.spotify.com/track/7LBohG6plAhWaHjuzi4CpY,,,
7313,playlists,,Sheikh Talk,Tyga,2022,https://open.spotify.com/track/34617Qo6OTu44BEEg2f9uG,,,
7314,playlists,,Shit I Like,Tyga,2019,https://open.spotify.com/track/120mPs6R3qBRxIEuIH1MW5,,,
7315,playlists,,Too Many,Tyga,2019,https://open.spotify.com/track/0CR60XwKbzgohE3I6NMjlR,,,
7316,playlists,,Trap Pussy,Tyga,2016,https://open.spotify.com/track/0q2jYubeuRNloVShjlu2HG,,,
7317,playlists,,VACATION,Tyga,2020,https://open.spotify.com/track/3na8Buyv9bWZ2BDjF4EGi8,,,
7318,playlists,,Werkkkk,Tyga,2019,https://open.spotify.com/track/6zDSBeavhGQZs53NiArKsB,,,
7319,playlists,,Goddamn (feat. A Boogie wit da Hoodie),"Tyga, A Boogie Wit da Hoodie",2019,https://open.spotify.com/track/4TCG827sk5fDEmUvcQlStk,,,
7320,playlists,,Made Me (feat. Bazzi),"Tyga, Bazzi",2019,https://open.spotify.com/track/45jYIJVqddvpQzOE04GJ5D,,,
7321,playlists,,Stash (feat. Blueface),"Tyga, Blueface",2019,https://open.spotify.com/track/1bFlyIMhjyZavdg5PXrkLs,,,
7322,playlists,,Pleazer,"Tyga, Boosie Badazz",2015,https://open.spotify.com/track/0rutYAUalcEsfUFg7Eg2EJ,,,
7323,playlists,,February Love (feat. Chris Brown),"Tyga, Chris Brown",2019,https://open.spotify.com/track/6pAaeIH6FuqdiweIogafXT,,,
7324,playlists,,Gucci Snakes,"Tyga, Desiigner",2016,https://open.spotify.com/track/2nnDjYwhCBBWFectcycARL,,,
7325,playlists,,Legendary (feat. Gunna),"Tyga, Gunna",2019,https://open.spotify.com/track/4yn0ftNHQSwsWE81h33y4K,,,
7326,playlists,,Haute (feat. J Balvin & Chris Brown),"Tyga, J Balvin, Chris Brown",2019,https://open.spotify.com/track/1jlnBQGP2DtSEhMgQaz7a7,,,
7327,playlists,,Feel Me,"Tyga, Kanye West",2017,https://open.spotify.com/track/2Cth0v1xri32oZ799rL3rl,,,
7328,playlists,,Lay You Down,"Tyga, Lil Wayne",2012,https://open.spotify.com/track/1DqLYYrlo7Em2o7eSv6sq3,,,
7329,playlists,,On Me (feat. Lil Wayne),"Tyga, Lil Wayne",2019,https://open.spotify.com/track/1msycdMqTjoKvrP3WiHMCQ,,,
7330,playlists,,Splash (feat. Moneybagg Yo),"Tyga, Moneybagg Yo",2021,https://open.spotify.com/track/3GW3dMxqIbl14cZtpLRQBy,,,
7331,playlists,,Dip (feat. Nicki Minaj),"Tyga, Nicki Minaj",2018,https://open.spotify.com/track/4hXDobvUaXyDFLnmecoY0z,,,
7332,playlists,,Taste (feat. Offset),"Tyga, Offset",2018,https://open.spotify.com/track/5IaHrVsrferBYDm0bDyABy,,,
7333,playlists,,Money Mouf,"Tyga, Saweetie, YG",2020,https://open.spotify.com/track/2ab4xGVMBb14NpPrj4xDq5,,,
7334,playlists,,Vibrate (feat. Swae Lee),"Tyga, Swae Lee",2019,https://open.spotify.com/track/67qz8HVZU1r0Q9MUJQ9AAi,,,
7335,playlists,,Playboy (feat. Vince Staples),"Tyga, Vince Staples",2017,https://open.spotify.com/track/4iuMysqpxQxTXrEO3jf371,,,
7336,playlists,,PARTy T1M3,"Tyga, YG",2023,https://open.spotify.com/track/5h6eWFlGK7NVcliVsmsV4L,,,
7337,playlists,,Adderall,Tyla Yaweh,2019,https://open.spotify.com/track/4ezRlDZyGC5OWUQmeWFmQ8,,,
7338,playlists,,Ain't What It Seems,Tyla Yaweh,2019,https://open.spotify.com/track/6wTETtoCIHQaNzLCAFNJ53,,,
7339,playlists,,Chiquita,Tyla Yaweh,2019,https://open.spotify.com/track/03lf5S8bhFv0dkx6ciQNGE,,,
7340,playlists,,Gemini,Tyla Yaweh,2019,https://open.spotify.com/track/7yWQRTDYazfVjFvmjtYfGQ,,,
7341,playlists,,High Right Now,Tyla Yaweh,2019,https://open.spotify.com/track/18LhA0zBzAa2YnhcN3hWGa,,,
7342,playlists,,Novacane,Tyla Yaweh,2019,https://open.spotify.com/track/13oQIvtvNRrhNJ4L9ImcoC,,,
7343,playlists,,She Bad,Tyla Yaweh,2018,https://open.spotify.com/track/7Im9JRMR5HVp9PmHjCsv75,,,
7344,playlists,,They Ain't You,Tyla Yaweh,2019,https://open.spotify.com/track/3tfxO1TvXXQ7HymM15lGt1,,,
7345,playlists,,Who Shot Johnny?,Tyla Yaweh,2019,https://open.spotify.com/track/0et3KfGLKitEvAnvzIa4X0,,,
7346,playlists,,Stuntin' On You (feat. DaBaby),"Tyla Yaweh, DaBaby",2020,https://open.spotify.com/track/341lTIxmhybbQsgydwJiFx,,,
7347,playlists,,Salute (feat. French Montana),"Tyla Yaweh, French Montana",2019,https://open.spotify.com/track/4JIPyaaceaEZtOJAWmzBzF,,,
7348,playlists,,Wraith Skating (feat. PnB Rock),"Tyla Yaweh, PnB Rock",2019,https://open.spotify.com/track/7gJPfXd1bWdfyKVIMS8rsq,,,
7349,playlists,,Tommy Lee (feat. Post Malone),"Tyla Yaweh, Post Malone",2020,https://open.spotify.com/track/5QZKcQDp0tCcvMdyqEciBV,,,
7350,playlists,,I Think I Luv Her (feat. YG),"Tyla Yaweh, YG",2019,https://open.spotify.com/track/6VYXuUz1nYMap8gtqeIrQB,,,
7351,playlists,,Feathered Indians,Tyler Childers,2017,https://open.spotify.com/track/2tgQaL85WoRfgEa4hFQgrE,,,
7352,playlists,,Oneida,Tyler Childers,2025,https://open.spotify.com/track/5dUCixiCL0CcIUdlgUl1ct,,,
7353,playlists,,435,"Tyler, The Creator",2018,https://open.spotify.com/track/5xJeZ6tLPOXNIrrphEIuay,,,
7354,playlists,,A BOY IS A GUN*,"Tyler, The Creator",2019,https://open.spotify.com/track/1nXZnTALNXiPlvXotqHm66,,,
7355,playlists,,ARE WE STILL FRIENDS?,"Tyler, The Creator",2019,https://open.spotify.com/track/5TxRUOsGeWeRl3xOML59Ai,,,
7356,playlists,,Big Bag,"Tyler, The Creator",2018,https://open.spotify.com/track/1flloiRJOCenDSSjnuHGln,,,
7357,playlists,,Cindy Lou's Wish,"Tyler, The Creator",2018,https://open.spotify.com/track/5RZZNUcJc9DthLneJjcqyW,,,
7358,playlists,,DOGTOOTH,"Tyler, The Creator",2023,https://open.spotify.com/track/0judK8TqYfvwUohBngUxrE,,,
7359,playlists,,Domo23,"Tyler, The Creator",2013,https://open.spotify.com/track/6cptY7FTu1MccbY9PACAtj,,,
7360,playlists,,EARFQUAKE,"Tyler, The Creator",2019,https://open.spotify.com/track/5hVghJ4KaYES3BFUATCYn0,,,
7361,playlists,,EXACTLY WHAT YOU RUN FROM YOU END UP CHASING,"Tyler, The Creator",2019,https://open.spotify.com/track/5e4LIAQI0bClLazNf2gZV0,,,
7362,playlists,,"GONE, GONE / THANK YOU","Tyler, The Creator",2019,https://open.spotify.com/track/1hz7SRTGUNAtIQ46qiNv2p,,,
7363,playlists,,I DON'T LOVE YOU ANYMORE,"Tyler, The Creator",2019,https://open.spotify.com/track/5A0M6B0RBSXSNWv0wcppZ9,,,
7364,playlists,,I THINK,"Tyler, The Creator",2019,https://open.spotify.com/track/4f8Mh5wuWHOsfXtzjrJB3t,,,
7365,playlists,,IGOR'S THEME,"Tyler, The Creator",2019,https://open.spotify.com/track/51RN0kzWd7xeR4th5HsEtW,,,
7366,playlists,,LUMBERJACK,"Tyler, The Creator",2021,https://open.spotify.com/track/64v1g2HcPumBz2Wd1rT56b,,,
7367,playlists,,NEW MAGIC WAND,"Tyler, The Creator",2019,https://open.spotify.com/track/0fv2KH6hac06J86hBUTcSf,,,
7368,playlists,,OKRA,"Tyler, The Creator",2018,https://open.spotify.com/track/74ZovzRxHBvCq5yIwe8boh,,,
7369,playlists,,PUPPET,"Tyler, The Creator",2019,https://open.spotify.com/track/0wEC0GNF74lAqrEFZJMl1m,,,
7370,playlists,,RUNNING OUT OF TIME,"Tyler, The Creator",2019,https://open.spotify.com/track/5QvBXUm5MglLJ3iBfTX2Wo,,,
7371,playlists,,SORRY NOT SORRY,"Tyler, The Creator",2023,https://open.spotify.com/track/410ZZP746AQeiywhKvXWCo,,,
7372,playlists,,WHAT'S GOOD,"Tyler, The Creator",2019,https://open.spotify.com/track/6bOkaEXc5CopinGazSLokx,,,
7373,playlists,,Whoville,"Tyler, The Creator",2018,https://open.spotify.com/track/0W4FJRyxu6MKl8kKk3p3sj,,,
7374,playlists,,LEMONHEAD (feat. 42 Dugg),"Tyler, The Creator, 42 Dugg",2021,https://open.spotify.com/track/5fbHRCsGpFIOLRtlhCRFDR,,,
7375,playlists,,911 / Mr. Lonely (feat. Frank Ocean & Steve Lacy),"Tyler, The Creator, Frank Ocean, Steve Lacy",2017,https://open.spotify.com/track/4bEcoz1OcfMgUbp2ft8ieQ,,,
7376,playlists,,Hot Chocolate (feat. Jerry Paper),"Tyler, The Creator, Jerry Paper",2018,https://open.spotify.com/track/5sqauLoaH1jrHLg6Abpkj0,,,
7377,playlists,,See You Again (feat. Kali Uchis),"Tyler, The Creator, Kali Uchis",2017,https://open.spotify.com/track/7KA4W4McWYRpgf0fWsJZWB,,,
7378,playlists,,JUGGERNAUT (feat. Lil Uzi Vert & Pharrell Williams),"Tyler, The Creator, Lil Uzi Vert, Pharrell Williams",2021,https://open.spotify.com/track/7z4xW9WY86uH3gd1V9pfCM,,,
7379,playlists,,HOT WIND BLOWS (feat. Lil Wayne),"Tyler, The Creator, Lil Wayne",2021,https://open.spotify.com/track/3JJL91ilRV6fXhKqu0FGXs,,,
7380,playlists,,Boredom (feat. Rex Orange County & Anna of the North),"Tyler, The Creator, Rex Orange County, Anna of the North",2017,https://open.spotify.com/track/5WNYg3usc6H8N3MBEp4zVk,,,
7381,playlists,,When Gloves Come Off (feat. Ryan Beatty),"Tyler, The Creator, Ryan Beatty",2018,https://open.spotify.com/track/7A5zSSX7AAVRhcTmIaKcf6,Comé,city,medium
7382,playlists,,Lights On (feat. Ryan Beatty & Santigold),"Tyler, The Creator, Ryan Beatty, Santigold",2018,https://open.spotify.com/track/3ILZNhiwZtZ3fVVI65WC6e,,,
7383,playlists,,STUNTMAN (feat. Vince Staples),"Tyler, The Creator, Vince Staples",2023,https://open.spotify.com/track/6S4WM9LW6oGkAtBFePffh2,,,
7384,playlists,,WUSYANAME (feat. Youngboy Never Broke Again & Ty Dolla $ign),"Tyler, The Creator, YoungBoy Never Broke Again, Ty Dolla $ign",2021,https://open.spotify.com/track/5B0kgjHULYJhAQkK5XsMoC,,,
7385,playlists,,Int'l Players Anthem (I Choose You),"UGK, Outkast",2006,https://open.spotify.com/track/0DgY053iwPDydoRymeGVZX,,,
7386,playlists,,Water,Ugly God,2016,https://open.spotify.com/track/6HEIBHUirx1J0JkUD24szt,,,
7387,playlists,,Hello (feat. Lil Pump) - Bonus Track,"Ugly God, Lil Pump",2019,https://open.spotify.com/track/7HNhyjMiTMDDDJixTS0yn0,,,
7388,playlists,,Poplife,"umru, underscores",2025,https://open.spotify.com/track/2cClnOEBnNJWxbLuTFVIgK,,,
7389,playlists,,Follow Me,Uncle Kracker,2000,https://open.spotify.com/track/4KoecuyOpZaNFZ0UqVsllc,,,
7390,playlists,,Unlimited Love,underscores,2026,https://open.spotify.com/track/7tCX63cXtClUjasZyBwSkW,,,
7391,playlists,,Locals (Girls like us) [with gabby start],"underscores, gabby start",2023,https://open.spotify.com/track/0MK6lVnmhVulpP62vkZBWV,,,
7392,playlists,,Do It - Yves Remix,"underscores, Yves",2026,https://open.spotify.com/track/27v8QdBidbC5idqWHqPBBj,,,
7393,playlists,,Born Slippy (Nuxx),Underworld,2014,https://open.spotify.com/track/7xQYVjs4wZNdCwO0EeAWMC,,,
7394,playlists,,Hunnybee,Unknown Mortal Orchestra,2018,https://open.spotify.com/track/6AAYNz8jXvVlgG9IpYi42Z,,,
7395,playlists,,Multi-Love,Unknown Mortal Orchestra,2015,https://open.spotify.com/track/1XKAeevAbxSSMuTcRT0APS,,,
7396,playlists,,So Good At Being in Trouble,Unknown Mortal Orchestra,2013,https://open.spotify.com/track/5VarZFY00sO54HErJ3TPCI,,,
7397,playlists,,Come Together,"Urbandawn, Tyson Kelly",2019,https://open.spotify.com/track/44PQeBu7z7gIeDMdRzdI5D,Comé,city,medium
7398,playlists,,Love in This Club (feat. Young Jeezy),"USHER, Jeezy",2008,https://open.spotify.com/track/5j0McHPthKpOXRr3fBq8M0,,,
7399,playlists,,SexBeat,"USHER, Lil Jon, Ludacris",2020,https://open.spotify.com/track/6u7nfDFpwoDhtnXv9eRI5C,,,
7400,playlists,,Yeah! (feat. Lil Jon & Ludacris),"USHER, Lil Jon, Ludacris",2004,https://open.spotify.com/track/5rb9QrpfcKFHM1EUbSIurX,,,
7401,playlists,,DJ Got Us Fallin' In Love (feat. Pitbull),"USHER, Pitbull",2010,https://open.spotify.com/track/5tXyNhNcsnn7HbcABntOSf,,,
7402,playlists,,OMG (feat. will.i.am),"USHER, will.i.am",2010,https://open.spotify.com/track/1bM50INir8voAkVoKuvEUI,,,
7403,playlists,,Wobble,V.I.C.,2008,https://open.spotify.com/track/6JLcz9UGiVxAmEZXlCucn5,,,
7404,playlists,,Womp Womp,"Valee, Jeremih",2018,https://open.spotify.com/track/1G5ho820Xi2Qu3HsBZ26ft,,,
7405,playlists,,Morning Star,Valentin Saint-Clair,2016,https://open.spotify.com/track/66QMrznRVIbxYUyrjIuapv,,,
7406,playlists,,Harmony Hall,Vampire Weekend,2019,https://open.spotify.com/track/39exKIvycQDgs4T6uXdyu0,,,
7407,playlists,,This Life,Vampire Weekend,2019,https://open.spotify.com/track/4dRqYKhLVujxiBXcq50YzG,,,
7408,playlists,,Brown Eyed Girl,Van Morrison,1967,https://open.spotify.com/track/3yrSvpt2l1xhsV9Em88Pul,,,
7409,playlists,,Georgia,Vance Joy,2014,https://open.spotify.com/track/429EttO8gs0bDo2SQfUNSm,Georgia,us_state,high
7410,playlists,,Closure,"Vancouver Sleep Clinic, Drew Love",2018,https://open.spotify.com/track/0jBU9PMcOpikb0kUtDQiJm,,,
7411,playlists,,Ice Ice Baby,Vanilla Ice,2008,https://open.spotify.com/track/3XVozq1aeqsJwpXrEZrDJ9,,,
7412,playlists,,Metamodernity,Vansire,2019,https://open.spotify.com/track/4RGWHfQeJftd5XrP8JUgFj,,,
7413,playlists,,That I Miss You,Vansire,2018,https://open.spotify.com/track/7szBZqBJuj9eAC8HJ4CyTM,,,
7414,playlists,,feelz,veeta,2021,https://open.spotify.com/track/4oZ5RvC0slOxIo7cMKty7T,,,
7415,playlists,,"Boom, Boom, Boom, Boom!!",Vengaboys,2009,https://open.spotify.com/track/65OXGbKBQ8gUyJvUd0jNpf,,,
7416,playlists,,A Morning Song,"Verdell Primeaux, Johnny Mike, Johnny Mike, Verdell Primeaux",2016,https://open.spotify.com/track/0WU6Yld7tOhIFM9pDFt0xE,,,
7417,playlists,,Sports,Viagra Boys,2018,https://open.spotify.com/track/56yeb6zxKn9aNjLyvbs1BM,,,
7418,playlists,,16 Shots,VIC MENSA,2016,https://open.spotify.com/track/5YqYLur57vzjL0Ts8fk0G2,,,
7419,playlists,,Card Cracker - Skit,VIC MENSA,2017,https://open.spotify.com/track/0DusYtHmHLFzPYU9uCLwAj,,,
7420,playlists,,Coffee & Cigarettes,VIC MENSA,2017,https://open.spotify.com/track/3tlYXAcGFSwa2Yh7uYGXw4,,,
7421,playlists,,Danger,VIC MENSA,2016,https://open.spotify.com/track/5l8A3iI1abu4cpE9fxcczM,,,
7422,playlists,,Dark Things,VIC MENSA,2018,https://open.spotify.com/track/7rY1py6YVjgxYPYTi5z460,,,
7423,playlists,,Down On My Luck,VIC MENSA,2015,https://open.spotify.com/track/0fRsAGSCbEjdSYM1U3NYx2,,,
7424,playlists,,Dynasty,VIC MENSA,2016,https://open.spotify.com/track/0pgCd8tZhZCo2mC0AnFSZo,,,
7425,playlists,,Klonopin,VIC MENSA,2018,https://open.spotify.com/track/4DIHeElqQbFQv31kL3a0jL,,,
7426,playlists,,Liquor Locker,VIC MENSA,2016,https://open.spotify.com/track/5YbrqNUUleF39Ai3b3ruQy,,,
7427,playlists,,Memories On 47th St.,VIC MENSA,2017,https://open.spotify.com/track/7dwwYpvIFwFp7Y8JI5XUgV,Memories On 47th St.,pattern,low
7428,playlists,,New Bae,VIC MENSA,2016,https://open.spotify.com/track/4PYICbxa2pc51H4yRnwg9L,,,
7429,playlists,,Rage,VIC MENSA,2017,https://open.spotify.com/track/7JoLpBmUwWILKJRBCy6CpM,,,
7430,playlists,,Rollin' Like A Stoner,VIC MENSA,2017,https://open.spotify.com/track/5gdy0ytFSBQykiYc5NmhJL,,,
7431,playlists,,Say I Didn't,VIC MENSA,2017,https://open.spotify.com/track/1LNGHjAygCIkg42PbyXBYk,,,
7432,playlists,,Shades Of Blue,VIC MENSA,2016,https://open.spotify.com/track/1TpeT2PWnAv9NDbqK1qy6J,,,
7433,playlists,,The Fire Next Time,VIC MENSA,2017,https://open.spotify.com/track/4wQCqYgqrOoDQIb6FyUbOk,,,
7434,playlists,,There's Alot Going On,VIC MENSA,2016,https://open.spotify.com/track/5XSQ9gBCM5iableEqmzUIC,,,
7435,playlists,,Victor,VIC MENSA,2023,https://open.spotify.com/track/2dpTjohMJBb22iCB0iUkkg,,,
7436,playlists,,VICTORY,VIC MENSA,2021,https://open.spotify.com/track/6h8EXUR98HmYoe3qca9oPW,,,
7437,playlists,,THE TASTE feat. BJ The Chicago Kid & Papi Beatz,"VIC MENSA, BJ The Chicago Kid, Papi Beatz",2021,https://open.spotify.com/track/58aAwDsUeZsl5DjBkqMuBG,Chicago,city,high
7438,playlists,,The 1 That Got Away/No Shoes (feat. Charlie Wilson),"VIC MENSA, Charlie Wilson",2018,https://open.spotify.com/track/1DCmC5quOsPUTj7zxXlK41,,,
7439,playlists,,Down For Some Ignorance (Ghetto Lullaby),"VIC MENSA, Chief Keef, Joey Purp",2017,https://open.spotify.com/track/4m3jwJ9y6MSkkBxVZIVo7X,,,
7440,playlists,,Rowdy (feat. G Herbo),"VIC MENSA, G Herbo",2018,https://open.spotify.com/track/5JjRAZ76LYFN0Ww73WVzlr,,,
7441,playlists,,Reverse (feat. G-Eazy),"VIC MENSA, G-Eazy",2018,https://open.spotify.com/track/5Vvu6MkyvNVdbsD5oV49Aw,,,
7442,playlists,,$WISH ft. G-Eazy and Chance The Rapper,"VIC MENSA, G-Eazy, Chance the Rapper",2023,https://open.spotify.com/track/2xWTbOsDclkxRarvshyReu,,,
7443,playlists,,Dancing In The Streetz (feat. Jesse),"VIC MENSA, Jesse®",2018,https://open.spotify.com/track/6cGVVuHCE2gj2LEPAn5Tgb,,,
7444,playlists,,Summer's Over,"VIC MENSA, Keyon Christ",2019,https://open.spotify.com/track/7C0o3HS1kkrtFNH437Et5o,,,
7445,playlists,,NO MORE TEARDROPS feat. Malik Yusef & Wyatt Waddell,"VIC MENSA, Malik Yusef, Wyatt Waddell",2020,https://open.spotify.com/track/3g2oTDIRQMLuxhV4UVSuBc,,,
7446,playlists,,Deserve It (feat. Mr Hudson),"VIC MENSA, Mr Hudson",2018,https://open.spotify.com/track/2VqgxwwVAoqKO0kNJnBHmP,,,
7447,playlists,,Wings,"VIC MENSA, Pharrell Williams, Saul Williams",2017,https://open.spotify.com/track/0ZXCCjuDForW3YZAlAdN3t,,,
7448,playlists,,OMG,"VIC MENSA, Pusha T",2017,https://open.spotify.com/track/0Ysg2hImEOzwOfC6giCSbg,,,
7449,playlists,,Homewrecker,"VIC MENSA, Rivers Cuomo",2017,https://open.spotify.com/track/0egkjS4XoUQphG1Wep6rvp,,,
7450,playlists,,2HONEST feat. SAINt JHN,"VIC MENSA, SAINt JHN",2020,https://open.spotify.com/track/0iHGKZiXJ5Mqq14MJ9mjxg,,,
7451,playlists,,Gorgeous,"VIC MENSA, Syd",2017,https://open.spotify.com/track/4OriJibT7zCZu4HXw12eYv,,,
7452,playlists,,Heaven On Earth,"VIC MENSA, The Dream",2017,https://open.spotify.com/track/6JM2UUNkKHze9KjOCoLqOJ,,,
7453,playlists,,In Some Trouble (feat. Ty Dolla $ign),"VIC MENSA, Ty Dolla $ign",2018,https://open.spotify.com/track/6YzKiybBGTQ4JvYyWS3PDD,,,
7454,playlists,,We Could Be Free,"VIC MENSA, Ty Dolla $ign",2017,https://open.spotify.com/track/4QdjgjQW12fAGoNfasjs4e,,,
7455,playlists,,"SHELTER ft Wyclef Jean, ft Chance The Rapper","VIC MENSA, Wyclef Jean, Chance the Rapper",2021,https://open.spotify.com/track/2nKaHCeL3e5DNl3P7eZ5uo,,,
7456,playlists,,Visions,Villain Park,2019,https://open.spotify.com/track/6JYFgT0ptbosqGcycrZK8c,,,
7457,playlists,,(562) 453-9382 - Skit,Vince Staples,2018,https://open.spotify.com/track/4jpNXblh7YDEjbhyNo2uND,,,
7458,playlists,,745,Vince Staples,2017,https://open.spotify.com/track/2fRoKHW3lzNUKIUTade8nL,,,
7459,playlists,,Alyssa Interlude,Vince Staples,2017,https://open.spotify.com/track/1AdmqWMl7MCSRMKpwiH0yU,,,
7460,playlists,,ARE YOU WITH THAT?,Vince Staples,2021,https://open.spotify.com/track/5OFEJMirg4NPz7G1zgXDYu,,,
7461,playlists,,BagBak,Vince Staples,2017,https://open.spotify.com/track/5POEFQCKtD0QxYLfZ2kqEx,,,
7462,playlists,,Big Fish,Vince Staples,2017,https://open.spotify.com/track/6eL1ncVDtQHgSm3E288TS7,,,
7463,playlists,,Big Time,Vince Staples,2016,https://open.spotify.com/track/69C96XLxbkGtlAwhOaz2kq,,,
7464,playlists,,Brand New Tyga - Interlude,Vince Staples,2018,https://open.spotify.com/track/3b0Voi6WMkuyX7EVa6QKgA,,,
7465,playlists,,Crabs In A Bucket,Vince Staples,2017,https://open.spotify.com/track/0RxSL5kjZXO45l38vVerNO,,,
7466,playlists,,Don't Get Chipped,Vince Staples,2018,https://open.spotify.com/track/3NV4DUVDd2qubFtp4CgQ3p,,,
7467,playlists,,Feels Like Summer,Vince Staples,2018,https://open.spotify.com/track/5zEeiQbazUWskpZNhnh6i2,,,
7468,playlists,,FUN!,Vince Staples,2018,https://open.spotify.com/track/41uX0L4bro4KfKtDIIEFFe,,,
7469,playlists,,Get The Fuck Off My Dick,Vince Staples,2018,https://open.spotify.com/track/2jdAqci2mLt0Njv8euSZWS,,,
7470,playlists,,Homage,Vince Staples,2017,https://open.spotify.com/track/1qSI0rdziYSXKV7oRMO1ls,,,
7471,playlists,,LAW OF AVERAGES,Vince Staples,2021,https://open.spotify.com/track/5H9dz6nY2JtAvtSkX8Xj5K,,,
7472,playlists,,Let It Shine,Vince Staples,2016,https://open.spotify.com/track/4mGPJXOvOMfEP045i1vERw,,,
7473,playlists,,Love Can Be...,Vince Staples,2017,https://open.spotify.com/track/6q0wu4qjc9XVyqqRv7vlMZ,,,
7474,playlists,,New earlsweatshirt - Interlude,Vince Staples,2018,https://open.spotify.com/track/2jLVXSoCCuUDD6HUU6CaY5,,,
7475,playlists,,No Bleedin,Vince Staples,2018,https://open.spotify.com/track/4iXyMgD3jJ2GnKJKBfs4fB,,,
7476,playlists,,Outside!,Vince Staples,2018,https://open.spotify.com/track/1FVUFtrQnIqgwEXrRb2Qrr,,,
7477,playlists,,Party People,Vince Staples,2017,https://open.spotify.com/track/2MIXhD9W7WL1Txd4Z7bU49,,,
7478,playlists,,Pimp Hand,Vince Staples,2016,https://open.spotify.com/track/6pNzEI9Fyf981Wr9mhJ8Bp,,,
7479,playlists,,Rain Come Down,Vince Staples,2017,https://open.spotify.com/track/2zHmESGHFkWNllG1QvzBxT,Comé,city,medium
7480,playlists,,Ramona Park Is Yankee Stadium,Vince Staples,2017,https://open.spotify.com/track/3hJkeEjwi8foYgWDZnWKTB,Yankee Stadium; Ramona; Ramona Park,landmark; city; pattern,high
7481,playlists,,Relay,Vince Staples,2018,https://open.spotify.com/track/02sObHgWwieFWa9zWIi6gF,,,
7482,playlists,,Run the Bands,Vince Staples,2018,https://open.spotify.com/track/2WhmaCir1p0bXaiOaRLe3C,,,
7483,playlists,,SAMO,Vince Staples,2017,https://open.spotify.com/track/2kLI3WeOPoP5rLP1lXr6nH,,,
7484,playlists,,Sheet Music - Episode 02,Vince Staples,2019,https://open.spotify.com/track/1WcnFCRTDDEmyXwAZC4rGI,,,
7485,playlists,,Smile,Vince Staples,2016,https://open.spotify.com/track/5SNPmbE3OcIVUlzQj9M32N,,,
7486,playlists,,Tweakin',Vince Staples,2018,https://open.spotify.com/track/6b6liLOZhXdOfFBFVN5KNK,,,
7487,playlists,,War Ready,Vince Staples,2016,https://open.spotify.com/track/2HwqshjCe5Tuvq2s6Fx3K5,,,
7488,playlists,,WHEN SPARKS FLY,Vince Staples,2022,https://open.spotify.com/track/1jhdCONafFj1hzJsPvZx27,,,
7489,playlists,,Yeah Right,Vince Staples,2017,https://open.spotify.com/track/35tWhD29yvWwB0IDRr6zsL,,,
7490,playlists,,"Yo Love - From ""Queen & Slim: The Soundtrack""","Vince Staples, 6LACK, Mereba",2019,https://open.spotify.com/track/3Vj8RQkFwOmDvUrwu6MtQZ,,,
7491,playlists,,Prima Donna,"Vince Staples, A$AP Rocky",2016,https://open.spotify.com/track/1PjKowBEfdICVBaxJDPsvm,,,
7492,playlists,,Loco,"Vince Staples, Kilo Kish",2016,https://open.spotify.com/track/1UledP7E5IenOcwl2oZaSu,,,
7493,playlists,,MAGIC,"Vince Staples, Mustard",2022,https://open.spotify.com/track/5FvXe5bz4nQQ4eBaitt4EC,,,
7494,playlists,,Home,"Vince Staples, Richie Kohan",2018,https://open.spotify.com/track/7pBsquIkbED6W6uSQJGbkn,,,
7495,playlists,,Jump Off The Roof,"Vince Staples, Snoh Aalegra",2015,https://open.spotify.com/track/1deetO7jeQqMH2C7kSH32a,,,
7496,playlists,,Limos,"Vince Staples, Teyana Taylor",2014,https://open.spotify.com/track/5nFur5SMzdpP4obWLrBFD3,,,
7497,playlists,,Opps (with Yugen Blakrok),"Vince Staples, Yugen Blakrok",2018,https://open.spotify.com/track/7bUcBztfGqO7cSI2gMZeCI,,,
7498,playlists,,Birds of Paradise,Vincent Bruley,2016,https://open.spotify.com/track/18elT44B24zQcq0NPUxOgg,,,
7499,playlists,,Bad Cop,"VINNE, Dillon Francis",2024,https://open.spotify.com/track/2n4YYAXNgrIiLzdTfld9Rv,,,
7500,playlists,,Weak,"Vintage Culture, Maverick Sabre, Tom Breu",2024,https://open.spotify.com/track/37uMiu52DbSIx3SJ3sGDow,,,
7501,playlists,,Doses & Mimosas (Vintage Culture & Zerky Remix) - Radio Edit,"Vintage Culture, Zerky, Cherub",2021,https://open.spotify.com/track/3yZsBXwiQkqLjnWYip17Uu,,,
7502,playlists,,Delicate Limbs (feat. serpentwithfeet),"Virgil Abloh, serpentwithfeet",2021,https://open.spotify.com/track/781pCS1OuWtdIYyNVPV86K,,,
7503,playlists,,Thank You [Not So Bad],"VIZE, felix jaehn",2020,https://open.spotify.com/track/4AqN8IdKCfItCSbuaFch81,,,
7504,playlists,,Never Let Me Down,"VIZE, Tom Gregory",2020,https://open.spotify.com/track/3bXiWZWR3CoZbhcsqfsMNa,,,
7505,playlists,,Tiderays,Volcano Choir,2013,https://open.spotify.com/track/7eEEgizmmwDNvdUI7yOiAF,,,
7506,playlists,,Not Outside,Vory,2020,https://open.spotify.com/track/3TV522xh9wNCA7yUidpPRd,,,
7507,playlists,,You Got It,Vory,2019,https://open.spotify.com/track/1ugsm8Ri9LF1RTOV1EHIyd,,,
7508,playlists,,No Hands (feat. Roscoe Dash & Wale),"Waka Flocka Flame, Roscoe Dash, Wale",2010,https://open.spotify.com/track/03tqyYWC9Um2ZqU0ZN849H,,,
7509,playlists,,BGM,Wale,2019,https://open.spotify.com/track/3esvDcTwxWDinOl0tAGfC9,,,
7510,playlists,,BYGPW (Colors),Wale,2020,https://open.spotify.com/track/2vhwfg6YqfWJNNsx7m9oWX,,,
7511,playlists,,Good Vibes (Za),Wale,2021,https://open.spotify.com/track/0Yoat9aoKcCogReAE6swRM,,,
7512,playlists,,MAAJO,Wale,2020,https://open.spotify.com/track/7m9FOP6AJnwVVGie55oMms,,,
7513,playlists,,Max Julien,Wale,2023,https://open.spotify.com/track/6qYCswyML9pHuvYDBdZJYd,,,
7514,playlists,,Smoking On Soprano (S.O.S.),Wale the Sage,2022,https://open.spotify.com/track/3M67HP1R5myqeIDySRyCqa,,,
7515,playlists,,Expectations (feat. 6LACK),"Wale, 6LACK",2019,https://open.spotify.com/track/3oYod1daHuFMb2Z0FG79OE,,,
7516,playlists,,Flawed (feat. Gunna),"Wale, Gunna",2020,https://open.spotify.com/track/2W9fORGdpOPoCvkbCZL9t8,,,
7517,playlists,,Poke It Out (feat. J. Cole),"Wale, J. Cole, Cool & Dre",2021,https://open.spotify.com/track/1IeCWMwZs4rCmwPOjZYWN7,,,
7518,playlists,,On Chill (feat. Jeremih),"Wale, Jeremih",2019,https://open.spotify.com/track/5z51HY4ei5QhTjcvwq5Msw,,,
7519,playlists,,The Body (feat. Jeremih),"Wale, Jeremih",2015,https://open.spotify.com/track/1cOi4OoRlpOznxiRa8FfHf,,,
7520,playlists,,Running Back (feat. Lil Wayne),"Wale, Lil Wayne",2017,https://open.spotify.com/track/4mAhZaSrcVD6cJWA6IqFrk,,,
7521,playlists,,Sabotage (feat. Lloyd),"Wale, Lloyd",2011,https://open.spotify.com/track/62QoaGNhjV9PkFUqK2lOVx,,,
7522,playlists,,Diary,"Wale, Marsha Ambrosius",2009,https://open.spotify.com/track/1VRbSOcWgp8learvsE1bmr,,,
7523,playlists,,Down South (feat. Yella Beezy & Maxo Kream),"Wale, Maxo Kream, Yella Beezy",2021,https://open.spotify.com/track/3iBTlAs9ki435FDkt7LXUA,,,
7524,playlists,,Routine (feat. Rick Ross & Meek Mill),"Wale, Meek Mill, Rick Ross",2019,https://open.spotify.com/track/5MqPHMhLXyZDDPHMGEF6MQ,,,
7525,playlists,,Lotus Flower Bomb (feat. Miguel),"Wale, Miguel",2011,https://open.spotify.com/track/3MAgQuClHcAV8E9CbeBS6f,,,
7526,playlists,,Bad (feat. Rihanna) - Remix,"Wale, Rihanna",2013,https://open.spotify.com/track/2dOGYtojJQzZcApzYmmb6I,,,
7527,playlists,,The Bloom (AG3),"Wale, Stokely Williams",2015,https://open.spotify.com/track/3DIVCg9ttv79atkxohpFPI,,,
7528,playlists,,The Need to Know (feat. SZA),"Wale, SZA",2015,https://open.spotify.com/track/6KacmqPPQ3LNoiGFuqGChs,,,
7529,playlists,,Slippin' Into Darkness,War,2016,https://open.spotify.com/track/5IDmJ2xMwIUkSTPgGcgi3D,,,
7530,playlists,,The Mission,Warm Brew,2016,https://open.spotify.com/track/5FFDmLZT30zwOF1XzWOSsj,,,
7531,playlists,,Regulate,"Warren G, Nate Dogg",1994,https://open.spotify.com/track/5EEOjaJyWvfMglmEwf9bG3,,,
7532,playlists,,And You Know That,"Warren G, Ty Dolla $ign",2020,https://open.spotify.com/track/5gvvxVAhrUGkpLBHhtdDAa,,,
7533,playlists,,Feel It All Around,Washed Out,2009,https://open.spotify.com/track/4V0x90QcMh4ZxwHzEWOdtK,,,
7534,playlists,,Family Tree (feat. Maino),"Water Will, Maino",2016,https://open.spotify.com/track/6p62LcB4suzsMLvMKBKmMc,,,
7535,playlists,,La Samba,"Wax Motif, Riordan",2023,https://open.spotify.com/track/6N8VWb3F4GPP3pwj1jaDNU,Samba,city,high
7536,playlists,,Beverly Hills,Weezer,2005,https://open.spotify.com/track/1yKu2MhpwzDXXH2tzG6xoa,Beverly Hills,region,high
7537,playlists,,Hash Pipe,Weezer,2001,https://open.spotify.com/track/2mPMFJvQ0v27gVqe5b6nDn,,,
7538,playlists,,Island In The Sun,Weezer,2001,https://open.spotify.com/track/2MLHyLy5z5l5YRp7momlgw,,,
7539,playlists,,Say It Ain't So,Weezer,1994,https://open.spotify.com/track/4YPhn26bIFm2KUkL1VLzQG,,,
7540,playlists,,you and i,wes mills,2024,https://open.spotify.com/track/5tHVosoCX8FcLGV0nCDgPb,,,
7541,playlists,,Jordan Belfort,"Wes Walker, Dyl",2015,https://open.spotify.com/track/6qMXubogFdMrvVMJwqATzd,Jordan; Belfort,country; city,medium
7542,playlists,,Get This Party Started,Westend,2021,https://open.spotify.com/track/3aBNMuz8S7wZguV8xuwLem,,,
7543,playlists,,Live 95,WESTSIDE BOOGIE,2019,https://open.spotify.com/track/55UZjOb4sWb287xWuuz7gb,,,
7544,playlists,,Lolsmh - Interlude,WESTSIDE BOOGIE,2019,https://open.spotify.com/track/0hcHVWcYDDWPwUkgQAacTc,,,
7545,playlists,,Self Destruction,WESTSIDE BOOGIE,2019,https://open.spotify.com/track/5pdon0TCPmACVq1ehsGboy,,,
7546,playlists,,Silent Ride,WESTSIDE BOOGIE,2019,https://open.spotify.com/track/3UebVboi5nMHLgja4UrZaG,,,
7547,playlists,,Skydive,WESTSIDE BOOGIE,2019,https://open.spotify.com/track/0bgCMcpNvjH92GTQfZMvp4,,,
7548,playlists,,Swap Meet,WESTSIDE BOOGIE,2019,https://open.spotify.com/track/55tFMkzZiWDvQDaH6ngUwP,,,
7549,playlists,,Tired/Reflections,WESTSIDE BOOGIE,2019,https://open.spotify.com/track/515Xrd7u7EHy7xBLnoAO0A,,,
7550,playlists,,Skydive II (feat. 6LACK),"WESTSIDE BOOGIE, 6LACK",2019,https://open.spotify.com/track/0UPFerZ0voLFW8uIogZhUg,,,
7551,playlists,,Whose Fault (feat. Christian Scott aTunde Adjuah),"WESTSIDE BOOGIE, Christian Scott aTunde Adjuah",2019,https://open.spotify.com/track/5swqdDzbhWfuF9me3n49E8,,,
7552,playlists,,AIGHT (feat. Shelley FKA DRAM),"WESTSIDE BOOGIE, DRAM",2022,https://open.spotify.com/track/7GI7QNI80ms5XVAdS6fujG,,,
7553,playlists,,Rainy Days (feat. Eminem),"WESTSIDE BOOGIE, Eminem",2019,https://open.spotify.com/track/015jLlgBeSkl3CApWJhlv7,,,
7554,playlists,,Soho (feat. JID),"WESTSIDE BOOGIE, JID",2019,https://open.spotify.com/track/35Rbqn962gEydsN1VKOC3T,Soho,region,high
7555,playlists,,Outside (with Joey Bada$$),"WESTSIDE BOOGIE, Joey Bada$$",2020,https://open.spotify.com/track/1es7SpekMUeMAIlG4iEJKX,,,
7556,playlists,,No Warning (feat. Shaé Universe),"WESTSIDE BOOGIE, Shae Universe",2019,https://open.spotify.com/track/0LGU5IvoXwGfRpbgr09UsJ,,,
7557,playlists,,Time (feat. Snoh Aalegra),"WESTSIDE BOOGIE, Snoh Aalegra",2019,https://open.spotify.com/track/0zrK5pcePHSPGvKr34DbxV,,,
7558,playlists,,Mr. T,Westside Gunn,2016,https://open.spotify.com/track/07ZC0qJ896Hc3VPPPq1ckD,,,
7559,playlists,,Super Kick Party,Westside Gunn,2022,https://open.spotify.com/track/2VYVBm7RaE1iM5xju2SCWN,,,
7560,playlists,,Lil Cease (feat. Armani Caesar),"Westside Gunn, Armani Caesar",2020,https://open.spotify.com/track/6ODZEW7gTfbMQgoQq1oLgS,,,
7561,playlists,,KITCHEN LIGHTS,"Westside Gunn, Stove God Cooks",2023,https://open.spotify.com/track/4mlP10ICLhXt2QmUf0GkpB,,,
7562,playlists,,Young Bodies,Westward the Tide,2014,https://open.spotify.com/track/17SBnQ4zFJWD9MtbWF2B8C,,,
7563,playlists,,mangetout,Wet Leg,2026,https://open.spotify.com/track/2i0jbBhPM5SQ44Vvs5dRVF,,,
7564,playlists,,Teenage Dirtbag,Wheatus,1999,https://open.spotify.com/track/25FTMokYEbEWHEdss5JLZS,,,
7565,playlists,,When I'm Down,"Whethan, Oliver Tree",2016,https://open.spotify.com/track/556l9P7WVZVyYUBjT1YFTT,,,
7566,playlists,,How Will I Know,Whitney Houston,1985,https://open.spotify.com/track/5tdKaKLnC4SgtDZ6RlWeal,,,
7567,playlists,,I Wanna Dance with Somebody (Who Loves Me),Whitney Houston,1987,https://open.spotify.com/track/2tUBqZG2AbRi7Q0BIrVrEj,,,
7568,playlists,,Prime Time,"WHOiSEE, Flowdan",2023,https://open.spotify.com/track/6FnMah3FDQdPJNxuYUiG83,,,
7569,playlists,,hey fever,Whu Else,2026,https://open.spotify.com/track/6bSxzviDdul5AvB0PrjIJl,,,
7570,playlists,,I'm Not Daddy,Whu Else,2020,https://open.spotify.com/track/43v39seNbFCY7ACuolLu5C,,,
7571,playlists,,Dance Around the Fire,Why These Coyotes,2017,https://open.spotify.com/track/6oDXwSPWcp7KT2B3funF8y,,,
7572,playlists,,Caffeine,"Wicca Phase Springs Eternal, Clams Casino, fish narc",2018,https://open.spotify.com/track/5OhibwOPlDJtT8ixse0Vrz,,,
7573,playlists,,Dead Star,"Wicca Phase Springs Eternal, Clams Casino, fish narc",2018,https://open.spotify.com/track/0ADV79ZGEcaiuUkzASGeAp,,,
7574,playlists,,Mystery,"Wicca Phase Springs Eternal, Clams Casino, fish narc",2018,https://open.spotify.com/track/6rUnQSAmgeq1nrSKhwvjCW,,,
7575,playlists,,Return Year,"Wicca Phase Springs Eternal, Clams Casino, fish narc",2018,https://open.spotify.com/track/1khZipdIbYekPzkyHr5ON1,,,
7576,playlists,,Spider Web,"Wicca Phase Springs Eternal, Clams Casino, fish narc",2018,https://open.spotify.com/track/1QQjQ1V1ic4EQjVlXRTmTV,,,
7577,playlists,,100 Ways,Wifisfuneral,2018,https://open.spotify.com/track/208nOezZpEPk49FIJhIvM9,,,
7578,playlists,,25 Lighters,Wifisfuneral,2018,https://open.spotify.com/track/4TrB7JA5DXHn4GvrZSWCw4,,,
7579,playlists,,Alone As A Facetat,Wifisfuneral,2018,https://open.spotify.com/track/466AejgNTcFIJht4mf8ybM,,,
7580,playlists,,Been 2 Hell & Back,Wifisfuneral,2018,https://open.spotify.com/track/2gmbOLYW6ge3oKMtTZatvk,,,
7581,playlists,,Connection,Wifisfuneral,2018,https://open.spotify.com/track/5AhmqJ19SviVVKTSeDiIKP,,,
7582,playlists,,Ever Seen A Demon,Wifisfuneral,2018,https://open.spotify.com/track/5QwPeHNe6neSBm2w3vRHGw,,,
7583,playlists,,Genesis,Wifisfuneral,2018,https://open.spotify.com/track/60C8oElMkAscOBk7tBaCxd,,,
7584,playlists,,IMVU,Wifisfuneral,2018,https://open.spotify.com/track/3l0zCxVriY43haW2Zu8eB5,,,
7585,playlists,,Loading Withdrawals,Wifisfuneral,2018,https://open.spotify.com/track/6uOoCzhI0HvAcR6yRgJGM7,,,
7586,playlists,,Suicide Note,Wifisfuneral,2018,https://open.spotify.com/track/67EJpIN4WR8Q5R1k30AlU3,,,
7587,playlists,,Pain (feat. beta.files),"Wifisfuneral, beta.files",2018,https://open.spotify.com/track/55sZBBVupYygFVNxgbHqNy,,,
7588,playlists,,Knots (feat. Jay Critch),"Wifisfuneral, Jay Critch",2018,https://open.spotify.com/track/2LAeLlkFhKXUlQkALlpwdu,,,
7589,playlists,,Don't Touch Me (feat. KEY),"Wifisfuneral, KEY!",2018,https://open.spotify.com/track/5hCjqEyTxhzc4ApKchwIgU,,,
7590,playlists,,LilSkiesFuneral (feat. Lil Skies),"Wifisfuneral, Lil Skies",2018,https://open.spotify.com/track/50SH0SOOT52pJ651u5HTFv,,,
7591,playlists,,Every Fucking Pill in the World (feat. UnoTheActivist),"Wifisfuneral, UnoTheActivist",2018,https://open.spotify.com/track/6v5NguMogfcgMHn75dOSf0,,,
7592,playlists,,Juveniles (feat. YBN Nahmir),"Wifisfuneral, YBN Nahmir",2018,https://open.spotify.com/track/3Sn3VXRunfkex2Jx490Oo4,,,
7593,playlists,,Pink Skies (Demo),Wiley from Atlanta,2018,https://open.spotify.com/track/4NeHCGpTPVCudqVpJiT7O9,,,
7594,playlists,,Daybreak,Will Clipman,2016,https://open.spotify.com/track/4qkOKDO5x8sYXg0xZen1Ao,,,
7595,playlists,,Gettin' Jiggy Wit It,Will Smith,1997,https://open.spotify.com/track/0weAUscowxeqDtpCgtbpgp,,,
7596,playlists,,Miami,Will Smith,1997,https://open.spotify.com/track/6e8Ou0wiqAzIpWb2eSxll8,Miami,city,high
7597,playlists,,don't look at me!,William Crooks,2020,https://open.spotify.com/track/7Jevry2udc6oqg6RNpmcl8,,,
7598,playlists,,Whip My Hair,WILLOW,2010,https://open.spotify.com/track/4Dio1t8RHzLv1nfPJTSZyP,,,
7599,playlists,,Reception - Remastered 1993,Wings,1979,https://open.spotify.com/track/1rHvKz5JPpCf9IJDHsyX8P,,,
7600,playlists,,She’s My Baby - 2014 Remaster,Wings,1976,https://open.spotify.com/track/0zUb5MPkQCcDxqTkXiEIud,,,
7601,playlists,,Complicated (feat. Young Franco),"Winston Surfshirt, Young Franco",2022,https://open.spotify.com/track/2TdAhpmGqB1DhzI0Auo9lq,,,
7602,playlists,,Ass Drop,Wiz Khalifa,2014,https://open.spotify.com/track/39qglQ8yU7fI8tJVLrQuh2,,,
7603,playlists,,Black and Yellow,Wiz Khalifa,2010,https://open.spotify.com/track/6NdkIejC39Pcwg9Buw5f2B,,,
7604,playlists,,No Sleep,Wiz Khalifa,2011,https://open.spotify.com/track/2kzRSiyignH8yzPTrWvyPo,,,
7605,playlists,,Getting Loose (feat. Problem),"Wiz Khalifa, Curren$y, JasonMartin",2019,https://open.spotify.com/track/68Dn0JWMUBcc7iq7CAeWZ9,,,
7606,playlists,,The Thrill,"Wiz Khalifa, Empire Of The Sun",2020,https://open.spotify.com/track/56oGoEjA9eTZYgsttEFKY3,,,
7607,playlists,,Come Closer (feat. Drake),"Wizkid, Drake",2017,https://open.spotify.com/track/2f9LSU0aBW04w6KL26DW8r,Comé,city,medium
7608,playlists,,Essence (feat. Tems),"Wizkid, Tems",2020,https://open.spotify.com/track/5FG7Tl93LdH117jEKYl3Cm,,,
7609,playlists,,Just Two Girls,Wolf Alice,2025,https://open.spotify.com/track/5yKfoYiHtMr7v6A1dk5ooh,,,
7610,playlists,,C.R.E.A.M. (Cash Rules Everything Around Me),Wu-Tang Clan,1993,https://open.spotify.com/track/119c93MHjrDLJTApCVGpvx,,,
7611,playlists,,Wu-Tang Clan Ain't Nuthing ta F' Wit,Wu-Tang Clan,1993,https://open.spotify.com/track/24vNw0Z0srb4zYXwrakw8E,,,
7612,playlists,,"Gravel Pit (feat. RZA, Method Man, Ghostface Killah, Raekwon & U-God)","Wu-Tang Clan, RZA, Method Man, Ghostface Killah, Raekwon, U-God",2004,https://open.spotify.com/track/2tNmhDlMbwQZLxQtWMt2EU,,,
7613,playlists,,"Sweetest Girl (Dollar Bill) (feat. Akon, Lil' Wayne & Niia)","Wyclef Jean, Akon, Lil Wayne, Niia",2007,https://open.spotify.com/track/4liGjmhCupa7RP9JaQELYx,,,
7614,playlists,,TENSION,XKYLAR,2025,https://open.spotify.com/track/4w6M27fdKisbrrK6E7sTDA,,,
7615,playlists,,King of the Fall,XO,2017,https://open.spotify.com/track/03jfUHaM4M2XIoQ7WeVmpg,,,
7616,playlists,,Hardstyle Melody,XS Project,2018,https://open.spotify.com/track/71mVLARYn1XLe97uKGkvD2,,,
7617,playlists,,Ayala (Outro),XXXTENTACION,2017,https://open.spotify.com/track/5xbrhx2tMMcN68IT3cJbhS,,,
7618,playlists,,Carry On,XXXTENTACION,2017,https://open.spotify.com/track/2yZax79pOrYuyIFVW2cZY2,,,
7619,playlists,,Dead Inside (Interlude),XXXTENTACION,2017,https://open.spotify.com/track/2vQwlW8H1jFveGNXwZfJCV,,,
7620,playlists,,Depression & Obsession,XXXTENTACION,2017,https://open.spotify.com/track/2H3wWrnO758y0fPH7Ilerg,,,
7621,playlists,,Everybody Dies In Their Nightmares,XXXTENTACION,2017,https://open.spotify.com/track/3GVkPk8mqxz0itaAriG1L7,,,
7622,playlists,,Jocelyn Flores,XXXTENTACION,2017,https://open.spotify.com/track/7m9OqQk4RVRkw9JJdeAw96,Flores,city,medium
7623,playlists,,Look At Me!,XXXTENTACION,2017,https://open.spotify.com/track/7floNISpH8VF4z4459Qo18,,,
7624,playlists,,Orlando,XXXTENTACION,2017,https://open.spotify.com/track/05bnEv2dpFzmGVLGdjD9UP,Orlando,city,high
7625,playlists,,Revenge,XXXTENTACION,2017,https://open.spotify.com/track/5TXDeTFVRVY7Cvt0Dw4vWW,,,
7626,playlists,,SAD!,XXXTENTACION,2018,https://open.spotify.com/track/35ieKju5aLWFN5UgfJ27mL,,,
7627,playlists,,Save Me,XXXTENTACION,2017,https://open.spotify.com/track/2UwbhMie1EAYuTZ0QXeMwl,Savé,city,medium
7628,playlists,,The Explanation,XXXTENTACION,2017,https://open.spotify.com/track/0VJYhKhrHgJ7fgjGaC2k07,,,
7629,playlists,,Daemons (feat. Joey Bada$$),"XXXTENTACION, Kemba, Joey Bada$$",2019,https://open.spotify.com/track/4CuxcBpQnw3Itmp5VQoCHj,,,
7630,playlists,,bad vibes forever,"XXXTENTACION, PnB Rock, Trippie Redd",2019,https://open.spotify.com/track/69dXVFCMiz3SL1L7M24NdX,,,
7631,playlists,,FUXK (feat. Ski Mask the Slump God),"XXXTENTACION, Ski Mask The Slump God",2022,https://open.spotify.com/track/2y55JzTDe2kFDChkBZUOUS,,,
7632,playlists,,Fuck Love,"XXXTENTACION, Trippie Redd",2017,https://open.spotify.com/track/7AQim7LbvFVZJE3O8TYgf2,,,
7633,playlists,,X,Xzibit,2000,https://open.spotify.com/track/07uqmggxN7OnuwF94X8t0h,,,
7634,playlists,,Lalala,"Y2K, bbno$",2019,https://open.spotify.com/track/07rmSXN6vNoquX1AsWd9pP,,,
7635,playlists,,"Go Dumb (feat. blackbear, The Kid LAROI and Bankrol Hayden)","Y2K, The Kid LAROI, blackbear, Bankrol Hayden",2020,https://open.spotify.com/track/64YAQSR4jfmtHeJudcQix2,,,
7636,playlists,,Raingurl,Yaeji,2017,https://open.spotify.com/track/4XXfQ8fBHMIgcygY4hV6RC,,,
7637,playlists,,Bounce Out With That,YBN Nahmir,2018,https://open.spotify.com/track/2iWEpiPiIPf5D4f2UGBlrZ,,,
7638,playlists,,Pop Like This (feat. Yo Gotti),"YBN Nahmir, Yo Gotti",2020,https://open.spotify.com/track/08IXH3AAMj86nwvmJQaGBM,,,
7639,playlists,,Heads Will Roll - A-Trak Radio Edit,"Yeah Yeah Yeahs, A-Trak",2009,https://open.spotify.com/track/5c7jkZ4daUcLIrKiyQGt8B,,,
7640,playlists,,Breathe,Yeat,2024,https://open.spotify.com/track/5NAOhPAZ57eFAXr3qatS6i,,,
7641,playlists,,As We Speak (feat. Drake),"Yeat, Drake",2024,https://open.spotify.com/track/6uFG0BRd3BaonWjEGuHYAh,,,
7642,playlists,,Lyfestylë (with Lil Wayne),"Yeat, Lil Wayne",2024,https://open.spotify.com/track/15qRV1yUqFR6ViOwxoopod,,,
7643,playlists,,Headlocc (feat. Young Thug),"Yella Beezy, Young Thug",2020,https://open.spotify.com/track/32lECHmQimK363xwXhRUJq,,,
7644,playlists,,Noir - Mason Remix,"Yelle, Mason",2021,https://open.spotify.com/track/3aeFPchN9owLtbC9Zg9COy,,,
7645,playlists,,Both of Us (feat. Rick Ross & Layton Greene),"YFN Lucci, Layton Greene, Rick Ross",2020,https://open.spotify.com/track/0kVnwg7kj1M50OkOKyB5oq,,,
7646,playlists,,10 TIMES,YG,2018,https://open.spotify.com/track/0SDrD96V1uEJLptciyML9s,,,
7647,playlists,,Alone,YG,2022,https://open.spotify.com/track/4QAGZ4ikVFkvEGIXzNFEae,,,
7648,playlists,,BOMPTOWN FINEST,YG,2018,https://open.spotify.com/track/3AT4akM1Oj1dfCb0ZA9cdy,,,
7649,playlists,,Bottle Service,YG,2019,https://open.spotify.com/track/0MRhKGA87dwWtoit9pQ4xY,,,
7650,playlists,,BPT,YG,2014,https://open.spotify.com/track/1tdc73ozehKPyRWRKs0lja,,,
7651,playlists,,CANT GET IN KANADA,YG,2018,https://open.spotify.com/track/3Wv6AagA0qqWH7nRDrkgh7,,,
7652,playlists,,DEEPER THAN RAP,YG,2018,https://open.spotify.com/track/1oHVEh0DgUZfg8tK5DfYvm,Thān,city,medium
7653,playlists,,FREE THE HOMIES INTERLUDE,YG,2018,https://open.spotify.com/track/07Vha7VGeFalBfeJSaRIjs,,,
7654,playlists,,Hard Bottoms & White Socks,YG,2019,https://open.spotify.com/track/6CX0WrNFDyA5xM3wqWFAZV,,,
7655,playlists,,In The Dark,YG,2019,https://open.spotify.com/track/6l26j7uCiDstBiYTuiaInV,,,
7656,playlists,,Jealous,YG,2020,https://open.spotify.com/track/6tNnz0d4tijmTed5YB434Q,,,
7657,playlists,,Laugh Now Kry Later!,YG,2020,https://open.spotify.com/track/3I8lepBVkxvZTJSpjqxY7A,,,
7658,playlists,,My Last Words - Nipsey Tribute,YG,2019,https://open.spotify.com/track/4qavlid0RdUAzQNiJlJxRP,,,
7659,playlists,,Out On Bail,YG,2020,https://open.spotify.com/track/1ylymaTbSjggG7TaItdRkI,,,
7660,playlists,,PUSSY MONEY FAME,YG,2018,https://open.spotify.com/track/0x5ptUe0lw50eIRUGBfsb8,,,
7661,playlists,,Sign Language,YG,2021,https://open.spotify.com/track/5CiYxsCieteb5iMjrHAkvV,,,
7662,playlists,,Still Brazy,YG,2016,https://open.spotify.com/track/3ku6p6J1RrdJ9psKJMqWvi,,,
7663,playlists,,Stop Snitchin,YG,2019,https://open.spotify.com/track/5IjRKZlpKVBBRn0COL7pik,,,
7664,playlists,,SUU WHOOP,YG,2018,https://open.spotify.com/track/6JzvfFCIFT1CbbHE1pDNBU,,,
7665,playlists,,SWAG,YG,2020,https://open.spotify.com/track/2ap9kKsIEiWa4bzsjqACEx,,,
7666,playlists,,TOO COCKY,YG,2018,https://open.spotify.com/track/7GG1QIQ547taCwl1uLaTf5,,,
7667,playlists,,Twist My Fingaz,YG,2016,https://open.spotify.com/track/0evVIHGlp94jOUMvoQZRVD,,,
7668,playlists,,"BIG BANK (feat. 2 Chainz, Big Sean, Nicki Minaj)","YG, 2 Chainz, Big Sean, Nicki Minaj",2018,https://open.spotify.com/track/0ZNrc4kNeQYD9koZ3KvCsy,Bānk,city,medium
7669,playlists,,"Big Bank feat. 2 Chainz, Big Sean, Nicki Minaj","YG, 2 Chainz, Big Sean, Nicki Minaj",2018,https://open.spotify.com/track/2RM4jf1Xa9zPgMGRDiht8O,Bānk,city,medium
7670,playlists,,I Be On,"YG, 21 Savage",2016,https://open.spotify.com/track/3mNyhvYD3aYqIAFdJ75y9q,,,
7671,playlists,,HANDGUN (feat. A$AP Rocky),"YG, A$AP Rocky",2018,https://open.spotify.com/track/50wkDxcIfamIajKwmgp0iB,,,
7672,playlists,,Rodeo,"YG, Chris Brown, Tyga",2020,https://open.spotify.com/track/04gB2NYWm9swlor2ZPcB9k,,,
7673,playlists,,Blood Walk,"YG, D3szn, Lil Wayne",2020,https://open.spotify.com/track/5GzA5A7JD6ZIJSx8HC2PSR,,,
7674,playlists,,Equinox (feat. Day Sulan),"YG, Day Sulan",2020,https://open.spotify.com/track/0ofwuHNP3i3qaSP3rl7DsI,,,
7675,playlists,,Her Story (feat. Day Sulan),"YG, Day Sulan",2019,https://open.spotify.com/track/56HstIDSYUSf7FR9LI9IJQ,,,
7676,playlists,,Who Do You Love?,"YG, Drake",2014,https://open.spotify.com/track/7ngdkrVQPgP3AoIxUrTpHT,,,
7677,playlists,,Why You Always Hatin?,"YG, Drake, Kamaiyah",2016,https://open.spotify.com/track/4ezAjoV01phDz1SqO6SzEU,,,
7678,playlists,,I Dance (feat. Duki & Cuco),"YG, Duki, Cuco",2022,https://open.spotify.com/track/4C9ySJUmAXiaroo91BeFDH,,,
7679,playlists,,Scared Money (feat. J. Cole and Moneybagg Yo),"YG, J. Cole, Moneybagg Yo",2022,https://open.spotify.com/track/4heBcjj4Lw3X2sQVFNbLbz,,,
7680,playlists,,BULLETPROOF (feat. Jay 305),"YG, Jay 305",2018,https://open.spotify.com/track/1qUdAB72nSWPZwDqH9KMYD,,,
7681,playlists,,"Do Not Disturb (feat. Kamaiyah, G-Eazy)","YG, Kamaiyah, G-Eazy",2019,https://open.spotify.com/track/0nCjciaA68cHNBRA1C8GXN,,,
7682,playlists,,"Do Yo Dance (feat. Kamaiyah, RJ, Mitch, Ty Dolla $ign)","YG, Kamaiyah, RJ, Mitch, Ty Dolla $ign",2019,https://open.spotify.com/track/4ABM7D05ULpP8CGyuDJ1Yg,,,
7683,playlists,,Konclusions,"YG, Kehlani",2020,https://open.spotify.com/track/5SON8GFVi5chitOTgM8QIe,,,
7684,playlists,,"Heart 2 Heart (feat. Meek Mill, Arin Ray, Rose Gold)","YG, Meek Mill, Arin Ray, Rose Gold",2019,https://open.spotify.com/track/4DZYw8xlfErmEvjV5BR2I7,,,
7685,playlists,,Bompton to Oak Park,"YG, Mozzy",2021,https://open.spotify.com/track/0q4fs6uTg6Ve9m3fuqKrkU,Oak Park,city,high
7686,playlists,,TOO BRAZY (feat. Mozzy),"YG, Mozzy",2018,https://open.spotify.com/track/6LY76noIpnHZc1oEEnFqUh,,,
7687,playlists,,Drop A Location,"YG, Mozzy, A Boogie Wit da Hoodie",2021,https://open.spotify.com/track/4UBicDBC9UqwGau3sWIw86,,,
7688,playlists,,Perfect Timing,"YG, Mozzy, Blxst",2021,https://open.spotify.com/track/5RMuBon0mBTvWycelbJqaM,,,
7689,playlists,,SLAY (feat. Quavo),"YG, Quavo",2018,https://open.spotify.com/track/33NEAJosK5zyLY2D4OG7AE,,,
7690,playlists,,Keshia Had A Baby (feat. Rose Gold),"YG, Rose Gold",2019,https://open.spotify.com/track/7Me3i3btcfoCNftr11iKtf,,,
7691,playlists,,Play Too Much (feat. SAFE),"YG, SAFE",2019,https://open.spotify.com/track/4WMJQOTXMeBtVCj5YIKcgU,,,
7692,playlists,,I Just Wanna Party,"YG, ScHoolboy Q, Jay Rock",2014,https://open.spotify.com/track/1ZX8sOGnVyE5FZBh1oKzZa,,,
7693,playlists,,Me & My Bitch,"YG, Tory Lanez",2014,https://open.spotify.com/track/2vxHMyX15vvnG1P3IxzCE3,,,
7694,playlists,,POWER (feat. Ty Dolla $ign),"YG, Ty Dolla $ign",2018,https://open.spotify.com/track/4QL6NHf6sl3Sx58AFKc1GQ,,,
7695,playlists,,"Run (feat. Tyga, 21 Savage & BIA)","YG, Tyga, 21 Savage, BIA",2022,https://open.spotify.com/track/7ItXHU9yVm8AUkMyo4kffF,,,
7696,playlists,,"Go Loko (feat. Tyga, Jon Z)","YG, Tyga, Jon Z",2019,https://open.spotify.com/track/1kK6DwzyXJSp58u5HYWwuD,,,
7697,playlists,,"I Was On The Block (feat. Valee, Boogie)","YG, Valee, WESTSIDE BOOGIE",2019,https://open.spotify.com/track/5Eg7NBrJKmyn22nPVaft0E,,,
7698,playlists,,666 (feat. YoungBoy Never Broke Again),"YG, YoungBoy Never Broke Again",2018,https://open.spotify.com/track/3R2fdTDtARC4xwKSG0rNWE,,,
7699,playlists,,Bootleggers,YGTUT,2020,https://open.spotify.com/track/6PfJgjfYXPvxKmRzBdl2rH,,,
7700,playlists,,G35,"YGTUT, Isaiah Rashad",2016,https://open.spotify.com/track/12whPvsw1oxuuwlD27mTeb,,,
7701,playlists,,Wait (The Whisper Song),Ying Yang Twins,2005,https://open.spotify.com/track/5Y78yINSOCW6xbOfGWNBg4,,,
7702,playlists,,Salt Shaker,"Ying Yang Twins, Lil Jon & The East Side Boyz",2003,https://open.spotify.com/track/4Kd0FzFpOgIGxlBl4HXuFn,,,
7703,playlists,,50k,YNG Martyr,2023,https://open.spotify.com/track/0xbReDSQvm20f1PKsos4bh,,,
7704,playlists,,Thugged Out (feat. Kodak Black),"YNW Melly, Kodak Black",2021,https://open.spotify.com/track/1rICTKr67UUnoDVvOj4A8c,,,
7705,playlists,,Mind of Melvin (feat. Lil Uzi Vert),"YNW Melly, Lil Uzi Vert",2021,https://open.spotify.com/track/5xyLeb2q1lxDf7hXKYlC1H,,,
7706,playlists,,Down In the DM,Yo Gotti,2016,https://open.spotify.com/track/3i6qNqLch3JCshgdKzNPxY,,,
7707,playlists,,Rake It Up,"Yo Gotti, Nicki Minaj",2017,https://open.spotify.com/track/6c7D34787LOtPm8tzhsLgH,,,
7708,playlists,,Farewell To The Moon - PROFF Remix,"YORK, PROFF",2021,https://open.spotify.com/track/4vqPzuJzaAjTHWzTK4uIQl,,,
7709,playlists,,Letter,Yosi Horikawa,2012,https://open.spotify.com/track/6APBnfCBZmyJKaocgPY6MX,,,
7710,playlists,,Major (feat. Key Glock),"Young Dolph, Key Glock",2018,https://open.spotify.com/track/4PhNipxELUmBZcOWgafzAx,,,
7711,playlists,,Wake Up,"Young Franco, Master Peace",2024,https://open.spotify.com/track/1m8jhrWGlDXOWI2l8JG9Lk,,,
7712,playlists,,Juice,"Young Franco, Pell",2020,https://open.spotify.com/track/3BINSFSuHalV8yoX3zAVbl,,,
7713,playlists,,OOOUUU,Young M.A,2016,https://open.spotify.com/track/0D21XvHcVsIvJM6FcGY2BT,,,
7714,playlists,,Bust A Move,Young MC,1989,https://open.spotify.com/track/2EwS2VaAsnGrwMkpJaIjug,,,
7715,playlists,,Every Girl,Young Money,2009,https://open.spotify.com/track/6klZDCEsQzMELAPyovvpUw,,,
7716,playlists,,Trophies,"Young Money, Drake",2014,https://open.spotify.com/track/6HfOzLLjsaXsehIFEsrxTk,,,
7717,playlists,,BedRock,"Young Money, Lloyd",2009,https://open.spotify.com/track/3iL2l5gUqyPS6vDwJFgJTR,,,
7718,playlists,,Peaches & Eggplants (feat. 21 Savage),"Young Nudy, 21 Savage",2023,https://open.spotify.com/track/1KUZ33cOqk3X4Ezk0aZnVp,,,
7719,playlists,,Pots N Pans (feat. Lil Duke & NAV),"Young Stoner Life, Duke, nav",2021,https://open.spotify.com/track/17aAxnrJARm39LVoaaT97J,,,
7720,playlists,,Solid (feat. Drake),"Young Stoner Life, Young Thug, Gunna, Drake",2021,https://open.spotify.com/track/6rTInqW3YECMkQsBEHw4sd,,,
7721,playlists,,Diamonds Dancing (feat. Travis Scott),"Young Stoner Life, Young Thug, Gunna, Travis Scott",2021,https://open.spotify.com/track/78c7BcbeDgKJjpBqmfrcBg,,,
7722,playlists,,That Go! (feat. T-Shyne),"Young Stoner Life, Young Thug, Meek Mill, T-Shyne",2021,https://open.spotify.com/track/4X4cPQicoAfannkUFUXmi9,,,
7723,playlists,,Best Friend,Young Thug,2015,https://open.spotify.com/track/33JcUj9qQDayKswunZP9ar,,,
7724,playlists,,Check,Young Thug,2015,https://open.spotify.com/track/1jk9c0gZI0wbn5GvAj7PBV,,,
7725,playlists,,Contagious,Young Thug,2021,https://open.spotify.com/track/2A3rpB8ZDbBG7ecVUDIcsE,,,
7726,playlists,,Daddy's Birthday,Young Thug,2017,https://open.spotify.com/track/347hgqCHnL4GfgVX5hZfNv,,,
7727,playlists,,Digits,Young Thug,2016,https://open.spotify.com/track/4cg1yakyRSIOjxKM2I7J1q,,,
7728,playlists,,Do U Love Me,Young Thug,2017,https://open.spotify.com/track/0whCNZKidgBNhuPW41vYpg,,,
7729,playlists,,Drippin',Young Thug,2016,https://open.spotify.com/track/0f85bMoarvHbdIcfhDjSjN,,,
7730,playlists,,Droppin Jewels,Young Thug,2021,https://open.spotify.com/track/3q8Uyfo98yoEqByamJOIkJ,,,
7731,playlists,,Feel It,Young Thug,2017,https://open.spotify.com/track/2BAmF6QyK5IYEOp1TFmt0u,,,
7732,playlists,,From A Man,Young Thug,2023,https://open.spotify.com/track/7M3dwTlDdPkL7rl3lQDNQf,,,
7733,playlists,,Future Swag,Young Thug,2016,https://open.spotify.com/track/1ckxFDBKrcepE6pDmayXzP,,,
7734,playlists,,Halftime,Young Thug,2015,https://open.spotify.com/track/4BP0An7SXctTY4kF41JxIQ,,,
7735,playlists,,Harambe,Young Thug,2016,https://open.spotify.com/track/1yKLa9X63tBfvLojNOw9y8,,,
7736,playlists,,Hate The Game,Young Thug,2021,https://open.spotify.com/track/7xfueRdAGnr8pKEIhkGcc8,,,
7737,playlists,,Icey,Young Thug,2018,https://open.spotify.com/track/2sNrTfdjbYiLL5xtYwUALB,,,
7738,playlists,,Just How It Is,Young Thug,2019,https://open.spotify.com/track/5KYhIFNTp4VQUqlsbLWTTu,,,
7739,playlists,,Me or Us,Young Thug,2017,https://open.spotify.com/track/0JaN65P0DapRjboDEv2g08,,,
7740,playlists,,Oh Yeah,Young Thug,2017,https://open.spotify.com/track/7FjxdLxJkOV5cHOrttx5Ft,,,
7741,playlists,,On Fire,Young Thug,2017,https://open.spotify.com/track/07YlTLGFG2LsTkqGFwY5jC,,,
7742,playlists,,RiRi,Young Thug,2016,https://open.spotify.com/track/20rZiHL20MTJjfhLQZQsm4,,,
7743,playlists,,Stupid/Asking,Young Thug,2021,https://open.spotify.com/track/5UZxoK9vuNm5uXzIpE4nC7,,,
7744,playlists,,Swizz Beatz,Young Thug,2016,https://open.spotify.com/track/539wfGOsGcRmT1IBVUfiJV,,,
7745,playlists,,Take Care,Young Thug,2017,https://open.spotify.com/track/1mB1N8BVAN3BeyOes2uj1E,,,
7746,playlists,,Tick Tock,Young Thug,2021,https://open.spotify.com/track/3JXebpWufTcs8iegiRCBW7,,,
7747,playlists,,With Them,Young Thug,2016,https://open.spotify.com/track/0tISnxqgVmxqhVghsTi2Rr,,,
7748,playlists,,Wyclef Jean,Young Thug,2016,https://open.spotify.com/track/55OdqrG8WLmsYyY1jijD9b,,,
7749,playlists,,Climax (feat. 6lack),"Young Thug, 6LACK",2018,https://open.spotify.com/track/4N9QsmvQJcGwJHAmDmBttU,,,
7750,playlists,,Old English,"Young Thug, A$AP Ferg, Freddie Gibbs",2014,https://open.spotify.com/track/7hcjkFjIyw8vsUOVIDlcmS,,,
7751,playlists,,Liger,"Young Thug, Carnage, Young Stoner Life",2017,https://open.spotify.com/track/5Nv3x5T9qpqD8KxskUFbkB,,,
7752,playlists,,Oh U Went (feat. Drake),"Young Thug, Drake",2023,https://open.spotify.com/track/7qLr3HMApUbyDkUvgIvHnB,,,
7753,playlists,,Bubbly (with Drake & Travis Scott),"Young Thug, Drake, Travis Scott",2021,https://open.spotify.com/track/4KDNRh9Oor80z3XIxdWlui,,,
7754,playlists,,Webbie (feat. Duke),"Young Thug, Duke",2016,https://open.spotify.com/track/6pRkwu4Pt9d7Ki6g4ppOYj,,,
7755,playlists,,High (feat. Elton John),"Young Thug, Elton John",2018,https://open.spotify.com/track/7iMDaY1LnASwCk2uUpMtii,,,
7756,playlists,,Cars Bring Me Out (feat. Future),"Young Thug, Future",2023,https://open.spotify.com/track/2Okh2n1EHlGhviAYv75MOB,,,
7757,playlists,,Relationship (feat. Future),"Young Thug, Future",2017,https://open.spotify.com/track/25oOaleife6E2MIKmFkPvg,,,
7758,playlists,,Tomorrow 'Til Infinity (feat. Gunna),"Young Thug, Gunna",2017,https://open.spotify.com/track/6Zm6fxOVPzyArjrNPx9LRe,,,
7759,playlists,,"Love You More (with Nate Ruess, Gunna & Jeff Bhasker)","Young Thug, Gunna, Jeff Bhasker, Nate Ruess",2021,https://open.spotify.com/track/4pUxYUHVKXWsgGhEhOu7R9,,,
7760,playlists,,The London (feat. J. Cole & Travis Scott),"Young Thug, J. Cole, Travis Scott",2019,https://open.spotify.com/track/7DcvwMAiqKJQD1rrdfxSDx,London,city,high
7761,playlists,,Beat It,"Young Thug, Jacquees",2017,https://open.spotify.com/track/1QQasRIKWL2IaVqVL6q3Xl,,,
7762,playlists,,For Y'all (feat. Jacquees),"Young Thug, Jacquees",2017,https://open.spotify.com/track/5e5LyZy3k83xTQKnerVrif,,,
7763,playlists,,Sin (feat. Jaden Smith),"Young Thug, Jaden",2018,https://open.spotify.com/track/1Jl21sidRpEdlVBvYbssLx,,,
7764,playlists,,Bad Bad Bad (feat. Lil Baby),"Young Thug, Lil Baby",2019,https://open.spotify.com/track/1GeNui6m825V8jP4uKiIaH,,,
7765,playlists,,Get High (feat. Snoop Dogg & Lil Durk),"Young Thug, Lil Durk, Snoop Dogg",2017,https://open.spotify.com/track/1X4PsdScsMExfuNFPLNcTT,,,
7766,playlists,,Day Before (with Mac Miller),"Young Thug, Mac Miller",2021,https://open.spotify.com/track/2eYsZ2JEq63Q0S8LQVscBm,,,
7767,playlists,,Ecstasy (feat. Machine Gun Kelly),"Young Thug, mgk",2019,https://open.spotify.com/track/1yBbxDXEfr8boXM1ubvBHi,,,
7768,playlists,,Family Don't Matter (feat. Millie Go Lightly),"Young Thug, Millie Go Lightly",2017,https://open.spotify.com/track/445YTBOjx9kYThBepGA9au,,,
7769,playlists,,She Wanna Party (feat. Millie Go Lightly),"Young Thug, Millie Go Lightly",2017,https://open.spotify.com/track/3WL6yCfh0zw2MxVSWSe0G1,,,
7770,playlists,,Anybody (feat. Nicki Minaj),"Young Thug, Nicki Minaj",2018,https://open.spotify.com/track/5I30ByMf5nhgbSokY1EZiN,,,
7771,playlists,,On the Run (feat. Offset),"Young Thug, Offset",2018,https://open.spotify.com/track/04yv0dtqVm9u745efIuxbZ,,,
7772,playlists,,You Said (feat. Quavo),"Young Thug, Quavo",2017,https://open.spotify.com/track/1gUakci7HwPcImtp0i79N3,,,
7773,playlists,,"Guwop (feat. Quavo, Offset and Young Scooter)","Young Thug, Quavo, Offset, Young Scooter",2016,https://open.spotify.com/track/1BSA5I386L2IAmFQURYjIz,,,
7774,playlists,,Real in My Veins (feat. T-Shyne),"Young Thug, T-Shyne",2018,https://open.spotify.com/track/6yMU8B5bngQpBBcYaFWqBC,,,
7775,playlists,,"Floyd Mayweather (feat. Travis Scott, Gucci Mane and Gunna)","Young Thug, Travis Scott, Gucci Mane, Gunna",2016,https://open.spotify.com/track/5ALc7rbru6QOLGodVSDocc,,,
7776,playlists,,Pick Up The Phone (feat. Quavo),"Young Thug, Travis Scott, Quavo",2016,https://open.spotify.com/track/5NAMZI9lVhxNa6AZp3iQVH,,,
7777,playlists,,Kanye West (feat. Wyclef Jean),"Young Thug, Wyclef Jean",2016,https://open.spotify.com/track/5StUs128KSibE16fxntBSL,,,
7778,playlists,,Dream (feat. Yak Gotti),"Young Thug, Yak Gotti",2015,https://open.spotify.com/track/1SkR9g1l9NipSZhZPJsbOT,,,
7779,playlists,,Gain Clout,"Young Thug, Young Stoner Life",2018,https://open.spotify.com/track/4EgL00l7AjD7mWuW4JMJ7r,,,
7780,playlists,,Tsunami,"Young Thug, Young Stoner Life",2018,https://open.spotify.com/track/0GOOWPWqR2N7h3NkDi7oez,,,
7781,playlists,,Chains Choking Me (feat. Gunna),"Young Thug, Young Stoner Life, Gunna",2018,https://open.spotify.com/track/2KG4X41ARZad7B6XczCvgc,,,
7782,playlists,,Chanel (Go Get It) [feat. Gunna & Lil Baby],"Young Thug, Young Stoner Life, Gunna, Lil Baby",2018,https://open.spotify.com/track/0kCBorRrKZkSztd9m0QI3r,,,
7783,playlists,,Alley Oop (feat. Lil Baby),"Yung Gravy, Lil Baby",2018,https://open.spotify.com/track/2GyHLJ238fZx2QkQO9v7nV,,,
7784,playlists,,Red Bottom Sky,Yung Lean,2017,https://open.spotify.com/track/2WloLsoUqp1A0xxNAwoiwh,,,
7785,playlists,,Bliss,"Yung Lean, FKA twigs",2022,https://open.spotify.com/track/2hkGd89f1mtUp19libeWmR,,,
7786,playlists,,Nightmares (feat. Lil Skies),"Yung Pinch, Lil Skies",2019,https://open.spotify.com/track/0qy1xNhQvnRhEpvKxdXYUR,,,
7787,playlists,,Timeout (feat. Pressa),"Yung Tory, Pressa",2020,https://open.spotify.com/track/2GfzaCJKs8DM5jnMCUrpOt,,,
7788,playlists,,Licking An Orchid,"Yves Tumor, james K",2018,https://open.spotify.com/track/3pihS07XVQEavaS9n7kObt,,,
7789,playlists,,Edamame,Zacari,2020,https://open.spotify.com/track/7Dy7izxbxLPATVQQ5VRbS5,,,
7790,playlists,,Foggy Windows,Zacari,2015,https://open.spotify.com/track/0eWxDnXDbsR4h1kVk6rZdy,,,
7791,playlists,,Redemption Interlude,Zacari,2018,https://open.spotify.com/track/4FpfU1O7WCLBnmwu5XAFk4,,,
7792,playlists,,Redemption (with Babes Wodumo),"Zacari, Babes Wodumo",2018,https://open.spotify.com/track/76iVOVsliCHlWqKuDnCfhE,,,
7793,playlists,,Bliss,"Zacari, Isaiah Rashad",2022,https://open.spotify.com/track/1aebqaGuhyOcAtUaf3JvSX,,,
7794,playlists,,Heading South,Zach Bryan,2019,https://open.spotify.com/track/2Dct3GykKZ58hpWRFfe2Qd,,,
7795,playlists,,Pink Skies,Zach Bryan,2024,https://open.spotify.com/track/4ZJ4vzLQekI0WntDbanNC7,,,
7796,playlists,,Plastic Cigarette,Zach Bryan,2026,https://open.spotify.com/track/2jCJjRc9mz6VYBMhLy3H9i,,,
7797,playlists,,Something in the Orange,Zach Bryan,2022,https://open.spotify.com/track/3WMj8moIAXJhHsyLaqIIHI,,,
7798,playlists,,Boys Of Faith (feat. Bon Iver),"Zach Bryan, Bon Iver",2023,https://open.spotify.com/track/4Zj2uX6ApCFK9XzjwIhCIr,,,
7799,playlists,,I Remember Everything (feat. Kacey Musgraves),"Zach Bryan, Kacey Musgraves",2023,https://open.spotify.com/track/4KULAymBBJcPRpk1yO4dOG,,,
7800,playlists,,Purple Gas,"Zach Bryan, Noeline Hofmann",2024,https://open.spotify.com/track/5aMOyUd1vzhMAN1KQ3uZpx,,,
7801,playlists,,DAMN! (with Teezo Touchdown),"Zack Bia, Teezo Touchdown",2024,https://open.spotify.com/track/50mOTTA6ctpuuLsFK1NhtM,,,
7802,playlists,,Jesus Is The One (I Got Depression),"Zack Fox, Kenny Beats",2019,https://open.spotify.com/track/1YR9iNGXtsbrd8deR9ULDD,,,
7803,playlists,,ЗАВОД,ZAPRAVKA,2023,https://open.spotify.com/track/0JCG4FU6reipiFnJ0sGloH,,,
7804,playlists,,PILLOWTALK,ZAYN,2016,https://open.spotify.com/track/0IKK48xF4eEdfofyaeKWWO,,,
7805,playlists,,Still Got Time (feat. PARTYNEXTDOOR),"ZAYN, PARTYNEXTDOOR",2017,https://open.spotify.com/track/000xQL6tZNLJzIrtIgxqSl,,,
7806,playlists,,Dimemories,Zeds Dead,2016,https://open.spotify.com/track/0wbBGWS3zYVuqRK8JmuMXe,,,
7807,playlists,,Me No Care,Zeds Dead,2016,https://open.spotify.com/track/4QZvS3bnUsrWNncalLRxjm,,,
7808,playlists,,Where Did That Go,Zeds Dead,2016,https://open.spotify.com/track/7M8BDz4euuFZVKcinqowub,,,
7809,playlists,,Lights Out,"Zeds Dead, atlas",2016,https://open.spotify.com/track/5FFoKbF8FK0AIC0i5GjSyM,,,
7810,playlists,,Symphony,"Zeds Dead, Charlotte OC",2016,https://open.spotify.com/track/1qJWrMVT9q26icroEXtSdF,,,
7811,playlists,,Blame,"Zeds Dead, Diplo, Elliphant",2016,https://open.spotify.com/track/5eh17lUQtcqtDyHTkNQp19,,,
7812,playlists,,Neck And Neck,"Zeds Dead, Dragonette",2016,https://open.spotify.com/track/1w6qZZhfrImAU2gllRtxo3,,,
7813,playlists,,Already Done,"Zeds Dead, Ghetts",2016,https://open.spotify.com/track/4kw01bD9vCkKRgtjHlTRTm,,,
7814,playlists,,DNA,"Zeds Dead, Jadakiss, Styles P",2016,https://open.spotify.com/track/6IPX7a43PCH17zOr3Sezr0,,,
7815,playlists,,Slow Down,"Zeds Dead, Jenna Pemkowski",2016,https://open.spotify.com/track/4s3KFWXxdIbHyKnuLIImSb,,,
7816,playlists,,This Is Me,"Zeds Dead, Lips",2016,https://open.spotify.com/track/1toCEJ3hJCIISOzYuDRtse,,,
7817,playlists,,Frontlines,"Zeds Dead, NGHTMRE, GG Magree",2016,https://open.spotify.com/track/0c8X4ApJu6CNEXoIb5VKMo,,,
7818,playlists,,Too Young,"Zeds Dead, Rivers Cuomo, Pusha T",2016,https://open.spotify.com/track/1fR961e0W4W2eeRdjfcrNn,,,
7819,playlists,,Loneliness,"Zeds Dead, Twin Shadow",2016,https://open.spotify.com/track/2sFSPBMsnBhxsm9xBY9uYi,,,
7820,playlists,,Stardust,"Zeds Dead, Twin Shadow",2016,https://open.spotify.com/track/6DxT6qWd8P7ZOP5p4urTfv,,,
7821,playlists,,24h In A Disco,"Zerb, Kiki Gyan",2025,https://open.spotify.com/track/1W56N5mZJxIzbPqrrcv452,,,
7822,playlists,,Addicted,"Zerb, The Chainsmokers, Ink",2024,https://open.spotify.com/track/5ZUIPLoTLJZrPQh2kFZEUM,,,
7823,playlists,,I Admit It (feat. 24kGoldn),"ZHU, 24kGoldn",2020,https://open.spotify.com/track/5QUbOFOkbDlt4ZY7bdL4Am,,,
7824,playlists,,Working For It,"ZHU, Skrillex, THEY.",2015,https://open.spotify.com/track/0P6RjFd2HgG2AXJadQuGfE,,,
7825,playlists,,BADASS (with Lil Uzi Vert),"ZillaKami, Lil Uzi Vert",2021,https://open.spotify.com/track/49KSMJh4teJp40VNJeueja,,,
7826,playlists,,Never,"zoahh, TMoney",2021,https://open.spotify.com/track/4jZZP7GCyqIVFP16gosZOf,,,
7827,playlists,,Move Like the Mob (feat. Young Thug & Lil Durk),"Zoey Dollaz, Young Thug, Lil Durk",2017,https://open.spotify.com/track/1t1Hy0Du2z1Wf3kVOW1NZs,,,
7828,playlists,,Kernkraft 400,Zombie Nation,2006,https://open.spotify.com/track/6PUzxtIHkv346yP89NzP9X,,,
7829,playlists,,Hurry,zuezeu,2022,https://open.spotify.com/track/0KKKkRtWNTNMQDNzofaA8h,,,
7830,playlists,,BURN,"¥$, Kanye West, Ty Dolla $ign",2024,https://open.spotify.com/track/04CyMEHliadfQWMUJb1w99,,,
7831,playlists,,DO IT,"¥$, Kanye West, Ty Dolla $ign",2024,https://open.spotify.com/track/2iGvsJuc2mC4mDVOVMNAP6,,,
7832,playlists,,FUK SUMN,"¥$, Kanye West, Ty Dolla $ign",2024,https://open.spotify.com/track/5tEaVciE2GnR28aN6W9cLS,,,
7833,playlists,,GOOD (DON'T DIE),"¥$, Kanye West, Ty Dolla $ign",2024,https://open.spotify.com/track/3Bhcq2VkdOXPTZYX7BzQt0,,,
7834,playlists,,CARNIVAL,"¥$, Kanye West, Ty Dolla $ign, Rich The Kid, Playboi Carti",2024,https://open.spotify.com/track/3w0w2T288dec0mgeZZqoNN,,,
7835,playlists,,Move Your Body,"Öwnboss, Sevek",2021,https://open.spotify.com/track/6GomT970rCOkKAyyrwJeZi,,,
7836,playlists,,messy,Łaszewo,2025,https://open.spotify.com/track/3CPhCNH8rV1czzGSmXm9TH,,,
7837,playlists,,Charmed,"Σtella, Redinho",2022,https://open.spotify.com/track/6DYLWAdxEJvwWmT7EkeDkX,,,
7838,playlists,,Titanic,"Σtella, Redinho",2022,https://open.spotify.com/track/7lirdOcXuV6nIPH1NTNwW8,,,
